id,brand,brewer,breweryId,pref,muni,reg,areaId,f1,f2,f3,f4,f5,f6,rank,tango,umap_x,umap_y,pca_x,pca_y
2,男山,男山,2,北海道,旭川市,道北,1,0.2533544551324909,0.5417531153595495,0.32449018163891613,0.413031788501213,0.42912058865346064,0.4269443361421736,,False,2.855505,3.996665,-0.23793647691480932,1.0812450081769855
3,大雪乃蔵,合同酒精,3,北海道,旭川市,道北,1,0.3115306983210941,0.5347406540272892,0.2923635882101074,0.3820431646361373,0.44067655206782,0.4374606108387046,,False,2.1999981,4.5529637,0.34668013935561975,0.8860165168959068
4,宝川,田中酒造,4,北海道,小樽市,道央,1,0.36161401877084376,0.48004267312588433,0.2748792574372695,0.44137804789596846,0.3634044587847086,0.48616699333482893,,False,2.0455303,5.7029457,0.8545253435522923,0.7836400587781241
9,えぞ乃熊,高砂酒造,6,北海道,旭川市,道北,1,0.3636209987771778,0.5653070417894722,0.2972459299701238,0.428689979168548,0.2743972801348262,0.44808884083717104,,False,3.1956525,7.3506126,0.09016110095673761,-0.3697600502632194
10,国士無双,高砂酒造,6,北海道,旭川市,道北,1,0.29194760028024636,0.5555477751572105,0.31664347174778334,0.4159066739313846,0.38939046826771817,0.42575448536635496,,False,3.2096057,4.878075,-0.1750264238326592,0.6182173548074628
11,北の錦,小林酒造,7,北海道,夕張郡栗山町,道央,1,0.329047593941234,0.54133565763466,0.3489992477700575,0.4693715102559505,0.3329619965387599,0.38171927639515413,,False,4.8549585,6.300791,-0.5726781313825695,0.3957204308113014
12,陸奥八仙,八戸酒造,10,青森県,八戸市,南部（県南）,2,0.4850009179899411,0.48377179415201577,0.20068291924030832,0.27713685443727615,0.3599988747024489,0.532974015110141,29.0,False,-0.45929694,7.820538,2.4400033254371842,-0.27023499837038967
17,八鶴,八戸酒類,14,青森県,八戸市,南部（県南）,2,0.29976422792063606,0.5638931854166466,0.34424676231769114,0.4525013586709182,0.36808253527171747,0.36526403787194495,,False,5.383612,6.5250473,-0.7640241628811502,0.5224707299368158
18,駒泉,盛田庄兵衛,15,青森県,上北郡七戸町,南部（県南）,2,0.2494923815081877,0.5016448422693124,0.4958273003268613,0.4549769282821298,0.3008705858281662,0.3778017699256049,,False,7.2656536,5.6874847,-1.3948661755524039,0.6234310478032544
19,田酒,西田酒造店,16,青森県,青森市,津軽,2,0.46220408579649036,0.5126257222676406,0.25914451238049213,0.3689271682449516,0.3043738092202252,0.47715375136031213,6.0,False,1.3017402,7.8272276,1.2931707353380608,-0.4121976223549107
20,喜久泉,西田酒造店,16,青森県,青森市,津軽,2,0.37621751788906704,0.49347895664106983,0.24783055558039008,0.44496062492202565,0.4311128281461637,0.4119110170696608,,False,2.282053,5.070917,0.6646638363584368,1.0912926892290695
21,善知鳥,西田酒造店,16,青森県,青森市,津軽,2,0.5410928498356892,0.5655605713869208,0.21350189559089366,0.3155179015318656,0.30017242572709973,0.390027790259007,,False,1.4526438,9.4519825,1.2891435627439112,-1.2335829748740597
28,浜千鳥,浜千鳥,22,岩手県,釜石市,沿岸,3,0.3103671184796295,0.4980786329542177,0.2865785566120339,0.5194614734874564,0.3437817327735157,0.43062345015657516,,False,3.7995632,5.1154995,-0.05297970425378205,1.010661409708348
31,堀の井,高橋酒造店,24,岩手県,紫波郡紫波町,県央（盛岡周辺）,3,0.355795564321034,0.5257788735548066,0.32073394681922984,0.4446756798444078,0.3364993340534697,0.4279340671495556,,False,3.6068487,6.355147,0.06052835977403444,0.341250790969272
32,南部美人,南部美人,25,岩手県,二戸市,県北,3,0.41440793781596985,0.5505609384578627,0.2753289832255337,0.42342151773894776,0.2822870414246024,0.4363151494904771,82.0,False,2.8752246,7.705145,0.4330445232170839,-0.42460920843682526
34,あさ開,あさ開,26,岩手県,盛岡市,県央（盛岡周辺）,3,0.323145701567283,0.5115913160117244,0.3175673314152011,0.4380926720176514,0.3743219761427397,0.44828566769286426,,False,2.867281,5.2474604,0.18224807888445674,0.7645829281848339
38,龍泉八重桜,泉金酒造,30,岩手県,下閉伊郡岩泉町,沿岸,3,0.28106389005679056,0.49476095336532616,0.47528484335487337,0.4771760788051838,0.3042315184875689,0.360645503761198,,False,7.1924872,5.6182685,-1.2947958515803437,0.6593077862148837
41,菊の司,菊の司酒造,32,岩手県,盛岡市,県央（盛岡周辺）,3,0.4466348031177067,0.579816165123,0.27504206143925686,0.3259283084244932,0.19422797118620472,0.4947005808787257,,False,1.1340646,9.47315,0.9292802917690428,-1.6238010740935849
42,七福神,菊の司酒造,32,岩手県,盛岡市,県央（盛岡周辺）,3,0.2228433728035047,0.42658839655543,0.33127861118989477,0.4363840946432248,0.5602571331809759,0.3928085023929179,,False,1.5428003,3.2430842,0.06490448265190325,2.8154460598616717
43,月の輪,月の輪酒造店,33,岩手県,紫波郡紫波町,県央（盛岡周辺）,3,0.23562211961127277,0.5139378390419278,0.3493723360736179,0.4553343130379512,0.4564469181575558,0.3776452825231559,,False,3.8506856,3.5966582,-0.6473019431331004,1.6318396671201416
44,澤乃泉,石越醸造,34,宮城県,登米市,県北（大崎・栗原）,4,0.24585131421209774,0.5190168019237366,0.3647643819893148,0.46918317538412974,0.3615925088548059,0.4315595459835716,,False,5.101571,5.3682284,-0.5849158756240115,1.0142289248837193
45,橘屋,川敬商店,35,宮城県,遠田郡美里町,県北（大崎・栗原）,4,0.28725702140137194,0.61856730670988,0.33674009629874413,0.5316711723434746,0.18036138924706624,0.32597474141073157,,False,6.7730355,7.1964874,-1.7288297159362631,-0.6585280149740843
46,真鶴,田中酒造店,36,宮城県,加美郡加美町,県北（大崎・栗原）,4,0.21443371201562741,0.5211429967379304,0.3962857664768674,0.43903416438448495,0.4581143807404679,0.3503797483474822,,False,6.6935916,4.3778334,-1.0686617530031184,1.5962417394611936
47,栗駒山,千田酒造,37,宮城県,栗原市,県北（大崎・栗原）,4,0.33524770126327147,0.45979183734171,0.235715066563321,0.4268406465368528,0.4098365221267299,0.520076859802226,,False,1.3111384,5.0102124,1.3011831167956749,1.263010298757758
49,墨廼江,墨廼江酒造,39,宮城県,石巻市,三陸沿岸,4,0.35115690015419265,0.4141193608379446,0.21348801142513232,0.33322543828634493,0.5136057711597164,0.533654171295718,,False,0.20586443,4.370133,2.182067176752745,1.8134675041029613
51,日高見,平孝酒造,40,宮城県,石巻市,三陸沿岸,4,0.3047116896448381,0.4282962107100387,0.22241563012727772,0.38309817714686184,0.5427118545686627,0.48264278626919344,65.0,False,0.82348573,3.8254676,1.4992964146523466,2.251013077745134
53,天上夢幻,中勇酒造店,41,宮城県,加美郡加美町,県北（大崎・栗原）,4,0.27108247741783414,0.5127637437727385,0.3212677145168579,0.48504265784514183,0.38844337003072615,0.41739676264674447,,False,3.7773175,3.9802058,-0.3436693241018673,1.2033085754102915
56,愛宕の桜,新澤醸造店,42,宮城県,大崎市,県北（大崎・栗原）,4,0.548260269045127,0.4452942410137582,0.2622407692246015,0.23434904828460493,0.24528089204513395,0.5632684109984143,,False,-1.1797526,9.396717,2.747560459864036,-1.1558853653785275
57,愛宕の松,新澤醸造店,42,宮城県,大崎市,県北（大崎・栗原）,4,0.3955264614604958,0.548618065902512,0.23660123934499674,0.39818922773378723,0.2787955034987839,0.5003151963872047,,False,1.9035044,7.574171,0.9484188920341511,-0.4372506610150133
58,伯楽星,新澤醸造店,42,宮城県,大崎市,県北（大崎・栗原）,4,0.4078430413427296,0.5227353498740108,0.22687062535516161,0.4290920862051776,0.3113106744227209,0.4773962426726094,35.0,False,1.9907306,7.0040836,0.9894193466213795,-0.002873377862739357
59,あたごのまつ,新澤醸造店,42,宮城県,大崎市,県北（大崎・栗原）,4,0.4298905286003949,0.6208572217474276,0.19557627386749638,0.3077592894669876,0.25652943538214196,0.480580100766916,,False,1.6118841,10.124938,1.0934272544189243,-1.4621519683564583
60,勝山,仙台伊澤家 勝山酒造,43,宮城県,仙台市,仙台周辺,4,0.4315400929730488,0.6212096987390935,0.29778642424046936,0.4095705927769904,0.21062754009059953,0.35648684796926217,,False,5.190256,9.055075,-0.3907275968720631,-1.4381834085374348
61,戦勝政宗,仙台伊澤家 勝山酒造,43,宮城県,仙台市,仙台周辺,4,0.310864298173508,0.6303074522319517,0.27978168998471264,0.4317929092130264,0.3071976921358682,0.3833830606990923,,False,5.686296,7.9617963,-0.6547124008865878,-0.36105482574839026
62,日輪田,萩野酒造,44,宮城県,栗原市,県北（大崎・栗原）,4,0.32954113680597696,0.5014125334353556,0.34463961942374793,0.42177417950464546,0.298398083392428,0.5042586325695629,,False,2.4639852,6.022675,0.37831128967904437,0.2621980405974437
63,萩の鶴,萩野酒造,44,宮城県,栗原市,県北（大崎・栗原）,4,0.5130309835762772,0.46718786846443006,0.19264313194860455,0.34841888250932823,0.24099953342784497,0.5494968938601604,91.0,False,-0.5281633,8.839294,2.3784380758565544,-0.7524176754305775
64,萩野,萩野酒造,44,宮城県,栗原市,県北（大崎・栗原）,4,0.5044900417008871,0.5046401137894083,0.170324904443064,0.21071223405134978,0.27378793352455966,0.5851991987205313,,False,-1.0910318,9.393169,2.9329859593464147,-1.2339857471116868
66,蒼天伝,男山本店,46,宮城県,気仙沼市,三陸沿岸,4,0.3428523579771674,0.47893547036476675,0.2808904242001112,0.4381222942034056,0.3776816039350172,0.4894681877504145,,False,2.057263,5.4287143,0.8010763284616826,0.9345474336013504
68,雪の松島,大和蔵酒造,47,宮城県,黒川郡大和町,仙台周辺,4,0.37583273894293456,0.4472993068455305,0.21200162104145148,0.3325662363063313,0.41877327593939684,0.5725006872816697,,False,-0.06448617,5.3678846,2.2162513422153642,0.9214250297031672
71,浦霞,佐浦,49,宮城県,塩竈市,仙台周辺,4,0.3059801739133298,0.5247965792588701,0.28907622284773016,0.4882463186947241,0.35013826608503107,0.4317619110786224,71.0,False,3.6860921,5.458261,-0.09524079955935698,0.785815830019428
72,天寿,天寿酒造,50,秋田県,由利本荘市,県南,5,0.4679997354912128,0.5636273134029361,0.25762025003087696,0.3469126530929398,0.28267794643741967,0.44348291473552,,False,1.5812413,9.077003,0.9521434558830031,-0.9676125409504405
73,雪の茅舎,齋彌酒造店,51,秋田県,由利本荘市,県南,5,0.3855713122052765,0.5894142194237826,0.2736437631109542,0.46378703477633393,0.2512492598504335,0.38835567184452896,22.0,False,5.7688894,8.317437,-0.2752305278112632,-0.6111502838732924
77,太平山,小玉醸造,52,秋田県,潟上市,中央（秋田周辺）,5,0.35563007266396474,0.5312876122184528,0.28948348741985236,0.38200002092916974,0.3897612796997317,0.4578451308995434,,False,2.3110316,5.9699264,0.5974112391432116,0.42897891019594847
78,天の戸,浅舞酒造,53,秋田県,横手市,県南,5,0.26176631871936074,0.5516449485093502,0.33872842249385104,0.4785153135228378,0.34319082442046883,0.4070288119050009,,False,5.6781564,5.8420386,-0.7345242829451936,0.6802655294447465
79,秋田晴,秋田酒造,54,秋田県,秋田市,中央（秋田周辺）,5,0.4087220551440117,0.5880316019578092,0.2548120668967543,0.36735238959628846,0.2535943434286722,0.4722055253175984,,False,2.642565,8.980864,0.6545220610543152,-1.0090729653348978
81,高清水,秋田酒類製造,56,秋田県,秋田市,中央（秋田周辺）,5,0.2505209523228617,0.5726352262546717,0.36642174883031503,0.4565513968384086,0.37022993245422553,0.3599359265806602,,False,6.4034085,5.708769,-1.145090962656855,0.6673915349858596
83,福小町,木村酒造,58,秋田県,湯沢市,県南,5,0.34712289082980585,0.583362664706274,0.35631851303152373,0.4127305136687491,0.31365730044896517,0.37881847674256325,,False,4.840919,7.659164,-0.5896279497132805,-0.26110008635415105
88,銀鱗,那波商店,60,秋田県,秋田市,中央（秋田周辺）,5,0.22604318894203643,0.5057132960362782,0.4590080978925737,0.4389594568366796,0.3074371436112162,0.4418903744096534,,False,6.8392954,5.591828,-0.9516644076796128,0.6845240730274416
89,北秋田,北鹿,61,秋田県,大館市,県北,5,0.3391213795660328,0.5964286660146261,0.27738685583500255,0.4219627946061121,0.3811263200926198,0.3591882467287506,,False,5.4404755,7.6615334,-0.36935929816224394,0.17402075222151422
91,田从,舞鶴酒造,62,秋田県,横手市,県南,5,0.06318053064016188,0.6695050058973763,0.5773850351184061,0.3991856804790932,0.18924904718393043,0.1386844601536762,,False,11.544242,5.2986345,-4.5143239933188415,-0.6754222967305803
92,ゆきの美人,秋田醸造,63,秋田県,秋田市,中央（秋田周辺）,5,0.3938857969814708,0.4101664274244871,0.21286018808037022,0.34487733265501247,0.4009176441436312,0.5929862469868744,,False,-0.14917627,5.6109886,2.505498766283659,1.0208220924891456
96,阿櫻,阿桜酒造,66,秋田県,横手市,県南,5,0.3355552205896558,0.5261954166555971,0.3437361480194887,0.34123409940590255,0.4466361940746675,0.42004992264674046,,False,1.62212,5.040597,0.2979654457200972,0.7198425494492338
97,両関,両関酒造,67,秋田県,湯沢市,県南,5,0.36609686914185047,0.6045702733682552,0.3538529858605796,0.4090569766749491,0.2791105857661607,0.36059062953485255,,False,5.057095,8.841679,-0.7267311773599867,-0.6918218595105052
98,飛良泉,飛良泉本舗,68,秋田県,にかほ市,県南,5,0.3703478237690917,0.5288290238633215,0.3273080710620382,0.4112933441266277,0.27554681765196004,0.4805866372735773,92.0,False,2.7356381,7.1400676,0.37704111320037936,-0.23316603248919593
100,刈穂,秋田清酒,69,秋田県,大仙市,県南,5,0.2872306821223017,0.5013967189021241,0.3063318532083527,0.3729786469198323,0.4664294474003437,0.4643179522389144,,False,1.8194327,4.2465997,0.5410339029116311,1.3075009368762114
101,出羽鶴,秋田清酒,69,秋田県,大仙市,県南,5,0.37224546260311936,0.5358078445773965,0.2867752101240137,0.4077705023251495,0.25378561768972413,0.5112918205940543,,False,2.3151066,7.333453,0.6794409181868166,-0.41425537025124554
102,まんさくの花,日の丸醸造,70,秋田県,横手市,県南,5,0.37549921105791145,0.5419519074360151,0.30091260593594227,0.3965169491585995,0.30156444244144304,0.47599713465012516,85.0,False,2.8489058,7.1408453,0.5126782158624926,-0.21388635817269974
104,秀よし,鈴木酒造店,71,秋田県,大仙市,県南,5,0.3537399505348859,0.5641993550599657,0.3414698102954124,0.4162237919742318,0.2784555794364188,0.43493189015940187,,False,3.992847,7.676589,-0.17006775685098593,-0.3650192345357092
106,白瀑,山本,72,秋田県,山本郡八峰町,県北,5,0.2339944566148336,0.37194351012440874,0.2741222176177535,0.25099065378669566,0.6609591493550352,0.4815582248843672,,False,0.13163319,3.3154805,1.805073826330652,3.1087878847697077
107,春霞,栗林酒造店,73,秋田県,仙北郡美郷町,県南,5,0.3320511326680396,0.552516576521841,0.31628058163391787,0.5009580608943589,0.2606091295847265,0.40688815962844405,,False,5.444028,6.4853544,-0.5251577254437572,-0.009065668469473322
108,千歳盛,千歳盛酒造,74,秋田県,鹿角市,県北,5,0.4173529057671003,0.5740516723503944,0.3501818170311795,0.3530949444407616,0.3543827072943836,0.35127024001656265,,False,4.2938247,8.297152,-0.13219328743082442,-0.4185350647801304
109,新政,新政酒造,76,秋田県,秋田市,中央（秋田周辺）,5,0.4995086199679831,0.49270634360731475,0.2689782228244613,0.2929917704837545,0.16492750225485833,0.5677473510477656,1.0,False,-0.44680652,9.416007,2.029426243634596,-1.568150837414146
113,爛漫,秋田銘醸,77,秋田県,湯沢市,県南,5,0.34553623865102545,0.5136765422905134,0.352930467148653,0.4863457384574861,0.2560071194055375,0.43601534438081296,,False,4.9816613,6.215616,-0.26314464124118025,0.08864500157801318
114,一白水成,福禄寿酒造,78,秋田県,南秋田郡五城目町,中央（秋田周辺）,5,0.4268865189519939,0.5683418598021625,0.26211969930945983,0.3606700238205688,0.29162148968041113,0.4592632515686778,62.0,False,2.112557,8.651428,0.7903609308773527,-0.7425704012683161
116,鯉川,鯉川酒造,79,山形県,東田川郡庄内町,庄内,6,0.2103066908575359,0.5107919699364457,0.2912788655120194,0.5120067242343802,0.4446663813957194,0.3874792966472463,,False,4.0172176,3.541632,-0.6147319162047644,1.8996566779370059
117,羽陽男山,男山酒造,80,山形県,山形市,村山,6,0.26588667802437005,0.48377334470735134,0.41062715482591966,0.5070170716054829,0.38703483921282306,0.34610791302063865,,False,5.6433363,4.562545,-1.0756404499187777,1.4350640179911476
118,羽陽錦爛,錦爛酒造,81,山形県,東置賜郡高畠町,置賜,6,0.25104728901156315,0.5681690456215396,0.35255809275194433,0.5847268519027641,0.2456102301106319,0.2960272099680202,,False,8.031915,4.2306066,-1.9524157117961933,0.38097797198441513
119,大山,加藤嘉八郎酒造,82,山形県,鶴岡市,庄内,6,0.3499372232944361,0.585856113058487,0.32636605774557176,0.380142954497694,0.3090177146188273,0.4333602855524682,,False,3.94308,8.015063,-0.07370197063265954,-0.4190742408112866
120,楯野川,楯の川酒造,83,山形県,酒田市,庄内,6,0.4097542027391767,0.49064292477909865,0.2646349926282277,0.3930749107600235,0.30926290762303055,0.5207570478428493,70.0,False,1.3163394,6.962792,1.3121186223962171,0.034173355689901166
121,上喜元,酒田酒造,84,山形県,酒田市,庄内,6,0.37513070084838107,0.452158198712697,0.23036978052221738,0.35349838368354186,0.43095067183409397,0.539518392660439,64.0,False,0.20341045,5.2689548,1.8848340251424849,1.0358264418899088
122,澤正宗,古澤酒造,85,山形県,寒河江市,村山,6,0.28332052158374144,0.5627624041744302,0.26095430566621713,0.5693286665523393,0.3085748592560696,0.3399665197169077,,False,5.7257905,5.5255103,-1.022203020434111,0.6733586240817987
124,惣邑,長沼,86,山形県,長井市,置賜,6,0.42445179575986974,0.4777985883751512,0.21604228557363492,0.41856461771151177,0.3280656798361732,0.5119096437660655,,False,1.1384902,6.7200217,1.5515548243344894,0.2901438321724183
128,三十六人衆,菊勇,87,山形県,酒田市,庄内,6,0.22916248797279967,0.5070650778182554,0.25481044232097394,0.43590778755247117,0.49334904961248643,0.4382149192405919,,False,2.331279,3.7529874,0.21161735402773907,1.9011644328844575
131,銀嶺月山,月山酒造,88,山形県,寒河江市,村山,6,0.2616327647244986,0.46851986614107943,0.2914564165742016,0.5724707741815331,0.3681412204895103,0.40477134678232296,,False,4.9614983,4.274799,-0.4059368462113495,1.7153332368038061
135,出羽桜,出羽桜酒造,89,山形県,天童市,村山,6,0.4235242855140599,0.5420093708170827,0.28565389684880954,0.413857396666861,0.28638104547314924,0.43813562370480624,41.0,False,2.80005,7.636605,0.5084263258367338,-0.4176558847449351
137,あら玉,和田酒造,90,山形県,西村山郡河北町,村山,6,0.3604794742555899,0.4409096567665565,0.24526671988630735,0.44976132976725613,0.43046473220465137,0.4774016337431091,,False,1.5945814,4.764471,1.1823090460542416,1.4945874453325878
138,奥羽自慢,佐藤仁左衛門酒造場,91,山形県,鶴岡市,庄内,6,0.4825956312234845,0.5472274368980138,0.20923180791737198,0.3182878814291749,0.24031902242376918,0.5145922964661211,,False,0.41037354,9.403784,1.7153928400008047,-1.262807583141372
139,羽前白梅,羽根田酒造,92,山形県,鶴岡市,庄内,6,0.3081331984812455,0.5831625349102013,0.3740064754203695,0.4682245457249224,0.26544306111365806,0.36796780063173895,,False,6.5398707,6.9203134,-1.1216393036581784,-0.2258035428291711
140,東北泉,高橋酒造店,93,山形県,飽海郡遊佐町,庄内,6,0.23819031835402127,0.5057342953475934,0.3294975772965313,0.5154398351448616,0.4056520377363039,0.385613461815873,,False,4.197956,3.7483068,-0.7213341066334082,1.5809794178036134
141,住吉,樽平酒造,94,山形県,東置賜郡川西町,置賜,6,0.0757418050423998,0.5519979649497658,0.514717002898056,0.39531835417922534,0.4408791578145572,0.2719867637250648,,False,9.053277,5.089727,-2.6071889778062616,1.5986286262135805
143,花羽陽,小屋酒造,95,山形県,最上郡大蔵村,最上,6,0.45668225987228034,0.445372229895286,0.2523026380651814,0.4980826438839925,0.31710034201374193,0.42519327621412045,,False,3.8022172,5.0016875,0.956072406532823,0.5745128839649934
144,十四代,高木酒造,96,山形県,村山市,村山,6,0.4966631304162039,0.6023156074529121,0.23872929494243292,0.35349531113522614,0.18374886914499913,0.4181236488569366,2.0,False,2.979722,9.968851,0.697066934745557,-1.9012138016576556
145,朝日鷹,高木酒造,96,山形県,村山市,村山,6,0.4108495324299736,0.6162871930009253,0.2622432992504535,0.4128537053146911,0.24315428134252356,0.3912148040604811,,False,5.4619265,8.736443,-0.0800623443906614,-1.100791620493348
147,霞城寿,寿虎屋酒造,99,山形県,山形市,村山,6,0.37282289656777523,0.4959573799463135,0.3055032950022751,0.35257078163624356,0.3842899725857778,0.49971207982275695,,False,0.89957476,6.047688,1.0641374375408308,0.4417200404053377
148,白露垂珠,竹の露,100,山形県,鶴岡市,庄内,6,0.37589436786412206,0.4644631240808753,0.27906036766495795,0.4881879102688853,0.3846529361341031,0.42286809381469853,,False,3.4652,4.9067087,0.5182440970460556,1.1263291261637285
149,山形正宗,水戸部酒造,101,山形県,天童市,村山,6,0.38956660315125063,0.5550071066532858,0.2689543045670873,0.3636740256068476,0.2965497189270576,0.4976625590011486,,False,1.7166779,8.313828,0.864595628152878,-0.4823284218079807
155,秀鳳,秀鳳酒造場,104,山形県,山形市,村山,6,0.37983535085611464,0.5713070107877877,0.29988258894666875,0.36348812397838653,0.3475372554704299,0.4318542326967892,,False,2.7029977,8.243025,0.3315470783718926,-0.24588429352143776
156,くどき上手,亀の井酒造,105,山形県,鶴岡市,庄内,6,0.43349059729253203,0.6263856529082429,0.3225295201961026,0.31948167590991,0.28456819423997165,0.36421700410132873,24.0,False,3.3936062,10.088403,-0.10074539001797315,-1.3499572586508242
158,東光,小嶋総本店,108,山形県,米沢市,置賜,6,0.3435947284557764,0.5733451033719716,0.31076456882490994,0.45338784324719783,0.33408105828565093,0.37346050376210604,,False,5.457479,6.893999,-0.4801112359897198,0.10730573503436243
159,六歌仙,六歌仙,109,山形県,東根市,村山,6,0.3012898709345227,0.48309690081407075,0.26034617221141126,0.5048731114503401,0.3861689535132837,0.451706043116397,,False,3.5562906,4.7569366,0.3090372349741857,1.3619308535198387
161,ひととき,六歌仙,109,山形県,東根市,村山,6,0.6263379600116237,0.2753879531686672,0.16488378253669891,0.1677788903164069,0.05548126040364372,0.6880753207772085,,False,-1.83524,9.209587,4.933323555984521,-1.7515813754580154
162,山法師,六歌仙,109,山形県,東根市,村山,6,0.19595341111507159,0.3400824957830684,0.2069743838892124,0.28255079581871373,0.7200495844222642,0.452549892170514,,False,0.07365073,3.1894588,1.931588577216121,3.9598493164034543
163,杉勇,杉勇蕨岡酒造場,111,山形県,飽海郡遊佐町,庄内,6,0.31631631855028375,0.5123391429248104,0.32138377837099086,0.3953458921174229,0.3934973962225123,0.4722567956078918,,False,2.571692,5.2515616,0.41733278492337106,0.7503055313134351
164,出羽ノ雪,渡會本店,112,山形県,鶴岡市,庄内,6,0.36937152915207555,0.47530378238966425,0.3401217885361783,0.4309170466163,0.34254016107785656,0.46791547724469335,,False,2.5266807,5.6817904,0.5234085987954122,0.5887811908841827
165,和田来,渡會本店,112,山形県,鶴岡市,庄内,6,0.4246462027229132,0.47488266505419346,0.3627118716510126,0.3530254494944047,0.41388069951894046,0.4082621139445131,,False,1.5332408,5.1957545,0.677541330240537,0.5433996868819227
166,清泉川,オードヴィ庄内,113,山形県,酒田市,庄内,6,0.3068900733340626,0.5036744926460843,0.3570718954290089,0.4850782759409182,0.325474639899628,0.4282469787795969,,False,4.769663,5.642047,-0.34142300855386265,0.7205316932821308
168,辯天,後藤酒造店,115,山形県,東置賜郡高畠町,置賜,6,0.4414786231195532,0.59700907141695,0.348138683072474,0.32689825889797397,0.24766464982274708,0.39909397499905613,,False,3.4515336,10.059125,0.06358776587822952,-1.4091298121577391
171,雅山流,新藤酒造店,116,山形県,米沢市,置賜,6,0.5261396450068048,0.44203825037575517,0.20365396537873182,0.29082864318398804,0.31564359819549326,0.5496290938117593,,False,-0.7901199,8.2886505,2.778154100043649,-0.38818276150785347
173,花春,花春酒造,118,福島県,会津若松市,会津,7,0.34121353248594594,0.4944404796267681,0.2931624643597085,0.5525141829914381,0.3333872887157301,0.3697819630018945,,False,4.7409883,5.357957,-0.3722082159522615,0.9698259362463529
174,大七,大七酒造,119,福島県,二本松市,中通り,7,0.16428951892303756,0.6544161067595257,0.4752483444834046,0.448704607797319,0.20876775735607686,0.2719700768126773,,False,9.859874,5.3532867,-3.010837182727989,-0.6102943350141895
178,千駒,千駒酒造,121,福島県,白河市,中通り,7,0.3212111962245054,0.5467389282888244,0.2199038855893397,0.5460146634401665,0.27215854822813956,0.42111744769243864,,False,4.627732,5.5106177,-0.1572080714538603,0.34252322804302937
183,名倉山,名倉山酒造,125,福島県,会津若松市,会津,7,0.5292670902191713,0.5819819013429242,0.19389110944143653,0.262024211704971,0.2991077512644651,0.4306477876567795,,False,1.264582,9.853398,1.6316997115627876,-1.4820745311356542
185,天明,曙酒造,126,福島県,河沼郡会津坂下町,会津,7,0.44689309043619513,0.5425717327535915,0.2661153276603068,0.34628289737389434,0.23775150410707646,0.5085739771189275,73.0,False,0.9156677,9.07037,1.208229906372334,-1.0427583472194066
187,一生青春,曙酒造,126,福島県,河沼郡会津坂下町,会津,7,0.42062574491757865,0.5629386053416195,0.3069532794172203,0.3687763149057036,0.26908731832293475,0.45116497898875013,,False,2.6901672,8.788218,0.4896087208959913,-0.8165891664115038
188,会津中将,鶴乃江酒造,127,福島県,会津若松市,会津,7,0.35129711971684613,0.5313392047463972,0.27842928231235503,0.46809489471894417,0.3163236087442936,0.4444914645054377,,False,3.700316,6.018558,0.19477853304898976,0.2994966281911108
191,人気一,人気酒造,128,福島県,二本松市,中通り,7,0.45590710256296435,0.5400279570039489,0.28254584607291583,0.3157720280244596,0.2910337405565678,0.48607998573145994,,False,1.3639902,8.997848,1.22983802729348,-0.8444444661075547
194,榮川,榮川酒造,131,福島県,耶麻郡磐梯町,会津,7,0.2807581252582361,0.5442046401897042,0.3380544147206663,0.48436794182587817,0.36205230020488594,0.38084278414203526,,False,5.801046,5.7580385,-0.7489388146244086,0.7955115232840165
201,金澤屋,喜多の華酒造場,134,福島県,喜多方市,会津,7,0.21134768686262426,0.36415945778227177,0.20987387655930417,0.370092924755616,0.6769839845468948,0.428248656993053,,False,0.37222004,3.306192,1.408710874239197,3.7944729993968576
202,飛露喜,廣木酒造本店,135,福島県,河沼郡会津坂下町,会津,7,0.36727918452985964,0.5345427838122702,0.28008506364050223,0.4814972542393061,0.3215356170902649,0.40705971443167527,20.0,False,4.030415,5.9315176,0.008006018356864196,0.2997828766097792
208,豊国,豊国酒造 (会津),137,福島県,河沼郡会津坂下町,会津,7,0.388920283101559,0.5694417142052555,0.35734656572119483,0.3950636238791582,0.22688656648159883,0.4350032166778876,,False,4.1074376,9.095403,-0.12067975268469283,-0.9315863540191962
209,磐城壽,鈴木酒造店,138,福島県,双葉郡浪江町,浜通り,7,0.30883662902008624,0.522236714435601,0.31285337470818114,0.520617111084964,0.26741609973571434,0.43755910441036994,,False,5.0703516,5.7340937,-0.356996865469198,0.38134624854227755
210,末廣,末廣酒造,139,福島県,大沼郡会津美里町,会津,7,0.2877912689466836,0.5743691672117931,0.35974335676914027,0.5005421140365156,0.27421152314000424,0.36349222163349637,,False,6.2058644,6.3352766,-1.2129164476585679,0.08088090718778555
212,花泉,花泉酒造,141,福島県,南会津郡南会津町,会津,7,0.3123545011707504,0.5666474888273441,0.3630878171805899,0.45201935882611843,0.21930862582856286,0.4439535470099135,,False,5.468494,7.045337,-0.5907260143279898,-0.4776101543522836
213,奥の松,奥の松酒造,142,福島県,二本松市,中通り,7,0.3139892666464988,0.5741122007577043,0.340487954742081,0.43679092046166906,0.333223988881198,0.39249119618641765,,False,5.395074,6.9203553,-0.5903267947340208,0.13420993711430204
214,開当男山,開当男山酒造,143,福島県,南会津郡南会津町,会津,7,0.4016601504971179,0.577744528263413,0.34705618941189087,0.4288805442419799,0.2583564429324126,0.3657127453633942,,False,4.9296393,8.633152,-0.48666756854471993,-0.7098526914264353
217,会津,会津酒造,144,福島県,南会津郡南会津町,会津,7,0.4178043499372136,0.4802537019925056,0.255176545361056,0.4479716999803028,0.255663091984883,0.5134574734163673,,False,1.9243922,6.830553,1.157565213700816,-0.0638652224756285
219,自然郷,大木代吉本店,148,福島県,西白河郡矢吹町,中通り,7,0.4309917136279293,0.49986896556098803,0.20588892728039515,0.36814993603369434,0.24851222005365622,0.5698194545281575,,False,-0.31067637,8.564319,1.8801879347596822,-0.5436136895195028
220,自然郷さわやか,大木代吉本店,148,福島県,西白河郡矢吹町,中通り,7,0.22856960856550593,0.40108678042474016,0.1859247046990965,0.37212591508022297,0.5965285889616111,0.5079303876206436,,False,0.48352242,3.555695,1.7173176785083175,3.0155142959291252
221,会津ほまれ,ほまれ酒造,149,福島県,喜多方市,会津,7,0.382448001614029,0.590892962893626,0.2920914443495164,0.4445945815464372,0.2626139405406852,0.39068042809345166,,False,5.560121,8.4137335,-0.29190317353848366,-0.614769487043246
222,奈良萬,夢心酒造,150,福島県,喜多方市,会津,7,0.39921898702230724,0.5605305629785711,0.2533529693969238,0.35384661528387323,0.29776677136753477,0.49836681669937805,,False,1.6121883,8.487465,0.9856588141393609,-0.5733651492634964
223,夢心,夢心酒造,150,福島県,喜多方市,会津,7,0.3659360056943202,0.5068552489073281,0.31229956278250437,0.33758502100960336,0.28536815216109535,0.562369052135287,,False,1.3355016,7.1920304,1.2006006088687626,-0.2737407744483257
224,笹正宗,笹正宗酒造,151,福島県,喜多方市,会津,7,0.24446041841486074,0.5763708635871689,0.3999456952512582,0.40660896178363604,0.3815377789469009,0.37037446958409476,,False,7.328635,5.1550417,-1.1134810642692177,0.5436882352977044
225,郷乃譽,須藤本家,152,茨城県,笠間市,県央,8,0.30122017448986077,0.4808990158977039,0.510178107218917,0.4339665132974511,0.2807385306123987,0.3880461115247586,,False,7.3011327,5.766494,-1.0569537646094525,0.3562664000148278
227,郷乃誉,須藤本家,152,茨城県,笠間市,県央,8,0.3585182110405131,0.49732494585964265,0.4314979086489571,0.39765760107114434,0.3287386155069513,0.4144170609356053,,False,4.4902773,6.9218965,-0.22968031582672258,0.24528885909652576
228,霧筑波,浦里酒造店,153,茨城県,つくば市,県南,8,0.42931836173077315,0.510151260576095,0.17620263490112978,0.35621258243510656,0.3654661771565096,0.5137422861093336,,False,0.4824783,7.2135897,1.8557082934853912,0.09647166773620303
229,渡舟,府中誉,154,茨城県,石岡市,県南,8,0.45958495445318553,0.5801253836922015,0.2270921554010663,0.3222320538652868,0.26329670514864323,0.47697663497404635,,False,1.305367,9.465564,1.2066114947652893,-1.2356098869956458
230,太平海,府中誉,154,茨城県,石岡市,県南,8,0.4619170516574127,0.4955040838448574,0.24477919421402772,0.3416119562289768,0.2549630704877378,0.5472536801246746,,False,-0.2657881,8.788232,1.825400160179864,-0.702097123927387
232,来福,来福酒造,157,茨城県,筑西市,県西,8,0.5524669614349895,0.5646828425781184,0.18774072886893386,0.2612540406287289,0.2276113734479889,0.4696875040670442,,False,0.5639293,10.23397,1.9505139142457184,-1.9040756948091504
233,大観,森島酒造,159,茨城県,日立市,県北,8,0.3972157602335484,0.5343991446131731,0.27038094885533437,0.32149829667266583,0.35654546361417533,0.5030362950797982,,False,0.84414166,7.558972,1.2239432722514298,-0.1584698149263849
234,一人娘,山中酒造店,160,茨城県,常総市,県西,8,0.2013870246012127,0.4734723003550961,0.3401081457890794,0.5090597864612544,0.4844917873217975,0.354569510974069,,False,4.1692696,3.6004598,-0.8082912139303363,2.383323861479219
236,白菊,廣瀬商店,161,茨城県,石岡市,県南,8,0.42152003239524305,0.6086266188991742,0.31598952443253026,0.25472021643077525,0.25145692846725687,0.47321469331905547,,False,1.9981718,9.774168,0.6914140609585675,-1.6282031442207887
241,徳正宗,萩原酒造,166,茨城県,猿島郡境町,県西,8,0.36836865098124466,0.6556357872019628,0.37816615948058907,0.40405304914725887,0.11070669509909235,0.340472860112317,,False,8.011328,7.5300083,-1.3682435354128673,-2.098822412767553
242,副将軍,明利酒類,167,茨城県,水戸市,県央,8,0.34717426904009463,0.6008804184038727,0.24580576511096883,0.535327629396554,0.23309321981101416,0.34217562101393756,,False,6.1283584,7.8842473,-0.8475021660903636,-0.3870495943666601
248,花の井,西岡本店,169,茨城県,桜川市,県西,8,0.13506687210469784,0.5192077419081094,0.7717414326754348,0.33064633329042037,0.046121883073799906,0.07170213440288747,,False,11.2588415,4.9924054,-4.704543982730473,-1.2168927053865315
249,若駒,若駒酒造,171,栃木県,小山市,県南,9,0.3958440350751926,0.6316270688057367,0.27550283433345885,0.2924422639498006,0.2731901784273397,0.45639630014741234,,False,2.11917,9.576953,0.4832831478951767,-1.3903326955016877
250,四季桜,宇都宮酒造,173,栃木県,宇都宮市,県央,9,0.3732882273323684,0.5165110438650227,0.32416513728742186,0.46708307052403863,0.29904745211005135,0.42566798245143156,,False,3.9923155,6.138807,0.029970433292072093,0.18020705937180714
251,澤姫,井上清吉商店,174,栃木県,宇都宮市,県央,9,0.3504517377742906,0.5847461944154956,0.4221048955079099,0.3782110438977416,0.2481673446711637,0.39045140556601426,,False,4.649669,9.105523,-0.7951844457498545,-0.8420586817978406
253,大那,菊の里酒造,177,栃木県,大田原市,県北,9,0.3493723648799476,0.49377701408471614,0.262665713894216,0.4257253308620493,0.3721489776553531,0.49537159270257997,,False,1.9400173,5.703755,0.9038587622714993,0.7464140054406652
254,天鷹,天鷹酒造,178,栃木県,大田原市,県北,9,0.25423058169918056,0.4859596809812506,0.40080813409822336,0.4248401978030309,0.4456452428007215,0.39934191281402676,,False,3.2148006,3.6630886,-0.47877733676253786,1.5404609112107066
255,開華,第一酒造,179,栃木県,佐野市,県南,9,0.43699763973937145,0.5241944896525141,0.2987375865169314,0.4154754066033353,0.24895676544263107,0.4587044470357067,,False,2.642778,7.625499,0.6418310419072778,-0.5883016268155885
256,雄東,杉田酒造,180,栃木県,小山市,県南,9,0.36952797817691446,0.5062838797075213,0.2921094046759093,0.3881267623270974,0.33212048542251194,0.5107361370814361,,False,1.7825202,6.570695,0.9412999366145114,0.1968868063392958
257,七水,虎屋本店,182,栃木県,宇都宮市,県央,9,0.45658979162364727,0.6395974411135692,0.2555383495087349,0.2845455729350168,0.21117854991984894,0.4376967722216299,,False,1.862924,10.460763,0.6357492694508681,-2.070446705426503
258,鳳凰美田,小林酒造,183,栃木県,小山市,県南,9,0.5177934982282675,0.6178629180230643,0.2253453685626264,0.2716143378694158,0.18190163690653746,0.4387393514906232,9.0,False,1.4669087,10.54475,1.1360689448011059,-2.374919671946929
259,惣誉,惣誉酒造,184,栃木県,芳賀郡市貝町,県央,9,0.27490402765084576,0.6108492211624346,0.36604096669993025,0.45043679662432823,0.29304995650448534,0.358515593138574,,False,6.892194,6.7115445,-1.3089960756569443,-0.16538527679236512
265,桂川,柳澤酒造,186,群馬県,前橋市,中毛,10,0.3023127301310059,0.6028243336624253,0.2783620726842449,0.47126843198988194,0.2523825616703438,0.4265366338436067,,False,5.9387755,7.8737874,-0.5251180120130233,-0.3562425658180356
266,浅間山,浅間酒造,187,群馬県,吾妻郡長野原町,北毛,10,0.3621345358286006,0.4213172133729757,0.2331282275040368,0.3259183722241889,0.46638079947854266,0.5597032943811846,,False,0.10197438,4.871764,2.2014661806338536,1.398898275369968
267,群馬泉,島岡酒造,188,群馬県,太田市,東毛,10,0.2260061499683207,0.6689258081505091,0.4456834553095878,0.4372515058102934,0.18526476585522994,0.2780536427188636,,False,9.786037,5.63302,-2.6543104453836146,-1.1037412129243256
268,誉国光,土田酒造,189,群馬県,利根郡川場村,北毛,10,0.18702903367980753,0.5790445971277033,0.37321029296107494,0.555410523372903,0.27338545651173984,0.3274463544161508,,False,8.245598,4.4550643,-2.0689493981244422,0.6082964854776415
270,赤城山,近藤酒造,190,群馬県,みどり市,東毛,10,0.4267025628290468,0.42948405523231803,0.21887895148123654,0.3818135182911074,0.3604003441979223,0.556678006505544,,False,-0.4151298,6.806209,2.164676654215696,0.6548663211357745
272,水芭蕉,永井酒造,191,群馬県,沼田市,北毛,10,0.5042383513414657,0.4822552208226343,0.21447799481884894,0.30910662113433796,0.27933976553225787,0.5418442293939605,96.0,False,-0.5478681,8.653952,2.3053834287934643,-0.7259519189120829
273,谷川岳,永井酒造,191,群馬県,沼田市,北毛,10,0.370514401991537,0.4983573372154193,0.2347685989533479,0.36764772521517347,0.4107422015364121,0.5053402233416832,,False,0.83484006,6.0188556,1.3808378664559846,0.6848282995551498
276,大盃,牧野酒造,193,群馬県,高崎市,西毛,10,0.3846489781478735,0.5329932920078245,0.3040188046697369,0.3304395069097196,0.30158499866786487,0.5247781450702844,,False,1.5295198,8.006878,1.0404048458768402,-0.42829046212908495
281,清りょう,町田酒造店,194,群馬県,佐波郡玉村町,中毛,10,0.5137496613308866,0.48682460892287105,0.1475833731123158,0.2723142083989757,0.22820492305557882,0.5924944882507521,,False,-0.94443315,9.343698,2.9430612204245024,-1.2100236885010653
283,鳳凰聖徳,聖徳銘醸,195,群馬県,甘楽郡甘楽町,西毛,10,0.43240546989018697,0.47141199077348633,0.3476513019754173,0.3359399766192918,0.36178259124622814,0.4755969991274299,,False,0.9272867,6.269547,1.130886532199064,0.15797114201721127
284,貴娘,貴娘酒造,196,群馬県,吾妻郡中之条町,北毛,10,0.3994367339636094,0.5022371783725336,0.31924191140061475,0.3438713419964909,0.3102875868802193,0.5213126008526415,,False,1.412501,7.1418357,1.126651526950661,-0.19395605058254511
285,船尾瀧,柴崎酒造,197,群馬県,北群馬郡吉岡町,中毛,10,0.1878500627755605,0.5272378280050969,0.37751350435604974,0.5917953751097343,0.32539553475812005,0.2968369259757061,,False,5.7034817,4.299017,-2.049098249741306,1.383016309060275
286,左大臣,大利根酒造,198,群馬県,沼田市,北毛,10,0.3815451134007327,0.4983390251462372,0.30599474824025336,0.4435961616059004,0.3042548754877866,0.47233480991361115,,False,2.5397172,6.175267,0.5546124326136327,0.22075942829885395
287,尾瀬の雪どけ,龍神酒造,199,群馬県,館林市,東毛,10,0.5278559082174465,0.6357606794404271,0.1894247747120673,0.24485155308651652,0.20130377432296073,0.42522848065141977,48.0,False,1.4152724,10.562378,1.2967196167607669,-2.483636862944252
288,分福,分福酒造,200,群馬県,館林市,東毛,10,0.3810613875313206,0.5867615581696012,0.47172293869402204,0.3343763975380159,0.24742958017934225,0.3390451142823558,,False,4.4341607,9.635498,-1.0328838932717614,-1.1508259596809742
290,神亀,神亀酒造,202,埼玉県,蓮田市,県央・さいたま,11,0.1479457243803263,0.6382722496674136,0.528444939343126,0.4148449839537602,0.22219319245654207,0.26457582757896414,,False,10.097535,5.4315414,-3.15762180291157,-0.509045015712913
291,ひこ孫,神亀酒造,202,埼玉県,蓮田市,県央・さいたま,11,0.08437350709373516,0.714472962315977,0.5130701589094843,0.40724587924741856,0.17973655175651923,0.14496232357204278,,False,11.511371,5.33061,-4.35181840761464,-1.038780024141772
294,菊泉,滝澤酒造,206,埼玉県,深谷市,北部,11,0.370839595848561,0.5511483672602571,0.34084412132392344,0.3624410333136603,0.2550252844780255,0.49612232163406994,,False,2.3446999,8.352341,0.4218879105946208,-0.6835066217067206
295,直実,権田酒造,207,埼玉県,熊谷市,北部,11,0.25798587659942673,0.5812419037645876,0.4738206366065465,0.43721920017015276,0.2509769947825486,0.3419723091152306,,False,7.939389,6.257267,-1.8264196883317791,-0.2732625516327705
299,武甲正宗,武甲酒造,211,埼玉県,秩父市,秩父,11,0.3167707362971334,0.5742377550389826,0.3741921943164077,0.3516332121596229,0.35731793778938004,0.4225700870464965,,False,3.7671392,7.5032287,-0.27688193732019123,-0.04554407267459199
301,越生梅林,佐藤酒造店,214,埼玉県,入間郡越生町,西部,11,0.2908516807959744,0.6090140559592296,0.2797209430806057,0.4572852865366747,0.34714352831902784,0.36965512425452596,,False,5.6499076,7.672738,-0.7374334052602212,0.186575296012083
303,梅一輪,梅一輪酒造,216,千葉県,山武市,九十九里・外房,12,0.235088050958829,0.4470896372728193,0.25438517115021114,0.5229322975020586,0.4458146274303205,0.4559866000628733,,False,3.4278462,4.3882685,0.2758945011101858,2.271515522558216
305,五人娘,寺田本家,218,千葉県,香取郡神崎町,北総,12,0.242879544243267,0.6517220973906519,0.4595818351386114,0.40142043797546656,0.15023052350606445,0.3483457956603138,,False,8.775826,7.0045695,-2.134956222247346,-1.4098105464719486
307,腰古井,吉野酒造,220,千葉県,勝浦市,九十九里・外房,12,0.20570571381486863,0.5137391745142499,0.3190945886886541,0.5677902377457733,0.3991134249855437,0.3320520791379841,,False,5.395065,4.236304,-1.2951730983068852,1.801174076449792
308,岩の井,岩瀬酒造,221,千葉県,夷隅郡御宿町,九十九里・外房,12,0.2568213607343654,0.593556538933849,0.46453770875250355,0.34929402195815507,0.2888393384006369,0.40062908496884186,,False,8.537331,6.311436,-1.2168100954268672,-0.4202848098667426
309,福祝,藤平酒造,222,千葉県,君津市,南房総・内房,12,0.38731162714257406,0.5133186067430429,0.267943999334542,0.34122273276832216,0.37402400845720846,0.5083038583484137,,False,0.84867644,6.365479,1.2804907034416788,0.19108557882594582
310,木戸泉,木戸泉酒造,223,千葉県,いすみ市,九十九里・外房,12,0.20738258767546905,0.613796726982428,0.5955278238734464,0.37785431114795626,0.13132205154744833,0.25607282087624067,,False,10.780003,5.562278,-3.145785422847618,-1.3020200278369356
311,仁勇,鍋店,224,千葉県,香取郡神崎町,北総,12,0.3244962663306698,0.5536444539895172,0.3277112102016927,0.43180945896566303,0.33427177859730883,0.42730354970842366,,False,3.6643274,6.377083,-0.19567135856882256,0.21864604112262467
312,不動,鍋店,224,千葉県,香取郡神崎町,北総,12,0.4079508944580965,0.5350572367880813,0.28736499104031665,0.2928297609094066,0.3138125533467478,0.5296070198587582,,False,0.8652681,8.291311,1.3619238001794638,-0.5781041569936226
313,田むら,田村酒造場,225,東京都,福生市,多摩,13,0.18707411016991424,0.5427662063837302,0.5281990544908639,0.5478478353062465,0.2426798608477204,0.17995309343297525,,False,9.201955,4.32036,-3.3802435642423467,0.5495941188206938
314,嘉泉,田村酒造場,225,東京都,福生市,多摩,13,0.2183502768637049,0.5923150366603624,0.5020048430658552,0.426642979870389,0.2844406469329561,0.2941878270385759,,False,9.143233,5.4746685,-2.3398405424127704,-0.0384464895104464
317,多満自慢,石川酒造,228,東京都,福生市,多摩,13,0.35315080807219335,0.5676713194621401,0.3383761375848939,0.41298290825546957,0.2922528499492599,0.4272806554439231,,False,4.1337156,7.689274,-0.1865940469770615,-0.30899792776304214
320,澤乃井,小澤酒造,229,東京都,青梅市,多摩,13,0.3159894018086453,0.5072083667672053,0.3023529781976404,0.4098009171734242,0.41089281586603127,0.4633609277382803,,False,2.545228,5.0367956,0.4570709499025602,0.9520702317717076
321,蒼天,小澤酒造,229,東京都,青梅市,多摩,13,0.37648604619272125,0.6156656226904619,0.2979610348912403,0.3109465067915778,0.3043487562299543,0.44846117361626076,,False,2.363608,9.280801,0.3161779328639632,-0.9682274969826857
322,茜さす,土屋酒造店,992,長野県,佐久市,東信,20,0.579438901011577,0.5656253884057073,0.1833912749276692,0.269816165152482,0.17273532654001472,0.4561226416801908,,False,0.61513114,10.380542,1.9100690788753272,-2.318905861705448
323,いづみ橋,泉橋酒造,231,神奈川県,海老名市,県央・相模原,14,0.3287747519319384,0.524130696155298,0.35307188433966247,0.3795899902425598,0.3398636156832846,0.4826371125090082,,False,3.6127853,6.9076824,0.3041519219173466,0.22595227239802831
324,相模灘,久保田酒造,232,神奈川県,相模原市,県央・相模原,14,0.26981842487062474,0.5205638812042098,0.3183289181037732,0.38576463441299935,0.4543743398011162,0.4467746291491164,,False,2.4117894,3.9731092,0.17829655657996799,1.2164541605263026
325,白笹鼓,金井酒造店,233,神奈川県,秦野市,湘南,14,0.23928287260526146,0.5574727359651905,0.43878712290856414,0.5452532791114496,0.18212882166454636,0.3300934265328216,,False,8.171456,4.980883,-2.1218976830148395,-0.0823426689450426
326,昇龍蓬莱,大矢孝酒造,235,神奈川県,愛甲郡愛川町,県央・相模原,14,0.2089426611462911,0.5837311376613502,0.44289452810568514,0.40153545134473595,0.3497358281948258,0.36864548287208526,,False,7.8573556,5.3848658,-1.5218515389758465,0.3935016589456132
327,丹沢山,川西屋酒造店,237,神奈川県,足柄上郡山北町,県西,14,0.15345076102884328,0.6466519603627576,0.48780895447463823,0.42793655608197534,0.2590451557991254,0.26476865611083356,,False,9.861845,5.3795004,-2.983746732075375,-0.288002570394827
328,越乃白雁,中川酒造,238,新潟県,長岡市,中越,15,0.29738946081972456,0.5411910948943606,0.3191009658839898,0.5287926827596396,0.31463273732133346,0.371794056216408,,False,5.3794365,5.5878396,-0.827873293324728,0.6246507254560761
329,ほまれ麒麟,下越酒造,239,新潟県,東蒲原郡阿賀町,下越,15,0.17509904206463814,0.4993079014074732,0.4317472698791481,0.41240495570652774,0.4773896852433582,0.3683035174200181,,False,6.6813636,4.344369,-1.086364473513345,1.8883213168201116
334,かたふね,竹田酒造店,241,新潟県,上越市,上越,15,0.30462168789994193,0.6309943572753798,0.3123021056855623,0.4773254794658984,0.251826696743495,0.3467893374829951,,False,6.4539237,7.5221267,-1.2351654239238625,-0.5390036542055702
335,北雪,北雪酒造,242,新潟県,佐渡市,佐渡,15,0.318585783240579,0.5019609169054071,0.2885514543288873,0.4401133988394636,0.4371483472755387,0.4224664642991135,,False,2.5895681,4.631861,0.28092209110004396,1.2531650629423337
336,白瀧,白瀧酒造,243,新潟県,南魚沼郡湯沢町,中越,15,0.3213987203690934,0.6210219191276789,0.33066982213758483,0.38024647604745043,0.25346584441063436,0.43915804718379237,,False,4.3287115,8.704143,-0.41582251937895187,-0.8823812206572376
337,上善如水,白瀧酒造,243,新潟県,南魚沼郡湯沢町,中越,15,0.41133527456894936,0.4704860226766512,0.28489388552561845,0.3757309208385482,0.33646564786280914,0.5233534286554213,,False,0.5331482,6.6714654,1.4239581065877025,0.25374065344804325
339,湊屋藤助,白瀧酒造,243,新潟県,南魚沼郡湯沢町,中越,15,0.36584883003867363,0.5389191994731132,0.2794531842489481,0.4075506694120162,0.34275990224094993,0.4626497045166115,,False,3.139459,6.60529,0.5333237107095805,0.14616384174732006
340,魚沼,白瀧酒造,243,新潟県,南魚沼郡湯沢町,中越,15,0.1741446751796936,0.4441847696633294,0.27855018558760386,0.4048007077503152,0.5732174649501267,0.4498237893840207,,False,1.2741553,3.2675903,0.43525282741709814,2.8759069424342756
341,越の初梅,高の井酒造,244,新潟県,小千谷市,中越,15,0.319689675830759,0.3654708103373563,0.24353009398100273,0.6394607203220949,0.32431259680681185,0.43684553105388896,,False,4.441956,4.344551,0.4340121015702068,2.136669989479418
342,田友,高の井酒造,244,新潟県,小千谷市,中越,15,0.3806141535542014,0.5100246692616717,0.2349715684659806,0.46660490689400025,0.3147339147436038,0.47224833365929975,,False,2.6595514,6.310687,0.7596055315875822,0.3293107579499791
343,雪鶴,田原酒造,245,新潟県,糸魚川市,上越,15,0.30656091858599743,0.4568221564422018,0.4035268541956474,0.4046462042062224,0.3544612920440635,0.4950945772134048,,False,2.662644,5.517611,0.3037623465789729,0.8896754483251772
344,鶴齢,青木酒造,246,新潟県,南魚沼市,中越,15,0.2635635725921606,0.55221672121745,0.3408979118138323,0.4690126950999489,0.3713612247940413,0.3892267748830061,58.0,False,5.8334875,5.790518,-0.7660534639087259,0.8105312227225671
345,雪男,青木酒造,246,新潟県,南魚沼市,中越,15,0.1682250986994882,0.4115753348631882,0.28995508457138636,0.4371607687459293,0.590701819793495,0.4221302301341657,,False,1.3714402,3.2178955,0.28910121295938274,3.3222478246044798
347,越乃景虎,諸橋酒造,247,新潟県,長岡市,中越,15,0.18387646859809714,0.4331420277908479,0.2912971397236208,0.44796795859370514,0.5541090618113238,0.4312902272692086,,False,1.4213412,3.1870909,0.21169118107576612,2.9388852033729576
354,越後杜氏,金鵄盃酒造,253,新潟県,五泉市,下越,15,0.07555509119579867,0.5885262853623138,0.5171868584855771,0.5352760116704792,0.24686909719544592,0.18160736004331157,,False,9.710269,4.6091294,-3.946719596527265,0.6596006067892426
359,大洋盛,大洋酒造,258,新潟県,村上市,下越,15,0.3399845990959189,0.5298573009994577,0.2759856818523934,0.4578015732035855,0.3652943723363952,0.42950128926384845,,False,3.5759423,5.6589775,0.18365206687239433,0.6198455561732995
361,極上吉乃川,吉乃川,259,新潟県,長岡市,中越,15,0.19929507676906588,0.5073031462965378,0.2702738547307938,0.5058545048515031,0.46522017699812024,0.39693631783635214,,False,3.9926555,3.5611808,-0.45296875370871825,2.0775773508186948
363,越の誉,原酒造,261,新潟県,柏崎市,中越,15,0.4700192497033824,0.5182308711487813,0.2312410438987445,0.2977519501430624,0.25850683240017425,0.5491486524627873,,False,-0.14970754,8.929209,1.966989104990671,-1.0035508987048007
364,越路吹雪,高野酒造,262,新潟県,新潟市,下越,15,0.3477249530390373,0.39937712784584756,0.32824284913696417,0.4304815021350414,0.46411495371271627,0.45948328025930446,,False,2.0071602,4.6398344,0.9585333678149625,1.9071834102015774
371,妙高山,妙高酒造,266,新潟県,上越市,上越,15,0.2736228333546956,0.5374091188076642,0.35708100042012,0.49555808842828936,0.35344983081607606,0.3719012521055443,,False,5.779776,5.643272,-0.9254131468803505,0.8426002726686337
372,越後桜,越後桜酒造,267,新潟県,阿賀野市,下越,15,0.48075397689972066,0.5196438189309439,0.2284220223492831,0.3887689973350982,0.3471017393548871,0.418387791523253,,False,1.1509683,7.0900545,1.1632780034342094,-0.17459881715777076
374,雪中梅,丸山酒造場,268,新潟県,上越市,上越,15,0.23220628630627627,0.558190535886646,0.34041345288152014,0.6105450023804505,0.24671842237212158,0.2915254147997643,,False,8.0754795,4.164269,-2.030617195531928,0.6177410124540126
377,越乃梅里,小黒酒造,271,新潟県,新潟市,下越,15,0.36334765675401504,0.5868774493617415,0.33245515079409543,0.37428749994838495,0.3652484555704784,0.37353627073989243,,False,4.58053,8.040142,-0.2711098964258136,-0.14860720858268842
378,嘉山,小黒酒造,271,新潟県,新潟市,下越,15,0.4389243846504911,0.6056929056178485,0.26709567832740294,0.2687093635034206,0.28295629092795516,0.4656956115877639,,False,1.8040817,9.6572895,0.9557703830258004,-1.4064388096975218
379,宝山,宝山酒造,272,新潟県,新潟市,下越,15,0.24712325241931257,0.5677225499152266,0.4147739845995797,0.5244375010831317,0.2573233720094773,0.32145565138319404,,False,8.071008,5.0235834,-1.9127913915415975,0.22870252310435601
380,八海山,八海醸造,273,新潟県,南魚沼市,中越,15,0.28816344232987545,0.489934235793492,0.3090149357961424,0.49481100315899834,0.3966969350007978,0.42335523791575824,45.0,False,3.5846448,4.1082273,-0.10021335461955104,1.3755410540246291
384,越乃寒梅,石本酒造,275,新潟県,新潟市,下越,15,0.21363182605509354,0.4302362198319446,0.27216691254074626,0.49381169699733884,0.5104127076344502,0.43682065605119935,,False,1.4797704,3.3727438,0.26175135510895425,2.7472435631694307
387,越の寒中梅,新潟銘醸,276,新潟県,小千谷市,中越,15,0.24829744484310298,0.577497586931308,0.3718912182297625,0.47351302416544533,0.366591297857525,0.32853930367205014,,False,6.4390473,5.7523894,-1.422625454604624,0.6804066990605776
389,長者盛,新潟銘醸,276,新潟県,小千谷市,中越,15,0.32593888618704303,0.5215518824778921,0.31971960017285583,0.46605066279651197,0.38327574475832554,0.39423766538359667,,False,3.7827656,5.5609703,-0.21988745381462776,0.8460600327264484
393,越の鶴,越銘醸,279,新潟県,長岡市,中越,15,0.3168841872948703,0.5619435308200522,0.3970796428980864,0.40455686180311873,0.3209933502531623,0.39928517611996767,,False,4.778288,7.1053925,-0.6572032542853538,-0.01602599155702867
397,お福正宗,お福酒造,281,新潟県,長岡市,中越,15,0.20291408679860531,0.6016751273047336,0.4781254100767146,0.48711351775389217,0.20851022605129205,0.29572438731690986,,False,9.205623,5.021166,-2.6176733669428,-0.2867995660448039
399,謙信,池田屋酒造,282,新潟県,糸魚川市,上越,15,0.32412485347178516,0.5263241375319723,0.2811970934247785,0.36700525454250643,0.4174138370616508,0.4795070469036252,,False,1.5216659,5.444373,0.7244742730645364,0.6989436355492209
401,千代の光,千代の光酒造,283,新潟県,妙高市,上越,15,0.40311718675356345,0.5851555308201377,0.275644707094929,0.3802999927896631,0.2566004574178605,0.45676871027049715,,False,2.752246,8.780571,0.4328947078491168,-0.9145467978746572
403,高千代,高千代酒造,285,新潟県,南魚沼市,中越,15,0.4053954698788984,0.5436325951190691,0.2600844706949836,0.3059882298119797,0.38458076327537494,0.48056531539858865,,False,0.7926951,7.5992723,1.2294025909644546,-0.12308824809911346
404,能鷹,田中酒造,286,新潟県,上越市,上越,15,0.33196626604392127,0.4929767975195928,0.30242043143733977,0.42452043980680537,0.4106801407235645,0.45435490111469695,,False,2.4745955,4.9143744,0.4955172512711764,1.0337735131083776
405,吟田川,代々菊醸造,287,新潟県,上越市,上越,15,0.23893665263067373,0.5298581836497656,0.5227519528130494,0.4415983878603107,0.28173700972630916,0.33838601961194475,,False,7.7326827,5.7929854,-1.8787790827626778,0.3060392644819067
406,越乃雪椿,雪椿酒造,288,新潟県,加茂市,中越,15,0.4304586888866093,0.5492784109501015,0.28789380018620403,0.46167428190412607,0.2881237134176887,0.36600175878704455,,False,3.3042839,7.6195574,-0.03008747640634143,-0.30864188693476663
407,萬寿鏡,マスカガミ,289,新潟県,加茂市,中越,15,0.3281966994942243,0.5748594461059214,0.30018784712406177,0.41801718456187004,0.38013285110750844,0.39047592630373007,,False,5.1466312,7.166405,-0.2435424847145027,0.319861867920032
409,越の白鳥,新潟第一酒造,291,新潟県,上越市,上越,15,0.26493439709022015,0.5459817652143244,0.43108531881593515,0.34731075289119034,0.44271722740149694,0.35952165815335957,,False,7.1523147,4.8334603,-0.8190105810836763,0.8148573211543257
410,〆張鶴,宮尾酒造,292,新潟県,村上市,下越,15,0.3536938614512597,0.495586093825498,0.255627966143178,0.45540361041862665,0.390770935131786,0.45150309719634635,61.0,False,2.2680373,5.4090996,0.6475818346587785,0.9439537508921628
416,王紋,王紋酒造,295,新潟県,新発田市,下越,15,0.25769409130320164,0.5636743655727564,0.3508771489702858,0.5331295003828084,0.31050448165419975,0.3348284544782382,,False,6.1267104,5.766857,-1.450743568563813,0.6054832164416486
419,越後鶴亀,越後鶴亀,296,新潟県,新潟市,下越,15,0.582047000642397,0.5339642993177511,0.2738277061445295,0.22281029164692176,0.2030210029071137,0.4585410011762535,,False,0.20683578,10.171316,1.8571231270751538,-2.1483104602483607
421,想天坊,河忠酒造,297,新潟県,長岡市,中越,15,0.21655662258619962,0.36315019498492124,0.22082725153976734,0.25515504641514414,0.654279633432176,0.528464335256985,,False,0.0692589,3.3815248,2.239483392193023,3.2253643062218176
424,柏露,柏露酒造,298,新潟県,長岡市,中越,15,0.29304920772401194,0.5157379712531183,0.35424731456656505,0.4245254788229846,0.3394917773206736,0.4766222801592362,,False,2.9969294,5.5785303,0.018082199389360284,0.5682563628832032
425,真野鶴,尾畑酒造,299,新潟県,佐渡市,佐渡,15,0.2705063204143453,0.4719504153394683,0.28656733864152373,0.4120513415314401,0.487510289835777,0.46315840243601997,,False,1.90167,4.0105734,0.598264878068481,1.8339880206370853
426,緑川,緑川酒造,300,新潟県,魚沼市,中越,15,0.2543793116045653,0.5125821302358201,0.3447585032590795,0.5732297487130776,0.3125722222829634,0.3569293502480386,,False,5.555862,4.579669,-1.2060722713849203,1.0979680650547055
427,根知男山,渡辺酒造店,301,新潟県,糸魚川市,上越,15,0.2578983943507976,0.5872052999529025,0.46495979206412025,0.4164973363457435,0.2992323695918309,0.3308786839123227,,False,8.145956,6.1493487,-1.745225076867138,-0.08006301842702575
428,天神囃子,魚沼酒造,302,新潟県,十日町市,中越,15,0.21351775576237603,0.5554389056178832,0.4202409683228923,0.4815960630799679,0.33226799761072373,0.35631240286142174,,False,6.8790393,5.4786744,-1.6066418410014938,0.7415634850859312
431,久保田,朝日酒造,305,新潟県,長岡市,中越,15,0.3564083454513281,0.48657623123439736,0.2670412186823361,0.44984198954015525,0.37784999353695536,0.4688040281884397,54.0,False,2.115331,5.497115,0.7398211423960501,0.885328083279255
432,朝日山,朝日酒造,305,新潟県,長岡市,中越,15,0.3213969224165753,0.5549340868170339,0.27958452526108063,0.4218415211492434,0.3559373553753247,0.4538094323250088,,False,3.2691922,6.348354,0.20118451206433285,0.3425609637190205
433,洗心,朝日酒造,305,新潟県,長岡市,中越,15,0.3055751525801545,0.4011937490907715,0.2153418006333816,0.40713200865271165,0.5174802840085471,0.5155123605782125,,False,0.72755724,3.9146066,1.7245395503357335,2.350221711746549
434,越州,朝日酒造,305,新潟県,長岡市,中越,15,0.3618513505422397,0.3845265600440957,0.20154894334693998,0.47826506749535586,0.3880976422306787,0.548838494892436,,False,0.91337967,5.098967,1.8788252844517332,1.7016280930661598
436,峰乃白梅,峰乃白梅酒造,1596,新潟県,新潟市,下越,15,0.3933188056865264,0.5135122941772239,0.2733707442031475,0.38384356760371374,0.3291821634387306,0.5011757136165284,,False,1.5328654,6.749369,1.0504615220598494,0.038172825809572715
437,菊水,菊水酒造,308,新潟県,新発田市,下越,15,0.24295498233821516,0.5843427210715649,0.4549187067313611,0.4046358300538099,0.33358148402525856,0.34286829790132684,,False,8.147755,5.782441,-1.6040929473294587,0.1691477499416237
438,鶴の友,樋木酒造,309,新潟県,新潟市,下越,15,0.17555254099205192,0.6276675445303378,0.3270788239428129,0.6086127249107042,0.22142923818480437,0.22089328956838333,,False,8.452722,4.1737185,-2.918428367509814,0.23112751899988804
442,麒麟山,麒麟山酒造,311,新潟県,東蒲原郡阿賀町,下越,15,0.23399482350313164,0.4335985997321415,0.241447343000309,0.3934868094300598,0.5645709626597992,0.47473109901089783,,False,0.87043035,3.5305994,1.052483802627956,2.643635734605551
443,亀の翁,久須美酒造,312,新潟県,長岡市,中越,15,0.32899781525655364,0.5781726008367707,0.44507857135676143,0.4512474498109683,0.2625125605038615,0.2946944877901302,,False,7.532621,6.84391,-1.665158361476511,-0.3817848647723179
444,清泉,久須美酒造,312,新潟県,長岡市,中越,15,0.3185337722971655,0.46601550581826195,0.2545988276038861,0.5321298761042882,0.3243043173476727,0.4777130162898102,,False,3.8426921,4.829339,0.4561347874175081,1.120369412623031
445,夏子物語,久須美酒造,312,新潟県,長岡市,中越,15,0.19727826636619017,0.4298572752807076,0.3352854140822097,0.6032020397880103,0.38302003984548244,0.3915745751244148,,False,5.045886,4.1325006,-0.8331379414894174,2.37930770838896
446,幻の瀧,皇国晴酒造,313,富山県,黒部市,呉東,16,0.28715633958829845,0.5221966170450416,0.33716926682528847,0.44769961800720226,0.3799411590838911,0.4317158590550687,,False,3.267354,5.2400002,-0.21320444639241937,0.8913878195398496
450,北洋,魚津酒造,314,富山県,魚津市,呉東,16,0.3039344808837415,0.5869311197278233,0.403431897401594,0.46826594562905044,0.23933658553354692,0.35188549156394366,,False,6.853559,6.957174,-1.4067620701894397,-0.4094228694504979
452,風の盆,福鶴酒造,315,富山県,富山市,呉東,16,0.1902510818194154,0.5760555320646712,0.5017294093785185,0.4246583023977475,0.30846964231181195,0.32364170866190856,,False,9.061134,5.483512,-2.1880076364613554,0.3103856227510906
453,富美菊,富美菊酒造,316,富山県,富山市,呉東,16,0.446388376558073,0.5524288888445907,0.19830331675529908,0.3203317598872006,0.2649474097847868,0.532377655676426,,False,0.52822214,9.135138,1.7091628354115516,-0.9962934020390442
454,羽根屋,富美菊酒造,316,富山県,富山市,呉東,16,0.4781617176081636,0.5347698799884808,0.22399130736174433,0.35607235556564554,0.2435438695452212,0.49910850794828776,30.0,False,0.6282439,9.188209,1.4924006672100603,-1.019627012095352
455,よしのとも,吉乃友酒造,317,富山県,富山市,呉東,16,0.41656604939411646,0.4438746383878516,0.2020862545655933,0.2788311379392398,0.5707720515497553,0.43021115663017717,,False,0.44319174,4.470316,2.0718701494935514,1.5512365670910264
456,黒部峡,林酒造場,318,富山県,下新川郡朝日町,呉東,16,0.3283608015354244,0.5567771230539935,0.2995159912351449,0.39974963095452426,0.35927144781823545,0.4512126434259918,,False,3.1425898,6.4743342,0.19095698458149268,0.23837072036059465
457,三笑楽,三笑楽酒造,319,富山県,南砺市,呉西,16,0.2326556913349706,0.5989407830812956,0.43631613123200674,0.4915605464913691,0.22617464057912118,0.3224635830138926,,False,8.351796,5.1466618,-2.1467145294505268,-0.23509522676827302
459,成政,成政酒造,321,富山県,南砺市,呉西,16,0.3304198541185448,0.5770554913677683,0.368874940162633,0.31871222581609826,0.2907883580102304,0.48541282056375407,,False,3.0571203,8.674398,0.13551425756475222,-0.6429862243353485
460,有磯,高澤酒造場,322,富山県,氷見市,呉西,16,0.21905602152472384,0.553259477274871,0.4542901273914537,0.482289359045682,0.3116564919238579,0.33137002819653527,,False,7.3529243,5.385917,-1.8859851847777036,0.5938952018218515
463,銀盤,銀盤酒造,323,富山県,黒部市,呉東,16,0.21794918935492213,0.44667308340524736,0.3514200596958961,0.4305634073597122,0.5222376241749656,0.41396650251318134,,False,1.6481206,3.2756753,-0.06205844613607473,2.4408083527687756
464,若鶴,若鶴酒造,324,富山県,砺波市,呉西,16,0.24162844098177444,0.49818772585492904,0.2762176416313909,0.41804722943576944,0.5083738628245513,0.4288601524106957,,False,2.1667159,3.7254112,0.23403998966362,1.9313440669838822
465,満寿泉,桝田酒造店,325,富山県,富山市,呉東,16,0.38905862748582326,0.5232589356388891,0.366881689385208,0.3981578525085998,0.3051177276883433,0.4342865337341258,97.0,False,3.6219418,7.276378,0.13887447791612503,-0.14750316096809493
468,五凛,車多酒造,328,石川県,白山市,加賀,17,0.2646418835145266,0.5717129690611966,0.33712582822051157,0.48267889644420275,0.3467926500863938,0.3690678409414885,,False,5.943566,6.0431294,-1.0148128348586714,0.581272809333558
469,天狗舞,車多酒造,328,石川県,白山市,加賀,17,0.194648020566245,0.6146611074882607,0.5168946325672286,0.4016935438172148,0.2609921124352232,0.29605611622850236,75.0,False,9.593536,5.603962,-2.5502299703066593,-0.3331358789074
470,手取川,吉田酒造店,329,石川県,白山市,加賀,17,0.4303543802428101,0.4486564761275601,0.20973364398376793,0.32530097126326835,0.35483063730181147,0.5811959818710738,52.0,False,-0.47965834,6.869581,2.4304330260853844,0.2884241134882675
472,竹葉,数馬酒造,332,石川県,鳳珠郡能登町,能登,17,0.3551042607898075,0.5490116139208276,0.31078374876065307,0.44419019554568584,0.2508140760180165,0.4644222676698026,,False,3.1915483,7.3285446,0.07587967170765998,-0.33321647657268066
473,遊穂,御祖酒造,333,石川県,鹿島郡中能登町,能登,17,0.2523130618894642,0.568392879799303,0.4537072129125314,0.44311802311108295,0.28849265367905247,0.35754136028144434,,False,7.782514,6.1755342,-1.5884989831803455,0.09210221579251485
475,宗玄,宗玄酒造,334,石川県,珠洲市,能登,17,0.1918428329991766,0.6022417819708578,0.47945456806532555,0.4616991110848054,0.2717035005414341,0.2891982352189228,,False,9.16381,5.2036724,-2.5451321220676744,0.05272191678398976
476,常きげん,鹿野酒造,335,石川県,加賀市,加賀,17,0.281437984624685,0.5880830436230708,0.39950196381552855,0.43366081185013655,0.31037759592852854,0.36187459669347416,,False,6.9331956,6.6473994,-1.2352405284114967,-0.012966897933261305
478,獅子の里,松浦酒造,337,石川県,加賀市,加賀,17,0.37375017050856635,0.46501159680037896,0.2770464050352822,0.35129419896269065,0.41425823697952935,0.5218264205775509,,False,0.30027562,5.5026736,1.4999272727202202,0.8276496948960881
479,日榮,中村酒造,338,石川県,金沢市,金沢周辺,17,0.3336125682947272,0.6102662003244657,0.262475040369488,0.448310285701929,0.3481540473603005,0.3538238534085391,,False,5.662893,7.923191,-0.541962312059198,0.0025715888121294523
480,萬歳楽,小堀酒造店,339,石川県,白山市,加賀,17,0.29646875987771615,0.60252439992161,0.4430610411675824,0.3820171302307026,0.2866008251789791,0.3531152997707649,,False,8.348929,6.388882,-1.3515694114980052,-0.5109463681880481
481,神泉,東酒造,340,石川県,小松市,加賀,17,0.25413613427413917,0.5891997643398118,0.4308268103864928,0.391920779049886,0.37379650819518945,0.33063725715702685,,False,7.792089,5.4283843,-1.4435520710413068,0.3129014403416951
486,先一杯,菊姫,342,石川県,白山市,加賀,17,0.11263353656405682,0.5642590789302045,0.5784288117096835,0.4044146820695647,0.3089091666763329,0.27453484248805393,,False,10.053631,4.874994,-2.987045431911427,0.5678648255386536
488,福正宗,福光屋,344,石川県,金沢市,金沢周辺,17,0.2636391700667623,0.4947526266973241,0.38247976980099957,0.4039932477978266,0.36649366576388526,0.49182852780648517,,False,2.7740998,5.388903,0.04603547287241791,0.8913879390339288
490,黒帯,福光屋,344,石川県,金沢市,金沢周辺,17,0.057812210133325166,0.6316726589004081,0.46221282581740947,0.3783818186868454,0.43521080636183834,0.2267718177379805,,False,8.957992,5.295462,-3.0029942277257846,1.090760748183119
491,加賀鳶,福光屋,344,石川県,金沢市,金沢周辺,17,0.2725223232263452,0.49375615618075513,0.3140427538178306,0.3582199821348215,0.5111751624617968,0.44010451944159623,,False,1.6896002,4.0785503,0.460218231006472,1.6323990410596299
493,加賀鶴,やちや酒造,345,石川県,金沢市,金沢周辺,17,0.20492835147253605,0.5511171447641066,0.30566174853016825,0.5517650694449198,0.361498288098349,0.3545693935433426,,False,5.54082,4.676678,-1.2935285518482669,1.2833915547724388
495,華燭,豊酒造,346,福井県,鯖江市,嶺北,18,0.28622531460790684,0.5318534999039826,0.5149695532708709,0.4187430057352386,0.26103285963690864,0.35570974748955725,,False,7.6985183,5.899884,-1.5236454955466106,-0.08820825214988733
497,白岳仙,安本酒造,348,福井県,福井市,嶺北,18,0.3837413296699309,0.45033644377016585,0.2279987871108595,0.31955485634348674,0.41782662484863053,0.5667996451537931,,False,-0.058138262,5.4438047,2.171895022392409,0.8137119973750199
498,早瀬浦,三宅彦右衛門酒造,349,福井県,三方郡美浜町,嶺南,18,0.2670785811270172,0.5216337316609638,0.30834262839066845,0.4577624118222838,0.42564079565300017,0.4132500361915264,,False,3.3772547,4.141889,-0.23066705180843775,1.3022196356359386
500,雪きらら,畠山酒造,351,福井県,南条郡南越前町,嶺北,18,0.34587129313487897,0.6176100022748908,0.4061291085740297,0.22692632919767983,0.2691327858005743,0.45832528357943386,,False,3.6716814,9.7617035,-0.03746524774372534,-1.434181056482336
502,福千歳,田嶋酒造,352,福井県,福井市,嶺北,18,0.41926178498612365,0.5924009936247207,0.40006163978674913,0.36275025203766836,0.2704848407477599,0.32936531138858205,,False,4.6270137,9.333446,-0.6878304381091819,-1.0510322529203697
506,舞美人,美川酒造場,356,福井県,福井市,嶺北,18,0.2734238924895444,0.61702869915458,0.6209356100326735,0.26098773876955145,0.09111662424875437,0.2872926880835855,,False,10.956192,5.7708745,-2.5246161861914476,-2.244896892626486
507,飛鳥井,丹生酒造,357,福井県,丹生郡越前町,嶺北,18,0.29840366694285503,0.5527819009816769,0.39886862815147756,0.47885803122173487,0.2788220875611108,0.373154751277815,,False,6.626232,6.3558927,-1.1217691915606995,0.11163100275854222
508,北の庄,舟木酒造,359,福井県,福井市,嶺北,18,0.2653587889209155,0.4631681251422153,0.3838389807404734,0.505585896682992,0.4107431020944141,0.37868277359274927,,False,4.7571225,4.1255474,-0.6557573241387584,1.7210644720284403
510,越の鷹,伊藤酒造,360,福井県,福井市,嶺北,18,0.23496442856814406,0.3973474076403478,0.26957984730486445,0.4246143208826323,0.5752167102069998,0.4506238738418594,,False,0.9861426,3.373757,0.8889814340752985,3.033110805232972
512,一乃谷,宇野酒造場,363,福井県,大野市,嶺北,18,0.22185144756921482,0.5350051794016377,0.43050323637941296,0.3616098508996332,0.40914185616013554,0.4255110033382225,,False,7.1344233,4.936873,-0.6874504490734779,0.8854312123443464
513,一本義,一本義久保本店,364,福井県,勝山市,嶺北,18,0.21729760886401436,0.533605734099163,0.3538244396729446,0.42178722192756557,0.4421304158105843,0.41166876301510696,,False,3.0612943,3.7530777,-0.5708461477823686,1.3649958356280545
514,常山,常山酒造,366,福井県,福井市,嶺北,18,0.3620049286086328,0.4178886647494563,0.19724856577184766,0.29602204479939004,0.5049655052883718,0.5592810441089271,,False,0.10164971,4.4554615,2.5227057676465705,1.570293904721219
517,雲乃井,吉田金右衛門商店,367,福井県,福井市,嶺北,18,0.1524778482508851,0.5411430367325278,0.4256325448331428,0.5266093310478916,0.41339136492642653,0.23354196245021788,,False,9.001843,4.725219,-2.4872599033063323,1.7201030937885042
519,越前岬,田辺酒造,368,福井県,吉田郡永平寺町,嶺北,18,0.2227770928192877,0.5362228280106189,0.3571196206536767,0.5690938716906417,0.31432726043584636,0.33560625847934616,,False,5.7256894,4.553933,-1.597657202301648,1.0566052318888104
520,関西,片山酒造,369,福井県,越前市,嶺北,18,0.22679406439351726,0.5389443617590669,0.34077741119322175,0.5211109330333749,0.28443814161379866,0.4353303600402816,,False,5.231215,5.548309,-0.8897503118563242,0.67469587989169
522,黒龍,黒龍酒造,371,福井県,吉田郡永平寺町,嶺北,18,0.4068037803757962,0.5241337391990352,0.2553484988608412,0.3849116573793366,0.3572931066994978,0.46773529239648737,18.0,False,1.4354969,6.972112,0.9969610052682062,0.10824625588306483
523,九頭龍,黒龍酒造,371,福井県,吉田郡永平寺町,嶺北,18,0.310653344974048,0.6149846849918703,0.3052444084292684,0.4142119710469597,0.33922550327728673,0.3814035770312272,,False,5.481719,7.6825495,-0.6136424944892251,-0.1383864416572563
524,花垣,南部酒造場,372,福井県,大野市,嶺北,18,0.25145006927049995,0.5866661833750209,0.44956923326561643,0.4064064065725702,0.3051810967885357,0.36356772038882973,,False,8.182747,6.1097155,-1.490471808475122,-0.04497258455526643
531,白龍,吉田酒造,377,福井県,吉田郡永平寺町,嶺北,18,0.38990087837856535,0.537768418403834,0.23354551753478278,0.3751129700479813,0.30875766237507146,0.5178782579650708,,False,1.4583402,7.6892276,1.1923750353010218,-0.24260812675878116
532,春鶯囀,萬屋醸造店,378,山梨県,南巨摩郡富士川町,国中,19,0.21528658763108183,0.5123132372455895,0.3851605595217826,0.5337718853643276,0.32761467192852683,0.38806491293306966,,False,5.7310853,4.713245,-1.2436834660967915,1.1791685800110114
533,笹一,笹一酒造,379,山梨県,大月市,郡内,19,0.36806820148760006,0.5483440729979439,0.3035399340882415,0.4045118630058501,0.33204136554477476,0.44477721314171753,,False,3.1442618,6.835581,0.2918237037563756,-0.009574877159447404
535,七賢,山梨銘醸,381,山梨県,北杜市,国中,19,0.4787129476162039,0.44666399856830674,0.21170131696402392,0.33093188212881547,0.3230831204349039,0.5591145904409938,55.0,False,-0.85709244,7.8601665,2.456442305685006,-0.05616389737983284
536,酔園,EH酒造,382,長野県,安曇野市,中信,20,0.2999289015094377,0.6217088189742113,0.4464119197586205,0.340840280438548,0.3505626438031879,0.29184059406934404,,False,8.398042,6.2083173,-1.5479931060968877,-0.3947519835327696
537,明鏡止水,大澤酒造,383,長野県,佐久市,東信,20,0.32271139519710884,0.4594908242194019,0.2504588994247838,0.4249865165663934,0.4712450447318057,0.46830593218484573,,False,1.6543529,4.218885,0.9999450868494673,1.6803652492114152
538,澤の花,伴野酒造,384,長野県,佐久市,東信,20,0.4627124955133424,0.4562629752323351,0.2173559286895328,0.3399200537145898,0.36631705669713616,0.5298526354061863,,False,-0.3419148,7.1415195,2.19451080975083,0.24127920552852383
541,七笑,七笑酒造,386,長野県,木曽郡木曽町,中信,20,0.39907488125071944,0.5705576315326248,0.28724195890777854,0.4109958956598253,0.3108390507713336,0.408848069047393,,False,3.3576005,8.032412,0.1552780578003663,-0.36566930698787176
542,川中島,酒千蔵野,387,長野県,長野市,北信,20,0.3258676450512528,0.5503693285614357,0.34838986694417934,0.4874172770201486,0.25928277818600276,0.40586354812499986,,False,5.547455,6.640228,-0.6507740832152366,-0.04344429335520423
543,竹雀,大塚酒造,915,岐阜県,揖斐郡池田町,岐阜・西濃,21,0.16867895697922916,0.5848065456932113,0.5123662026900345,0.3473755309997395,0.36903243848458805,0.33192602750693634,,False,8.93211,5.5402064,-2.0009498984245946,0.4316068893336082
544,黒松仙醸,仙醸,389,長野県,伊那市,南信,20,0.45076998027095444,0.5546680023296647,0.2617377109476605,0.32179436896794905,0.2984825284216114,0.47749321154711993,,False,1.4718381,9.036108,1.1806649358801284,-0.8405710953913532
548,井乃頭,春日酒造,392,長野県,伊那市,南信,20,0.4152851321922523,0.5132995825752025,0.25077928556866563,0.2987774560316888,0.3712954353527003,0.5234914315357385,,False,0.15718281,7.5345316,1.6833631045216622,-0.07301934782034114
549,和和和,古屋酒造店,393,長野県,佐久市,東信,20,0.4244401472950181,0.5229684083556653,0.21380170287137293,0.41687524167186724,0.2869933432750873,0.49446262838786614,,False,1.8693881,7.1948304,1.212266005118834,-0.25488025365017974
551,真澄,宮坂醸造,395,長野県,諏訪市,南信,20,0.3589510562117988,0.49452878673985995,0.286990399670538,0.42807201824951185,0.3330209406563088,0.5000833221605757,53.0,False,2.1066785,6.0506935,0.7959834199378079,0.4603335935522304
555,大信州,大信州酒造,398,長野県,松本市,中信,20,0.40258175804451857,0.4569389329333439,0.2231905376152765,0.3216849589648406,0.4958873717608977,0.479515615264387,51.0,False,0.44242996,4.777264,1.880325105687762,1.1981757476350419
556,白馬錦,白馬錦酒造,399,長野県,大町市,中信,20,0.28315664618010145,0.5753090577064915,0.3449883774037743,0.5060793712099471,0.28829820720964466,0.3613760299973784,,False,6.0766916,6.182826,-1.1797378889392602,0.20605783079953027
557,斬九郎,宮島酒店,400,長野県,伊那市,南信,20,0.1927665108936266,0.54063144703996,0.32086092535371885,0.34231887016896706,0.5370465034905963,0.4024994677577827,,False,2.526523,3.7148948,-0.2283031596186648,1.7332637727019675
558,信濃錦,宮島酒店,400,長野県,伊那市,南信,20,0.21658750976168292,0.5965344331011855,0.402926402989775,0.4142759237524167,0.35927231922144015,0.36631365542923877,,False,7.6870093,5.5101194,-1.4092381892963164,0.4071540428989723
559,豊賀,高沢酒造,401,長野県,上高井郡小布施町,北信,20,0.37051699659411647,0.6328044011806524,0.289909561106298,0.3560604922792271,0.33377166692853133,0.3742266581285319,,False,4.2930717,8.446577,-0.24214815421490074,-0.706412100252739
560,渓流,遠藤酒造場,402,長野県,須坂市,北信,20,0.3414109594964584,0.5545746231409204,0.3623952772413668,0.42907311425965744,0.3505261110688126,0.37092171035874943,,False,5.031049,6.760334,-0.5513080144453497,0.22636269306510665
561,神渡,豊島屋,403,長野県,岡谷市,南信,20,0.38917644890199626,0.46516254864752854,0.23000443968495612,0.3634295334651979,0.4214861114463244,0.5191646027457016,,False,0.3603851,5.3922076,1.7338006303303624,0.8787471299929848
566,中乗さん,中善酒造店,405,長野県,木曽郡木曽町,中信,20,0.3948877855908053,0.5153230886426222,0.2558424857545257,0.37926853824552315,0.25786423498660754,0.5501924988563907,,False,1.526133,7.4374757,1.3065785219904398,-0.4316166178655326
567,一滴二滴,志賀泉酒造,407,長野県,中野市,北信,20,0.3642312433849815,0.612591630692436,0.2719645629050786,0.43042011060382773,0.3168891336710795,0.36389858095442396,,False,5.6149707,8.195453,-0.40168039422347196,-0.3878464219621429
570,今錦,米澤酒造,409,長野県,上伊那郡中川村,南信,20,0.3484647482140338,0.6122111247239059,0.29303782786739685,0.433098472298337,0.2550496980778283,0.4065391177469067,,False,5.6091146,8.408765,-0.4265474908265937,-0.7119096210978648
572,御湖鶴,諏訪御湖鶴酒造場,1854,長野県,諏訪郡下諏訪町,南信,20,0.4331586922110492,0.5299420856224332,0.2562087169584225,0.30350161403562625,0.28632572059369477,0.5401818014399871,,False,0.6600883,8.495325,1.617417462953016,-0.758353601301045
573,美濃菊,玉泉堂酒造,411,岐阜県,養老郡養老町,岐阜・西濃,21,0.18241315471196187,0.5887555234582741,0.40128343257033416,0.5400537921081429,0.3209259523062125,0.2537960127660377,,False,8.657997,4.6697445,-2.5332164847013328,0.7929218422834768
574,醴泉,玉泉堂酒造,411,岐阜県,養老郡養老町,岐阜・西濃,21,0.2753719628305535,0.4967856582354772,0.3270790107204489,0.5364886579400432,0.370967483853897,0.3807317407694349,,False,5.1735034,4.48883,-0.6521334419938046,1.3601611768443318
575,三千櫻,三千櫻酒造,412,北海道,上川郡東川町,道北,1,0.41541668266791637,0.5443280721853639,0.2600054353991271,0.4283761052810489,0.22926605252913376,0.47693195818377226,,False,2.6416092,7.5937204,0.663997366607048,-0.6947548853592841
576,久寿玉,平瀬酒造店,414,岐阜県,高山市,飛騨,21,0.24389668718343285,0.518100865530446,0.34632115069450825,0.4205940623534601,0.45935173535594914,0.40527049934293596,,False,2.9635086,3.70795,-0.3624837736640933,1.4705819939738412
577,山車,原田酒造場,416,岐阜県,高山市,飛騨,21,0.6015580827514249,0.4349109780090146,0.1558877633008453,0.2873276504536679,0.3314271818253125,0.48195244990438446,,False,-0.83419484,8.541077,3.0197312691162206,-0.5152494673682131
579,美濃天狗,林酒造,418,岐阜県,可児市,中濃,21,0.5085331422628647,0.48391865936810863,0.22544200460205918,0.36763889297333563,0.18721771214344732,0.5349615402342006,,False,-0.24006881,9.011567,1.9275403233134207,-1.1218515470063242
581,天領,天領酒造,420,岐阜県,下呂市,飛騨,21,0.33931200164047337,0.5040675121079468,0.28815737841957384,0.44448289032026284,0.3315199877812848,0.4901816928001707,,False,2.2793396,5.894398,0.5602498709918291,0.521541669727858
583,白川郷,三輪酒造,421,岐阜県,大垣市,岐阜・西濃,21,0.1748135282445439,0.5273446877975226,0.5788947747506025,0.47456183504151384,0.1692704462743699,0.31994879449840613,,False,9.243659,4.8114376,-2.7255196572173994,-0.04876581463351017
584,鯨波,恵那醸造,422,岐阜県,中津川市,東濃,21,0.21878648291011515,0.6265489415228382,0.41030203792211334,0.46841621546390677,0.28115694219094,0.30456224223909484,,False,8.54177,5.180313,-2.1645418688386484,-0.08641265314346451
587,白真弓,蒲酒造場,424,岐阜県,飛騨市,飛騨,21,0.27179703327375637,0.5708584792779574,0.3510659111705685,0.4485129490654397,0.32856820891331273,0.4097301086888061,,False,6.1894627,6.6070294,-0.749578353529496,0.31875106977625933
588,奥飛騨,高木酒造,425,岐阜県,下呂市,飛騨,21,0.34086611997803,0.5073837442412125,0.31513120605119277,0.3405222250316694,0.4253220845411172,0.47980213209685907,,False,1.2479421,5.478749,0.8229769620628853,0.6960683646783288
589,小左衛門,中島醸造,426,岐阜県,瑞浪市,東濃,21,0.41880543401074544,0.5899653274016134,0.3063195783422573,0.3491429901498775,0.2409226887195989,0.4502961995403933,,False,2.953828,9.131439,0.3802509036064917,-1.225113302943006
590,房島屋,所酒造,427,岐阜県,揖斐郡揖斐川町,岐阜・西濃,21,0.29177246146949465,0.5012465792053191,0.32789774334195176,0.2977203793019283,0.4270675057876502,0.5339285427123043,,False,0.886059,5.839024,1.0113357486840817,0.7686091106545552
591,三千盛,三千盛,428,岐阜県,多治見市,東濃,21,0.25168350186160604,0.3213572571642085,0.18903929271447256,0.22252914702297602,0.7021297133958981,0.5051175291557485,,False,0.048064932,3.2400908,2.769278626125646,3.5540299570853993
595,蓬莱,渡辺酒造店,431,岐阜県,飛騨市,飛騨,21,0.35311721190085676,0.5881575741626219,0.33960824277940516,0.40622663474744986,0.30328272887355334,0.3962885964036346,,False,4.479697,7.91423,-0.41364007196843633,-0.3938299706304358
596,御代櫻,御代桜醸造,432,岐阜県,美濃加茂市,中濃,21,0.31385478991598065,0.5104162343988402,0.3019577582202257,0.4204399781868607,0.422425378455311,0.44111106893688246,,False,2.5405033,4.771818,0.3008051636586819,1.0496777945489408
598,百春,小坂酒造場,434,岐阜県,美濃市,中濃,21,0.466777791923012,0.5793978052716772,0.2248885925198713,0.2777148980998721,0.20178604219141225,0.5272557498201187,,False,0.31000268,9.9051075,1.5737861594914049,-1.7984437708463585
602,駿州中屋,富士高砂酒造,438,静岡県,富士宮市,東部・伊豆,22,0.1636803507339405,0.4377785809060787,0.25266452736491035,0.4659854742925415,0.581122731885049,0.40357552171774885,,False,1.420624,3.1906042,0.11762448729944146,3.2337625871642395
606,志太泉,志太泉酒造,440,静岡県,藤枝市,中部,22,0.3573823752232862,0.49848223512249945,0.2689843470092436,0.4143767777095268,0.38964020706489483,0.47740246683961063,,False,1.9218299,5.727813,0.8507973784775408,0.7528095422406326
607,磯自慢,磯自慢酒造,441,静岡県,焼津市,中部,22,0.3772912338852471,0.5177300135301351,0.24500706860268673,0.4712347959659489,0.34926688308707715,0.4307306649261468,38.0,False,3.5441868,5.8409142,0.47813028835499033,0.5201463588877524
608,臥龍梅,三和酒造,442,静岡県,静岡市,中部,22,0.3839349100679698,0.4607518665868096,0.26126736901043895,0.3557667844589651,0.4318721320240115,0.5088786896844836,,False,0.3069327,5.410959,1.5747438738754012,0.9493969180049451
609,喜久酔,青島酒造,443,静岡県,藤枝市,中部,22,0.2230347853584671,0.5345587000780534,0.2871785395738014,0.6437641496332345,0.2748866921015822,0.3033743450782732,,False,5.9204154,4.291278,-1.7224712260662685,1.1177514336259764
611,正雪,神沢川酒造場,445,静岡県,静岡市,中部,22,0.3318679143012236,0.4980017339958726,0.24903369517723012,0.5089100047969087,0.3784907330471242,0.4214208716661946,,False,3.6538594,5.0061088,0.23629749681617607,1.126709850365155
614,杉錦,杉井酒造,448,静岡県,藤枝市,中部,22,0.1439575886372934,0.595687926859016,0.4975781741845272,0.5004532833049874,0.23393132614130202,0.2677138638964471,,False,9.529392,4.9142323,-3.07363044709921,0.16589991548491373
615,花の舞,花の舞酒造,450,静岡県,浜松市,西部,22,0.44990904262016157,0.5032343659785241,0.28234715086833934,0.33299529828281277,0.37483883241365357,0.4617651932526346,,False,0.85331166,6.79885,1.3047721107356878,-0.007409354214931879
617,開運,土井酒造場,451,静岡県,掛川市,西部,22,0.36231598839031326,0.5357581657500938,0.2910774197512275,0.43461815603944126,0.3057162726581989,0.4632589634024004,,False,3.0709815,6.7293625,0.3512080064110025,0.03992832289741639
618,初亀,初亀醸造,452,静岡県,藤枝市,中部,22,0.35965401985887097,0.5382501186257118,0.2534171063412126,0.4470815585390319,0.3396878945099548,0.44882711632666844,,False,3.3537183,6.215209,0.429115943544179,0.30665197943650174
621,山崎醸,山﨑,453,愛知県,西尾市,西三河,23,0.4560829017792704,0.5362690104015632,0.24867377818017034,0.38928193374902814,0.27411070689067524,0.46463769074154904,,False,1.6400154,7.889483,1.0370285735875449,-0.6495772837575923
623,孝の司,柴田酒造場,455,愛知県,岡崎市,西三河,23,0.4368772380053868,0.41763739402293887,0.19678983729555263,0.3865182887085191,0.2875427089789642,0.6032527239644919,,False,-1.110074,7.9806023,2.4971975802604534,0.26476407138358976
625,國盛,中埜酒造,457,愛知県,半田市,知多,23,0.40344018455356323,0.5112429560961086,0.3270900987161604,0.3835382733972897,0.2568327491887438,0.5057806406288494,,False,2.086623,7.313666,0.7910670083193665,-0.46018165137941613
626,醸し人九平次,萬乗醸造,458,愛知県,名古屋市,尾張,23,0.4919699608020264,0.52498249756948,0.2485744321899887,0.32713269100319636,0.23441430932927712,0.5085310419573947,15.0,False,0.41744226,9.19717,1.6120233717358137,-1.1799894120536814
627,白老,澤田酒造,459,愛知県,常滑市,知多,23,0.29883586038328563,0.5552126512616643,0.3892108191486572,0.34030366330055495,0.3608965904549133,0.45265665401918875,,False,3.7257936,7.1983633,-0.13296873094666617,0.11571496238223337
628,義侠,山忠本家酒造,461,愛知県,愛西市,尾張,23,0.25908021154400407,0.5938833489913167,0.441683378675921,0.44089303824602055,0.26020094543067623,0.3507201186156421,,False,7.82849,6.3857245,-1.6899040859622994,-0.2721258340681344
630,一念不動,関谷醸造,462,愛知県,北設楽郡設楽町,東三河,23,0.3791815820856806,0.4921735450618546,0.32266206718714735,0.3704848348989301,0.30764616159077873,0.5272291210803293,,False,1.5384163,6.998876,1.0183570061070186,0.021233767866936062
632,蓬莱泉,関谷醸造,462,愛知県,北設楽郡設楽町,東三河,23,0.34109428761207666,0.5815514843500176,0.3636212807298437,0.4443581618709233,0.2438462118858482,0.3953694109775134,,False,5.2553196,8.141531,-0.7418573738123106,-0.5524401386082949
635,金鯱,盛田金しゃち酒造,464,愛知県,半田市,知多,23,0.19925015336809335,0.5772805622562925,0.39909133611423214,0.5237727851368336,0.30257515072224095,0.3191911370602645,,False,8.348578,4.811385,-2.0343150742894753,0.6316866626968235
636,四海王,福井酒造,467,愛知県,豊橋市,東三河,23,0.3147497388694268,0.6455901837819119,0.41421840625512996,0.3863319418082411,0.2683016922447611,0.3022099619185253,,False,8.308211,7.0165534,-1.6478378372005709,-0.9354283981335869
637,東龍,東春酒造,468,愛知県,名古屋市,尾張,23,0.32248486815873306,0.6391932569565809,0.334233708545662,0.39243687599856236,0.24633320979078163,0.40129361601246055,,False,4.953052,8.905749,-0.7565849666552917,-1.0032977757724024
639,ほしいずみ,丸一酒造,469,愛知県,知多郡阿久比町,知多,23,0.4050433689653268,0.5844641322912894,0.3431943456987256,0.3472794978542876,0.2234521723408651,0.45390006108047,,False,3.3717492,9.228422,0.18425373493275793,-1.271334002502013
640,三重の寒梅,丸彦酒造,470,三重県,四日市市,北勢,24,0.5425913883317622,0.32250719172508285,0.16199330652354751,0.3518099255858789,0.4087851328350226,0.533353875647014,,False,-0.8733528,7.468352,3.4390348057523172,1.119128694903588
643,田光,早川酒造,474,三重県,三重郡菰野町,北勢,24,0.43361560992242054,0.533993522285855,0.250914180932969,0.3790961364681273,0.3165023177937023,0.46902334370609333,,False,1.4662782,7.6837115,1.054072934026525,-0.325633092355257
645,半蔵,大田酒造,476,三重県,伊賀市,伊賀,24,0.3499506633924123,0.5355186529845888,0.2970432165293972,0.4849170237297724,0.3338582898591482,0.3948591589415597,,False,4.0922184,5.8778186,-0.20315559803600275,0.4390903460472363
648,鈴鹿川,清水清三郎商店,835,三重県,鈴鹿市,北勢,24,0.4544571838433117,0.5434248971615004,0.2206146896825093,0.40336841510226246,0.26575510978090683,0.4649251028044582,,False,1.8023703,7.6872272,1.0709848803598045,-0.67799967952169
652,るみ子の酒,森喜酒造場,480,三重県,伊賀市,伊賀,24,0.19441717369195782,0.5647701418842557,0.4348321424359662,0.42198472345397436,0.34952728783751563,0.3923228588071817,,False,7.6690626,5.2552524,-1.3979639771260628,0.6417588817637333
653,酒屋八兵衛,元坂酒造,481,三重県,多気郡大台町,伊勢志摩・南勢,24,0.26127263903635417,0.5844646556179622,0.38518666507933547,0.45175496676931515,0.3026210309951569,0.38223928247643396,,False,6.8053894,6.4941635,-1.1972864255233682,0.10691636020882604
654,天遊琳,タカハシ酒造,482,三重県,四日市市,北勢,24,0.2872106976563391,0.5693071035895064,0.41504790129784896,0.4610781157883383,0.27089825950257657,0.3676353910086562,,False,6.854197,6.434261,-1.3011305937056168,-0.0709520742974848
655,瀧自慢,瀧自慢酒造,483,三重県,名張市,伊賀,24,0.27821963414968676,0.4955551143928558,0.28932514386482794,0.41260467900453285,0.4629523175931399,0.45688341554383594,,False,2.0317035,4.1290755,0.44063008684891514,1.5047965079933245
656,噴井,石川酒造,484,三重県,四日市市,北勢,24,0.36710116930001546,0.45162786432131974,0.35083122173452136,0.4510077711741091,0.31904752650767626,0.48268739748752937,,False,2.489479,5.806871,0.5598400218216325,0.6668840518493184
658,宮の雪,宮崎本店,487,三重県,四日市市,北勢,24,0.28082366363768807,0.6034965610191247,0.3700765866615245,0.4890723542624497,0.2758455559223708,0.323559503581976,,False,6.6963916,6.9527926,-1.5934721802274703,-0.11207624579485684
660,而今,木屋正酒造,488,三重県,名張市,伊賀,24,0.45258019460727,0.5768661953855029,0.25355967062455004,0.38170292146323764,0.21793120652270775,0.4526730856517279,3.0,False,2.7055464,9.429393,0.7007401480706626,-1.271157809067211
664,義左衛門,若戎酒造,491,三重県,伊賀市,伊賀,24,0.367331427107129,0.4914153488704713,0.28076887646025944,0.3339740244749358,0.3880028729407541,0.5316601707208585,,False,0.47238,6.138726,1.4050067421156216,0.4582868185126278
667,若戎,若戎酒造,491,三重県,伊賀市,伊賀,24,0.46974486237622814,0.5321171104265828,0.2446405738752186,0.241450747992534,0.24295229282482914,0.5648166555453288,,False,-0.41528475,9.537741,2.079896883566346,-1.3935993510874505
668,七本鎗,冨田酒造,492,滋賀県,長浜市,湖北,25,0.22485706331857844,0.5227168881194422,0.40584516642129614,0.4722521127011197,0.3405889253027507,0.41529890784035045,86.0,False,6.462781,5.5119534,-0.9956500025525954,0.930525808488318
669,喜楽長,喜多酒造,494,滋賀県,東近江市,湖東,25,0.29562290763513804,0.5297804326139701,0.30352650814065646,0.43922621909521903,0.403924016525082,0.4286457347159834,,False,3.054198,4.7738166,-0.01953809837347259,0.9462967839054324
671,三連星,美冨久酒造,495,滋賀県,甲賀市,湖南,25,0.36466615819551496,0.5804376771697167,0.339164893634732,0.32391084579214774,0.32439172921591297,0.4526915516209838,,False,2.9101892,8.404588,0.25166896036221265,-0.549948390986926
672,笑四季,笑四季酒造,496,滋賀県,甲賀市,湖南,25,0.449572673276038,0.5969653368049463,0.28991227355132715,0.37564838560108216,0.2129622262110634,0.4135251532175796,,False,3.1028996,9.852209,0.23852498284926482,-1.4551699936796447
673,浪乃音,浪乃音酒造,497,滋賀県,大津市,湖南,25,0.3141733082353141,0.5838183664719336,0.36853501040278197,0.46745401649961327,0.2697950647410515,0.36514457269647876,,False,6.4753513,6.9757304,-1.081765726113276,-0.22548721293663865
675,御代栄,北島酒造,499,滋賀県,湖南市,湖南,25,0.2690551751087347,0.6141303790568831,0.46622423888826503,0.33855108889201707,0.26577573171058355,0.38449261369166593,,False,8.549845,6.385964,-1.3496825103643215,-0.777674075998477
676,不老泉,上原酒造,500,滋賀県,高島市,湖西,25,0.12515995325036627,0.6612424750308312,0.5824860690831521,0.3842406908162232,0.1576616889923208,0.18789688125853551,,False,11.248974,5.4568143,-3.9842825777650726,-1.1045031150608355
680,萩乃露,福井弥平商店,508,滋賀県,高島市,湖西,25,0.3389739395718409,0.5523591233802223,0.34521059759965633,0.38895277196446654,0.2988438425877663,0.46929075139320886,,False,3.741155,7.603612,0.09823228629777093,-0.2079243372169938
681,松の花,川島酒造,509,滋賀県,高島市,湖西,25,0.2224933403989735,0.5263564527104012,0.4115083885817966,0.5447126486023582,0.29315276349802033,0.34850542607127427,,False,5.8733854,4.6617765,-1.683071993188958,0.8769445902686773
682,竹生島,吉田酒造,510,滋賀県,高島市,湖西,25,0.22986625673416744,0.5184074809312497,0.4938748592490535,0.3069752462886164,0.38839006855734337,0.4352265662196313,,False,7.3495646,5.029495,-0.66761788419037,0.6081536160762421
686,富翁,北川本家,513,京都府,京都市伏見区,伏見,26,0.3489507960174128,0.5539294651604422,0.3582073644083464,0.4371727424559567,0.291205691174205,0.40885475703579394,,False,4.5185304,7.2674575,-0.40285763466953317,-0.1359703854090508
694,月の桂,増田徳兵衛商店,515,京都府,京都市伏見区,伏見,26,0.3998929299010106,0.5053947954221875,0.2962670076006678,0.3533626623719545,0.26094928405634576,0.5512965677152194,,False,1.4565316,7.4111915,1.2812565994398182,-0.4786802819262597
696,玉川,木下酒造,516,京都府,京丹後市,丹後,26,0.14229642022027492,0.6399154077458769,0.6070907059694736,0.344229532826056,0.1733213386699673,0.2305788731419574,72.0,True,11.003145,5.5134788,-3.558944670061897,-1.089622821769897
699,招徳,招徳酒造,518,京都府,京都市伏見区,伏見,26,0.2977981699503052,0.5037325455093852,0.36566457214488474,0.5320692285558511,0.28270204361528717,0.4010499766945567,,False,5.390978,5.3481793,-0.7615640114365908,0.6512756949629197
701,京姫,京姫酒造,520,京都府,京都市伏見区,伏見,26,0.4928160652382538,0.5751644340362678,0.2756222171648837,0.33619670605775287,0.2560423211455863,0.414445047848609,,False,2.6365335,9.967041,0.7676240448100199,-1.343974295768109
702,都鶴,都鶴酒造,522,京都府,京都市伏見区,伏見,26,0.2629457515375012,0.5874587531739071,0.3538364596129898,0.5290589848763781,0.2715067751308648,0.3270048417010005,,False,6.554313,6.3618865,-1.6314272525078426,0.1777346978266441
703,桃の滴,松本酒造,523,京都府,京都市伏見区,伏見,26,0.45135814557339454,0.5902106067267336,0.2477330259094838,0.3449689809393229,0.24627672603382625,0.4548623840342075,,False,2.3223364,9.442463,0.8232038770726172,-1.3026493978480516
704,澤屋まつもと,松本酒造,523,京都府,京都市伏見区,伏見,26,0.4313804243417333,0.3704297634167189,0.17248000831091032,0.2894445580559663,0.2984490350481732,0.6885443979101484,57.0,False,-1.6341588,8.65634,3.57228268716566,0.3144210381550927
707,玉乃光,玉乃光酒造,524,京都府,京都市伏見区,伏見,26,0.28152848168250855,0.5642001410683618,0.34938304112435875,0.5016447971453846,0.3212781630660085,0.35423755423243014,,False,5.997049,5.9628763,-1.1353620084443417,0.46956000418164034
709,松竹梅,宝酒造,525,京都府,京都市下京区,京都市街,26,0.37504780036139274,0.6075496061571459,0.2558258158123765,0.49229316084289604,0.221663111605062,0.36508722821701406,,False,5.9318075,8.174689,-0.5702132404325032,-0.761098401221875
711,鳳麟,月桂冠,526,京都府,京都市伏見区,伏見,26,0.3683374312769936,0.6555854475930211,0.24586141402162728,0.4314845796553979,0.2549382259640539,0.3505923290400341,,False,5.6500854,8.523213,-0.6182737266895035,-1.0440620480349356
717,徳次郎,城陽酒造,528,京都府,城陽市,山城,26,0.33866290079532474,0.4876427062807789,0.2535450166828624,0.40011024689687597,0.3888387572327998,0.5214817027980118,,False,1.7949963,5.6821136,1.168111684461373,0.8411422889278821
718,城陽,城陽酒造,528,京都府,城陽市,山城,26,0.3691652463887222,0.5071446273908169,0.2786406213551302,0.4066617010034095,0.34531484529487805,0.4942313936348019,,False,1.9379655,6.252513,0.8696309784191202,0.34702007310921634
719,酒呑童子,ハクレイ酒造,529,京都府,宮津市,丹後,26,0.3081046264854039,0.42661356287572194,0.2166849017292916,0.37217630043168565,0.5432236765091356,0.49245598701632337,,True,0.7460342,3.9489017,1.6333537615229372,2.215817541551025
720,香田,ハクレイ酒造,529,京都府,宮津市,丹後,26,0.452325563184619,0.5898758361612442,0.2846401950499945,0.35972673104124164,0.30443537995865055,0.3799260725042513,,True,3.401566,9.067209,0.29930775533343623,-0.9057086745838572
721,池雲,池田酒造,530,京都府,舞鶴市,中丹,26,0.34500968744399957,0.5871336515282449,0.290779672951494,0.3938287811016853,0.2426129627090695,0.4875729833702991,,False,3.6233234,8.370993,0.2156984405477037,-0.7577755878524504
727,古都千年,齊藤酒造,531,京都府,京都市伏見区,伏見,26,0.3839211339287266,0.5092423965418671,0.2805459349397205,0.6100060403443499,0.19866745387963408,0.3209277120916257,,False,4.986051,5.2563624,-0.8140154346477296,0.09067370157926512
728,英勲,齊藤酒造,531,京都府,京都市伏見区,伏見,26,0.27275603092459577,0.5724851848593375,0.39479378159014594,0.5103863059019083,0.2533285631096939,0.34253932415003796,,False,6.8120303,6.4731803,-1.5910280776566492,0.03788171387508337
731,神聖,山本本家,532,京都府,京都市伏見区,伏見,26,0.27774843199172,0.5905176136951795,0.3795994629103685,0.4231428206134112,0.3337441216898117,0.3736495936045884,,False,6.5767407,6.689483,-1.0473301407093103,0.10209405843083011
737,聚楽第,佐々木酒造,535,京都府,京都市上京区,京都市街,26,0.27808945908224436,0.5048417536435149,0.36937807749294527,0.5120224351737749,0.4004752451460716,0.32986890774520156,,False,5.802314,4.758078,-1.0197991559487039,1.3771044137070323
742,坤滴,東山酒造,536,京都府,京都市伏見区,伏見,26,0.4156764164436417,0.4765489132300357,0.1752127370479653,0.5949462711130024,0.205322863610943,0.4162886054834323,,False,4.3545313,5.277113,0.4995485401662833,0.21339164520655152
744,京の春,向井酒造,537,京都府,与謝郡伊根町,丹後,26,0.2142208315742029,0.5249224639979267,0.4243058841413837,0.5071071384700976,0.3140082918661957,0.37785116321766743,,True,6.5328345,5.23581,-1.4712434060263564,0.906602357730036
747,天野酒,西條,539,大阪府,河内長野市,河内,27,0.1122699926313611,0.6298272178300867,0.5480744336609128,0.42070869601169536,0.24903771353753743,0.2265214116554344,,False,10.211693,5.092258,-3.5340446198728235,-0.14478992263427456
752,秋鹿,秋鹿酒造,542,大阪府,豊能郡能勢町,北摂,27,0.18238950998353784,0.5566150992382821,0.4534982363911275,0.4157104942883849,0.3840529832561842,0.36185789825370823,,False,7.712135,5.139511,-1.5875910700317897,0.9218000205653387
755,竹泉,田治米,548,兵庫県,朝来市,但馬,28,0.1932641582853754,0.5860601329602625,0.5160756078772998,0.3938671828516003,0.31101161299180385,0.31778746276041303,,False,9.072849,5.670008,-2.2173989954977107,0.13589740684619575
756,白鷹,白鷹,552,兵庫県,西宮市,灘五郷,28,0.19970741549735324,0.5870463795054877,0.44291361529484397,0.4574569869457765,0.33830798097164383,0.3091954737648966,,False,8.788729,5.3182054,-2.074322323789501,0.5350371886692713
759,都美人,都美人酒造,555,兵庫県,南あわじ市,淡路,28,0.23431823263713267,0.632272509557928,0.5036386398321235,0.36400584003791003,0.18977149754542585,0.35094313943549466,,False,8.904979,6.874283,-2.09715735084074,-1.1625179371972099
760,播州一献,山陽盃酒造,556,兵庫県,宍粟市,播磨,28,0.4522031760477847,0.5036877969876279,0.18861956697772672,0.2968352569290874,0.315414879449794,0.5644783731523254,77.0,False,-0.38240385,8.069808,2.3111535914291172,-0.47634337481724964
762,小鼓,西山酒造場,559,兵庫県,丹波市,丹波,28,0.37203920709160504,0.5658125959003578,0.35494908081785514,0.41586379404752116,0.29424005067544245,0.39488502391534397,,False,4.4547787,7.656867,-0.35030678336306725,-0.35178312007303736
764,龍力,本田商店,562,兵庫県,姫路市,播磨,28,0.2962880506122373,0.5383213134840035,0.413464133481629,0.420397245242304,0.34412717597633347,0.39536515752501383,,False,4.90172,6.805489,-0.7461547267145131,0.4020558196868761
765,白雪,小西酒造,563,兵庫県,伊丹市,阪神（伊丹など）,28,0.3219761938305847,0.5680285877952661,0.3654231802171586,0.4542166992802722,0.25726286927296954,0.4094432312324105,,False,5.600719,7.0587673,-0.7061914305008972,-0.27876135239028405
766,剣菱,剣菱酒造,564,兵庫県,神戸市東灘区,灘五郷,28,0.06449835986390878,0.617917246592942,0.6326189629607831,0.40653056850985275,0.18284165658023066,0.12293620754822131,,False,11.524947,5.2126675,-4.630128082184241,-0.39372722453818476
767,神鷹,江井ヶ嶋酒造,565,兵庫県,明石市,播磨,28,0.12461774310552652,0.5539982322857374,0.46250499856584815,0.5680235323882626,0.29434725591669003,0.23314043539601387,,False,8.946701,4.3045883,-3.1131163547575023,1.1324031931443967
768,惣花,日本盛,567,兵庫県,西宮市,灘五郷,28,0.19553690411231742,0.470779257027759,0.365031842063763,0.6401562309320324,0.3031329886931943,0.3243367936681308,,False,5.5248246,4.16895,-1.7340487658602677,1.7494252220388373
769,福寿,神戸酒心館,568,兵庫県,神戸市東灘区,灘五郷,28,0.3745302389004682,0.5483318066645064,0.2857401053571242,0.43502203631239095,0.31537562586174767,0.43440299800372906,,False,3.3251944,6.770508,0.22797525536818447,-0.02043119554578461
771,雪彦山,壺坂酒造,571,兵庫県,姫路市,播磨,28,0.38837830385899347,0.6130359795472603,0.3882374752252108,0.3061751624954758,0.3493695952644454,0.3268309952842948,,False,4.380132,8.519522,-0.5911455557649263,-0.7723277119577515
772,黒松白鹿,辰馬本家酒造,572,兵庫県,西宮市,灘五郷,28,0.2303386423774329,0.5909764809510374,0.3129818904242879,0.4977850136853168,0.3411969056706817,0.3681412728395841,,False,6.070383,6.094428,-1.1952118011013495,0.6164556336830788
774,白鶴,白鶴酒造,574,兵庫県,神戸市東灘区,灘五郷,28,0.38949902739641934,0.5538542063479379,0.28496579448630494,0.410317035704272,0.2821928858190737,0.46080107111929597,,False,2.8984463,7.41181,0.43980042661040636,-0.40487466201961037
783,奥播磨,下村酒造店,580,兵庫県,姫路市,播磨,28,0.15284933361726472,0.6036381917809475,0.5199352252841017,0.34784588125500443,0.35897361337210926,0.30342472532978804,,False,9.026694,5.548209,-2.3500580793042647,0.3072144693669799
785,猩々,北村酒造,581,奈良県,吉野郡吉野町,吉野,29,0.2814190909351836,0.5774728502298764,0.49692776446585674,0.41088272942494186,0.2879568727797634,0.2977371684670442,,False,8.263443,6.066135,-1.9165248567599402,-0.21010674330169407
788,御代菊,喜多酒造,584,奈良県,橿原市,北西部（奈良盆地）,29,0.22402267307686768,0.5157727108781548,0.5333070145323434,0.5359433747331909,0.17743245767051172,0.28400423052499363,,False,9.061919,4.54416,-2.632744696631186,0.13220174199215987
789,百楽門,葛城酒造,585,奈良県,御所市,北西部（奈良盆地）,29,0.3474811908928566,0.5123670928325883,0.3353904687251719,0.32341146292883816,0.46178632754295007,0.43175042673620756,,False,1.4543988,4.9819517,0.5862310057885877,0.797231883221112
792,風の森,油長酒造,589,奈良県,御所市,北西部（奈良盆地）,29,0.4865065607031679,0.47148024389063314,0.23401863883139062,0.2649743194438468,0.20144580127254258,0.6127489060602563,4.0,False,-1.0091466,9.245366,2.6036987258331465,-1.243676273057692
793,花巴,美吉野醸造,590,奈良県,吉野郡吉野町,吉野,29,0.33518278540224455,0.6053073063785331,0.43965379284983763,0.3095573554027059,0.15740116254713515,0.4553671325341812,99.0,False,4.0250015,9.6673355,-0.5946426559917866,-1.7328755326847203
797,長龍,長龍酒造,594,奈良県,北葛城郡広陵町,北西部（奈良盆地）,29,0.39054986969033406,0.598970137914377,0.3880208395529227,0.3112355189467313,0.2438388122061241,0.426404135360113,,False,3.9357982,9.837913,-0.14962604207577074,-1.3305861899590512
799,千代,千代酒造,596,奈良県,御所市,北西部（奈良盆地）,29,0.2672670256235776,0.5828796903695921,0.4511513684352871,0.3558079710196082,0.3392561052468461,0.3789301111545406,,False,8.354719,6.1182375,-1.1321642568342243,-0.048642649609455225
801,八咫烏,北岡本店,597,奈良県,吉野郡吉野町,吉野,29,0.2994509878852886,0.6005489242957461,0.36858776499000684,0.47847888994839805,0.25655112495781385,0.34504003686245954,,False,6.6560845,7.1631966,-1.3764432562228957,-0.3195782820424833
805,梅乃宿,梅乃宿酒造,598,奈良県,葛城市,北西部（奈良盆地）,29,0.378807377603409,0.6355266508777424,0.32780884259870785,0.39195993986771743,0.20931610878551854,0.38432587936961565,,False,5.030185,9.082348,-0.6125637286905125,-1.4176761264956652
806,金鼓,大倉本家,599,奈良県,香芝市,北西部（奈良盆地）,29,0.2946225447965664,0.560955145882061,0.4717507622895984,0.3755625701174285,0.15842309872069327,0.4580752955614816,,False,4.1563993,9.395426,-0.8922840889646407,-1.0761514445578064
807,大倉,大倉本家,599,奈良県,香芝市,北西部（奈良盆地）,29,0.24654791850478944,0.6218730252109156,0.5635179599014395,0.3177451194575357,0.19769406195087763,0.3080432927281138,,False,9.962454,5.984441,-2.3355355660863055,-1.2845116878179572
809,三諸杉,今西酒造,600,奈良県,桜井市,北西部（奈良盆地）,29,0.40738265620302944,0.5518348483262362,0.27257905470997085,0.429692627291507,0.22049775730737398,0.47112982882097715,,False,2.7616847,7.7778697,0.49319812087095394,-0.7677667852702272
811,春鹿,今西清兵衛商店,601,奈良県,奈良市,北西部（奈良盆地）,29,0.3190336681137802,0.48988305110927255,0.2803363617329354,0.36057276572567243,0.49582592811664283,0.4514283650373404,83.0,False,1.3820964,4.3791766,0.8538412381649987,1.4126672336046313
812,太平洋,尾崎酒造,602,和歌山県,新宮市,紀南,30,0.11003562062818449,0.5782338002577746,0.485564423423892,0.47344982541825614,0.32796273179063773,0.29334405483201925,,False,9.21354,4.8910747,-2.7386088693523827,0.8955230192643646
815,南方,世界一統,603,和歌山県,和歌山市,紀北,30,0.232744084390726,0.46055555769707035,0.268256157387813,0.36838639704502935,0.5993138702826317,0.40849938903017075,,False,1.132831,3.3216515,0.5794604078039761,2.5934220441003784
819,紀土,平和酒造,604,和歌山県,海南市,紀北,30,0.44571849728309126,0.4967992096519112,0.21687996748849064,0.3777096384626593,0.2841073210189989,0.533016984088636,14.0,False,0.539506,7.393504,1.7287253698184277,-0.32783945103849543
830,黒牛,名手酒造店,608,和歌山県,海南市,紀北,30,0.19024862487368596,0.5992135852180702,0.46762774865902507,0.4243394833368583,0.33219880275076635,0.3092778476390372,,False,8.929667,5.4748006,-2.1849575813882653,0.32628034077969703
833,いなば鶴,中川酒造,610,鳥取県,鳥取市,東部（因幡）,31,0.23142686501292517,0.5533215026947164,0.4520859874976015,0.4008440042526397,0.34370442004562063,0.39634143943080474,,False,7.611927,5.2012515,-1.1910615704802308,0.4578016324854588
834,日置桜,山根酒造場,611,鳥取県,鳥取市,東部（因幡）,31,0.11764815228500905,0.6325987739144738,0.5392554509447395,0.4334110698441456,0.2428005100009496,0.21996367657421392,,False,10.197138,5.094301,-3.5670325204817255,-0.17172649469130352
835,辨天娘,太田酒造場,613,鳥取県,八頭郡若桜町,東部（因幡）,31,0.12737391499950468,0.6518842305680872,0.475227118865666,0.48346741682849337,0.2264724714451828,0.21897830429447804,,False,9.759839,5.1155605,-3.5110194440155222,-0.22381609616606643
836,いなたひめ,稲田本店,614,鳥取県,米子市,西部（伯耆）,31,0.2735561094130666,0.6236073502227674,0.4336561363173301,0.3467083065147099,0.3203055451163486,0.35414826153275275,,False,8.330399,6.260423,-1.3415143639930376,-0.4709883719503354
837,千代むすび,千代むすび酒造,616,鳥取県,境港市,西部（伯耆）,31,0.3328620876107661,0.5437953938433153,0.3473758549064321,0.35621388415362343,0.3756867275647589,0.45253791792742987,,False,3.5787978,6.973898,0.21807443470643453,0.2291877950861904
838,鷹勇,大谷酒造,617,鳥取県,東伯郡琴浦町,中部,31,0.24934700799787166,0.5332336732570874,0.36872018070434054,0.36308944695396034,0.45818665679007564,0.4192426370239819,,False,2.7128532,3.7501566,-0.26025131941154883,1.1328938021118544
839,諏訪泉,諏訪酒造,618,鳥取県,八頭郡智頭町,東部（因幡）,31,0.11543050005191398,0.590384338346845,0.5379135914968466,0.47356238564103986,0.26979880826170405,0.22741673364556544,,False,9.878145,4.7322626,-3.426252082445261,0.41413714527104895
840,豊の秋,米田酒造,620,島根県,松江市,出雲,32,0.2120438591508328,0.516909926670436,0.292388233624652,0.5721779345506905,0.384331159172465,0.3567248542592696,,False,5.275661,4.296105,-1.0675326885370762,1.6932422316833116
841,扶桑鶴,桑原酒場,621,島根県,益田市,石見,32,0.1202859357695138,0.6081050561311595,0.5236098408389768,0.49913522391257886,0.22372222374584882,0.2058753598474209,,False,9.783343,4.764152,-3.6750353253323285,0.09529741333802941
844,出雲富士,富士酒造,627,島根県,出雲市,出雲,32,0.3076466310568189,0.4691785034117266,0.2873436788716107,0.44058939448194234,0.42466133979504483,0.47770537416043746,,False,2.184961,4.514032,0.6644968180203716,1.424451772136358
845,國暉,國暉酒造,628,島根県,松江市,出雲,32,0.3695318098563684,0.6046650718329607,0.40409967175129236,0.3489888171707722,0.24417787960628698,0.3912976057947939,,False,4.315316,9.647436,-0.6366949053258137,-1.1590863803132492
846,李白,李白酒造,629,島根県,松江市,出雲,32,0.33988969068303343,0.4535182901228924,0.3178784864675401,0.37267241665469725,0.4320606835906871,0.5021834944444129,,False,0.3842428,5.299399,1.0823914246618593,1.1941736960053315
848,月山,吉田酒造,630,島根県,安来市,出雲,32,0.4223629106026308,0.5247299545558031,0.23197343678201193,0.32471581176968517,0.3604822927092601,0.5070192593940692,,False,0.660614,7.451653,1.562968483193946,-0.13759455949856017
849,伊七,熊屋酒造,633,岡山県,倉敷市,備中,33,0.30791866975495796,0.5940521605452442,0.3849609278953105,0.4056901069836534,0.3325804140894077,0.35902508634015506,,False,5.1996613,7.334128,-0.9867883867119268,-0.10351608233893786
851,櫻室町,室町酒造,635,岡山県,赤磐市,備前,33,0.2933437472870083,0.5148285742966849,0.5512487121987573,0.41505698571783745,0.24409340415785058,0.33641039069553924,,False,7.72566,5.891686,-1.6888785765250578,-0.14203649751131894
852,三冠,三冠酒造,638,岡山県,倉敷市,備中,33,0.2539388836274293,0.6168219027509566,0.4337488558308213,0.3829986333590164,0.2950929146406444,0.3648834503073725,,False,8.29946,6.3526773,-1.4817409869140148,-0.3833177070931138
853,大典白菊,白菊酒造,639,岡山県,高梁市,備中,33,0.3542306711969622,0.5483086558488532,0.32894127659722167,0.4205468555048887,0.28648410617525083,0.45469009807679045,,False,3.5012922,7.2631917,0.06245019567430826,-0.19585442241420714
854,喜平,平喜酒造,640,岡山県,浅口市,備中,33,0.32907809822701056,0.592410006017824,0.3289060664636216,0.44075810919165564,0.29497033510523263,0.38897760870053555,,False,5.79277,7.160909,-0.6409891038727726,-0.2556133564159502
855,ことのわ,十八盛酒造,642,岡山県,倉敷市,備中,33,0.4327142015732529,0.5871858914960639,0.350714886026936,0.34230311590630413,0.18847919243966704,0.4384910354409021,,False,3.4858756,9.638052,0.14250463834584332,-1.629554131791074
858,極聖,宮下酒造,643,岡山県,岡山市,備前,33,0.3310141588229446,0.6102653542441555,0.3464621176216929,0.38403571128359676,0.3508253908394071,0.3569424921781729,,False,5.0021205,7.7808022,-0.7121541321824789,-0.2375743506178428
859,燦然,菊池酒造,646,岡山県,倉敷市,備中,33,0.47761729812385917,0.6342351812943008,0.27339517382622025,0.3070524275767762,0.22188262946148762,0.38906225174442927,,False,2.8789794,10.359214,0.3560211821385766,-1.9753570175560426
862,嘉美心,嘉美心酒造,648,岡山県,浅口市,備中,33,0.5366690311384785,0.5607654827882558,0.2207144624270312,0.2611135245354142,0.19147992984385306,0.4939318922456563,,False,0.32893065,10.205927,1.8341267315480765,-2.0610269419205403
863,天寶一,天宝一,651,広島県,福山市,備後,34,0.32576269439350847,0.5510492707249339,0.3216890890922867,0.3697933134513204,0.4017144918527739,0.43430158933181007,,False,2.8995397,6.163883,0.16752597580987108,0.4315746653779592
864,旭鳳,旭鳳酒造,652,広島県,広島市,安芸（広島湾岸）,34,0.32450734484295,0.5820003932855945,0.34041346500030534,0.3729595483678035,0.344935055840979,0.4266265119963158,,False,3.7880914,7.650129,-0.19021638825211518,-0.10907015909222735
865,賀茂泉,賀茂泉酒造,653,広島県,東広島市,西条（東広島）,34,0.2949815442545983,0.5938936515230596,0.38033470753146725,0.4453800085896376,0.2933177611901464,0.36224724760283156,,False,6.87595,6.7071433,-1.1766785206403128,-0.15551483067698493
866,美和桜,美和桜酒造,655,広島県,三次市,備北・県北,34,0.34243403882514767,0.5133119352311077,0.3152816778586967,0.49641011078489083,0.3548678952500344,0.384048211350008,,False,4.103768,5.732992,-0.2782916014501434,0.7703794481983579
867,龍勢,藤井酒造,657,広島県,竹原市,安芸（広島湾岸）,34,0.3270973695058983,0.5539362771294962,0.3409999525406681,0.3872340654072604,0.3335127599202462,0.45683690926636344,,False,3.65195,7.194641,0.04626059377937071,0.037591497792373446
869,賀茂鶴,賀茂鶴酒造,659,広島県,東広島市,西条（東広島）,34,0.3496280145392084,0.5316740401221869,0.30356991969763797,0.4781475200356572,0.3080674185648125,0.4235536389489002,,False,4.0548496,5.980653,-0.07888060911755666,0.2769066264691371
871,雨後の月,相原酒造,660,広島県,呉市,安芸（広島湾岸）,34,0.41620273023992077,0.5332007559703099,0.24504554606602225,0.35047228367118544,0.3429552161172974,0.4919103776532599,37.0,False,1.0672024,7.4413767,1.2560618261745122,-0.19113878980469257
872,富久長,今田酒造本店,661,広島県,東広島市,西条（東広島）,34,0.422340766565669,0.45195491374914243,0.2129656301654262,0.3531385174920552,0.36814442375680445,0.558366854248401,,False,-0.39498144,6.7983904,2.1775452903584243,0.4780609537651396
873,幻,中尾醸造,662,広島県,竹原市,安芸（広島湾岸）,34,0.39438809567164046,0.47438017805397165,0.25355405601379843,0.41957455374609914,0.5022392896970171,0.3561526457494428,,False,1.9841219,4.484186,0.6853934924626258,1.4939892890851387
874,誠鏡,中尾醸造,662,広島県,竹原市,安芸（広島湾岸）,34,0.28833490480253837,0.5444580295901079,0.3708966810287838,0.4321008677889386,0.35640439957673076,0.411252760121555,,False,4.973387,6.655344,-0.553036382989107,0.5298202188138157
875,酔心,酔心山根本店,665,広島県,三原市,備後,34,0.24825686582361883,0.5405791023551859,0.354800044976068,0.49176462952171734,0.3836935182965624,0.36222441099662095,,False,6.0450716,5.427414,-1.0332863268996517,1.0921090778758686
876,白牡丹,白牡丹酒造,666,広島県,東広島市,西条（東広島）,34,0.31423774373589786,0.5921022367923565,0.35127631465947645,0.49055042784925423,0.2904197852021836,0.31982988987358285,,False,6.4728093,7.0431485,-1.323205139672867,-0.05949394967648543
877,賀茂金秀,金光酒造,667,広島県,東広島市,西条（東広島）,34,0.4154363980910226,0.44586990737262955,0.2060754599433337,0.35153311684969535,0.37299844962106177,0.5687197499542689,,False,-0.39756757,6.7286825,2.2742571259183526,0.569403429510025
879,瑞冠,山岡酒造,668,広島県,三次市,備北・県北,34,0.2349975569522364,0.5518919679494969,0.3854768099336369,0.39935607184504957,0.416964805522881,0.3978116536483772,,False,6.9851265,4.794576,-0.7612733104302364,0.9338208364633064
880,竹鶴,竹鶴酒造,669,広島県,竹原市,安芸（広島湾岸）,34,0.07000138649130262,0.6203181135430673,0.6514042878793644,0.34722619097201546,0.20279364876359732,0.15584096366570543,,False,11.306341,5.1926384,-4.321252311084878,-0.5247832893378702
881,雁木,八百新酒造,672,山口県,岩国市,周防,35,0.3619806033626368,0.5090679290383,0.3030834356443685,0.3880867080477472,0.32599313555159243,0.5109574346868704,44.0,False,1.8198454,6.5948157,0.8408068873041118,0.16411628833153602
882,金冠黒松,村重酒造,674,山口県,岩国市,周防,35,0.3233030667225269,0.58589192077421,0.40326875617700725,0.421714617473975,0.2490433710327435,0.38692928974709534,,False,5.1435637,8.401334,-0.9809374419452088,-0.5799756034891739
883,長陽福娘,岩崎酒造,675,山口県,萩市,長門,35,0.3938453012686154,0.41674878764798623,0.20409737726145563,0.2944460636235107,0.4304449634506563,0.5979709326665845,,False,-0.123089574,5.3909917,2.7377965194566833,0.987278160883606
884,東洋美人,澄川酒造場,676,山口県,萩市,長門,35,0.4861367667050055,0.6238258854903741,0.23892911478157144,0.35039963162793675,0.20320462681588847,0.3916033255158466,19.0,False,2.9633949,10.059952,0.44903671619103586,-1.8877334503631185
885,五橋,酒井酒造,677,山口県,岩国市,周防,35,0.43945574424487455,0.5501644242077864,0.27662735402191985,0.32108500000366025,0.2511703573923784,0.5113638005697745,60.0,False,1.0724059,9.001152,1.2054887082243146,-1.0740658946402462
887,獺祭,獺祭,679,山口県,岩国市,周防,35,0.49700058709703476,0.5183695417657661,0.24550353797526403,0.4067672661340212,0.21172509730163167,0.46230327903968993,13.0,False,0.3586324,8.945171,1.157143555263599,-1.0127589741367198
888,山頭火,金光酒造,681,山口県,山口市,周防,35,0.22929823432653068,0.6075594328941388,0.3284609408957909,0.4239343201625368,0.38382816426307004,0.37863293312746704,,False,7.1967854,6.0010924,-1.0056988456649338,0.5110318809437466
889,山猿,永山酒造,682,山口県,宇部市,長門,35,0.24041703044403068,0.5962660506026796,0.4647534505460581,0.4710951526902357,0.2576285089182894,0.286997538458071,,False,8.754132,5.1642556,-2.310668636865637,-0.13672091133507727
890,鳴門鯛,本家松浦酒造場,683,徳島県,鳴門市,東部,36,0.45395765307649966,0.5482095365832735,0.2928803303485899,0.3553035840775518,0.27860508275530543,0.4513850200348757,,False,1.6239414,8.955458,0.8154525266583318,-0.8296471670123438
892,芳水,芳水酒造,685,徳島県,三好市,西部,36,0.2553922232778702,0.5485277512497153,0.4020818415321851,0.419577668533154,0.3841711154043115,0.3854730149640746,,False,6.930547,4.9092035,-0.9073072735348332,0.740295315956067
894,瓢太閤,太閤酒造場,688,徳島県,阿波市,東部,36,0.3473720248549967,0.5034751859425808,0.2538650745036824,0.49488493132100364,0.37032687392849434,0.4234912615783446,,False,3.6278174,5.224299,0.29669364575426377,0.9319874739851304
896,三芳菊,三芳菊酒造,689,徳島県,三好市,西部,36,0.4826999005799769,0.6456076121564168,0.33993186993160457,0.2391315997541637,0.15945718049055024,0.38990694594940367,,False,2.5388176,10.558332,0.16176954461711054,-2.726148406713973
897,月中天,西野金陵,691,香川県,仲多度郡多度津町,中讃,37,0.3676112718844905,0.6170058839337769,0.3282624927114486,0.33648245454760595,0.35794165429688146,0.3675142959862409,,False,4.352068,8.422159,-0.2965891718525174,-0.5325438626643284
899,金陵,西野金陵,691,香川県,仲多度郡多度津町,中讃,37,0.4077860175562155,0.5717040579620354,0.29358068848635127,0.37314531537865997,0.3031568590583615,0.43535491930158865,,False,2.6729376,8.491965,0.4041412743668153,-0.5907241721892885
901,悦凱陣,丸尾本店,693,香川県,仲多度郡琴平町,中讃,37,0.1293661854251238,0.6100719213768321,0.5823760614527203,0.4000180963766839,0.2545969304356949,0.21698085041506818,88.0,False,10.32564,5.0513463,-3.5040223275031916,-0.13798792254682132
902,雪雀,雪雀酒造,694,愛媛県,松山市,中予,38,0.30294637392022583,0.47519661772078353,0.28999823062063473,0.48692906805541597,0.42038033901141536,0.4295266563643599,,False,2.9608045,4.3315897,0.2032387270427498,1.54140405888781
904,寿喜心,首藤酒造,695,愛媛県,西条市,東予,38,0.3826142718492597,0.4531444869823282,0.2656642461834164,0.5081734258266333,0.2669061384944228,0.4982065673113914,,False,3.9765546,5.013052,0.8378152611517274,0.5169264255640612
906,伊予賀儀屋,成龍酒造,698,愛媛県,西条市,東予,38,0.3073651450595651,0.524088186101161,0.3398570715480587,0.44503813136938214,0.33368157064116294,0.4538205402493151,,False,3.2046719,5.5882583,-0.08750413348546042,0.5061560870353803
911,城川郷,中城本家酒造,701,愛媛県,西予市,南予,38,0.3042929072315303,0.5669710173665008,0.2794453931910491,0.5622623532886604,0.3011472984518079,0.3178542354739888,,False,5.907466,5.6333785,-1.141926192924811,0.4897488746878998
912,日本心,武田酒造,702,愛媛県,西条市,東予,38,0.3429552706336946,0.6127261394243708,0.294407460132907,0.46082385614466187,0.315912616866641,0.3288057176224305,,False,5.7856846,7.8323855,-0.870716801749537,-0.21763568299440186
914,石鎚,石鎚酒造,703,愛媛県,西条市,東予,38,0.4118243656719297,0.47461063988267743,0.23949466129728894,0.4171883142673644,0.40144008543043164,0.46107212863881447,,False,1.4137251,6.139386,1.2419945948427957,0.7983906224750636
915,華姫桜,近藤酒造,704,愛媛県,新居浜市,東予,38,0.3197352797053103,0.5348150804242134,0.3367074212227076,0.5040849125699076,0.31668449167013635,0.3794464742373808,,False,5.202273,5.7466826,-0.6663696835415611,0.49909268417294955
916,初雪盃,協和酒造,705,愛媛県,伊予郡砥部町,中予,38,0.39773760433963756,0.6002735521190345,0.36918127592588024,0.37599086523327224,0.17792428145344347,0.4149162151045834,,False,4.289893,9.334264,-0.388524293497143,-1.5363885429105597
917,山丹正宗,八木酒造部,706,愛媛県,今治市,東予,38,0.3936242103571407,0.5181829920696405,0.25389011415510737,0.43524981092873144,0.36271058088201935,0.4371324905420674,,False,2.6810865,6.292386,0.6665122346542058,0.40834744927041816
923,京ひな,酒六酒造,707,愛媛県,喜多郡内子町,南予,38,0.3775908394770563,0.46215367081794984,0.21284868443901342,0.3373122686485656,0.45944081893827265,0.5231339669124675,,False,0.11744977,5.06721,1.9305252050529491,1.0911516565136448
925,千代の亀,亀岡酒造,708,愛媛県,喜多郡内子町,南予,38,0.3232913707867031,0.5192652651309496,0.34712379620531186,0.4487469291454312,0.2983077080255417,0.4636701942398775,,False,3.1569707,5.8098545,-0.038311119509780396,0.26746850754673385
926,酒仙栄光,栄光酒造,709,愛媛県,松山市,中予,38,0.35032796541533484,0.532819155245874,0.32166211698398384,0.4005553066086255,0.37713862427229894,0.43270018647797576,,False,3.0561862,6.257863,0.21683076857531755,0.4123289087723272
929,梅錦,梅錦山川,713,愛媛県,四国中央市,東予,38,0.2500530388284108,0.5567985941758635,0.3867540015866403,0.47432770071710906,0.36667729175254044,0.34413825942289994,,False,6.4553514,5.5251765,-1.3076494989601033,0.8011063227830952
931,文佳人,アリサワ,714,高知県,香美市,東部,39,0.45632180696308333,0.4202231338218736,0.16663570515768442,0.22378414417820483,0.29715875794974933,0.6700990952431306,,False,-1.5301895,8.954799,3.5779566616902745,-0.3308886923897628
932,亀泉,亀泉酒造,716,高知県,土佐市,中部,39,0.6270405592110235,0.5944465758349603,0.11539374155741591,0.12722037708214567,0.1420542688701855,0.4514125057446143,33.0,False,0.84301907,10.545707,2.671203800364148,-3.346216686915022
933,酔鯨,酔鯨酒造,717,高知県,高知市,中部,39,0.29745884774641024,0.42558253875801516,0.24595490131947434,0.34836785673735565,0.5368298747679303,0.5102523347006437,34.0,False,0.5950717,4.017513,1.620689890054738,2.1239878629248965
934,司牡丹,司牡丹酒造,719,高知県,高岡郡佐川町,中部,39,0.3197622893397988,0.5074635344516344,0.24507903829762864,0.3009235579991091,0.5253898611767112,0.4621467413268303,,False,1.2683702,4.5073376,1.2174406074038069,1.2860794842533096
935,久礼,西岡酒造店,720,高知県,高岡郡中土佐町,西部,39,0.3784811298421251,0.5274115729291027,0.2712454833745847,0.2746665040549652,0.4540276584735296,0.47268610275111106,,False,1.2166444,5.2337003,1.2915556320868655,0.3940999817013342
936,土佐しらぎく,仙頭酒造場,721,高知県,安芸郡芸西村,東部,39,0.405818130140125,0.4904346303785358,0.2149617753149794,0.3808201578227033,0.3373705979821497,0.5382694870987319,,False,0.52478004,6.9156556,1.688731014871029,0.20321348732383615
938,安芸虎,有光酒造場,724,高知県,安芸市,東部,39,0.4471929704199556,0.5493424661910844,0.26790929298644717,0.32674041823351024,0.29273358587616266,0.4837495835349629,,False,1.3896602,8.951627,1.1723318086364194,-0.8146954593641472
940,土佐鶴,土佐鶴酒造,725,高知県,安芸郡安田町,東部,39,0.24022782881697324,0.3642515793041294,0.22511331281101632,0.3128989448122649,0.6476379256444872,0.4915228796646775,,False,0.20771335,3.367313,1.9281377683800585,3.2937897964033818
944,四万十川,菊水酒造,726,高知県,安芸市,東部,39,0.2630352270812466,0.3383613076950121,0.18633335223651362,0.30555934100122195,0.540737703174873,0.6291583283288902,,False,0.024264222,3.8080273,2.9200354969292506,2.6979967206792583
945,美丈夫,濵川商店,727,高知県,安芸郡田野町,東部,39,0.4816692251464254,0.4505647823217185,0.16462809902763675,0.2673058584415854,0.3646778059779927,0.5774438495288141,,False,-0.6353903,7.9707546,3.014813836495088,-0.03896399955198585
946,蜻蛉,若波酒造,729,福岡県,大川市,筑後,40,0.3820911593253063,0.5521391823506311,0.2811387053862436,0.36832320486514675,0.32068207494092443,0.4812595154195059,,False,1.9600011,8.311226,0.7227565896885803,-0.27520614266398413
948,白糸,白糸酒造,730,福岡県,糸島市,福岡地域,40,0.380898928514435,0.5017823867658465,0.23623301508278108,0.4452584755388145,0.3288865278413721,0.49081864974583184,,False,2.062649,6.320195,0.9754808831186411,0.39154729242296227
951,天心,溝上酒造,733,福岡県,北九州市,北九州・京築,40,0.36595322921276124,0.44543352986687773,0.2929055323834918,0.35474037843564904,0.4396919769154942,0.5125463715037947,,False,0.2359986,5.3222775,1.4611933164874273,1.1433114534633975
952,池亀,池亀酒造,735,福岡県,久留米市,筑後,40,0.398220217834808,0.5376694171495708,0.3101105436620932,0.3582009707804253,0.3652799643864424,0.4409379988490902,,False,2.5391746,8.087526,0.6046236678372252,-0.01499767792179742
953,美田,みいの寿,736,福岡県,三井郡大刀洗町,筑後,40,0.14229301788054277,0.5295395835085478,0.4412849537823768,0.4678490167251304,0.3956908250859231,0.3593802785594622,,False,6.7633734,4.536184,-1.73160205183368,1.5041992336912355
954,三井の寿,みいの寿,736,福岡県,三井郡大刀洗町,筑後,40,0.30771305311391023,0.4232089576150984,0.28278862943478755,0.3547618720569887,0.5477684826827959,0.46939445002477437,,False,0.71891373,3.9184785,1.2879292547530194,2.1756757846177828
956,蒼田,喜多屋,737,福岡県,八女市,筑後,40,0.3480723966558969,0.6621163164084254,0.28431907530532724,0.2781955485207647,0.37166805753234256,0.3795791688736983,,False,2.9458168,9.4321165,-0.12324270250467412,-0.8474326404127281
957,寒山水,喜多屋,737,福岡県,八女市,筑後,40,0.32510474073310075,0.5279516593720703,0.3242634859693195,0.5055521896437909,0.31067846442014097,0.39789825317294036,,False,4.8774395,5.720703,-0.4722155411749944,0.4958080829629095
958,綾花,旭菊酒造,738,福岡県,久留米市,筑後,40,0.25295895716568045,0.5280223519010528,0.33301425118104416,0.4968997046658614,0.3024485248262208,0.45598381958824297,,False,5.0993476,5.562491,-0.48980846030465736,0.6759850193171908
959,旭菊,旭菊酒造,738,福岡県,久留米市,筑後,40,0.12065294578503878,0.5559193147324704,0.41720099387071685,0.6364032399447931,0.2198850944038717,0.22131736113741632,,False,8.542874,4.1069813,-3.303277825319495,0.9352569384175047
960,庭のうぐいす,山口酒造場,740,福岡県,久留米市,筑後,40,0.4079203255336661,0.5217547789919678,0.2415711005376274,0.38130123792525517,0.3042183574211491,0.51485621193226,,False,1.3459598,7.4665074,1.26383138308458,-0.2181178188267887
963,独楽蔵,杜の蔵,744,福岡県,久留米市,筑後,40,0.09081927314674612,0.5645265889830916,0.5659979357223258,0.4838554452549729,0.2504149542995707,0.2363983618270947,,False,9.955146,4.715543,-3.5434038797321175,0.5714303075057846
964,繁桝,高橋商店,745,福岡県,八女市,筑後,40,0.3182639002959245,0.5412844086484935,0.30901009129431667,0.4539439909328361,0.34935037243855166,0.4267566198359072,,False,3.6670995,5.825044,-0.13167916705110294,0.500570338759491
966,東鶴,東鶴酒造,748,佐賀県,多久市,東部（佐賀平野）,41,0.46895337334660187,0.5322483997813979,0.2585084799628838,0.296575527766853,0.17606633076584854,0.5576839103333775,,False,-0.2402837,9.5874405,1.7164002824559637,-1.6173643696603126
968,七田,天山酒造,750,佐賀県,小城市,東部（佐賀平野）,41,0.4029945728942767,0.5826820903108165,0.3021107554117862,0.3623629291006691,0.23826614464715012,0.4676840805948642,66.0,False,2.9427876,8.9331,0.41363902644198036,-1.0883480324471342
970,東一,五町田酒造,752,佐賀県,嬉野市,西部（唐津・伊万里・鹿島）,41,0.351675084680847,0.5542122031075049,0.2899758840638202,0.47641026611640275,0.28626887579657606,0.4197271071683522,,False,4.0416613,6.086584,-0.15638026619834783,-0.00843860202265681
971,能登末廣,中島酒造店,1691,石川県,輪島市,能登,17,0.2870375619717405,0.4631994296994585,0.33443941439962704,0.41440115431267927,0.4815504869738577,0.4331129370487674,,False,2.0914829,4.0294733,0.31827277954165567,1.7781249778304977
972,幸姫,幸姫酒造,754,佐賀県,鹿島市,西部（唐津・伊万里・鹿島）,41,0.2674247297262372,0.5955341798689633,0.3787875376853982,0.4819630653439324,0.3088463424915236,0.3204194067262034,,False,6.803195,6.4316564,-1.6025053541332783,0.1637938384077684
973,天吹,天吹酒造,756,佐賀県,三養基郡みやき町,東部（佐賀平野）,41,0.43770245122924173,0.5945722542203902,0.2150590514464282,0.43127221533202986,0.2887648851439278,0.3731877817943361,,False,4.0428905,8.355526,0.2531539347583479,-0.6928468971004984
974,古伊万里,古伊万里酒造,757,佐賀県,伊万里市,西部（唐津・伊万里・鹿島）,41,0.4336981531880325,0.5144983108603856,0.26943772568431573,0.3493431733332998,0.2909070038988103,0.5176226176947843,,False,1.1813769,8.126686,1.3753316490933247,-0.47688962113541616
975,鍋島,富久千代酒造,758,佐賀県,鹿島市,西部（唐津・伊万里・鹿島）,41,0.4814768974487604,0.52748278235701,0.2201028138028523,0.3212783251153876,0.2512308536510356,0.524556916722021,11.0,False,0.05816154,9.137428,1.8099465826437358,-1.0605738812452998
981,六十餘洲,今里酒造,761,長崎県,東彼杵郡波佐見町,県北,42,0.27766695805562686,0.5777066157199937,0.3206129500835761,0.4929554064616738,0.32673875446368217,0.3695946649613871,,False,5.9575415,6.1414294,-0.9697094630108022,0.4145259517229927
983,福鶴,福田酒造,763,長崎県,平戸市,県北,42,0.15301452445495586,0.4987945507177326,0.47934685457920395,0.6049858877659149,0.19245180966106382,0.30817449772395555,,False,8.642272,4.2042727,-2.671905857033489,0.8650718856552108
984,香露,熊本県酒造研究所,764,熊本県,熊本市,熊本市周辺,43,0.3591724930978207,0.5797283950177038,0.36168658672790527,0.39514887434717405,0.2358672262803526,0.438539553361136,,False,4.167621,8.954602,-0.2812040609918199,-0.8321151630663549
985,れいざん,山村酒造,765,熊本県,阿蘇郡高森町,阿蘇・県東,43,0.2493919443098683,0.4791020060416083,0.3265491433544446,0.43189592269887656,0.43253061821079347,0.4775078629310761,,False,2.40109,4.1201086,0.2374906452114152,1.5778823829046926
986,瑞鷹,瑞鷹酒造,766,熊本県,熊本市,熊本市周辺,43,0.27896380686638217,0.6080546153777436,0.42360395009923585,0.41920850394579523,0.294807123305693,0.3322069579411525,,False,7.9597926,6.4818835,-1.5762281488950696,-0.2887252150333801
993,角の井,井上酒造,772,大分県,日田市,西部,44,0.3516852225268916,0.612962792785761,0.34265210239168753,0.4774181479011031,0.22477942610764892,0.3236198036221576,,False,6.575023,7.3618674,-1.2504352237743808,-0.7808823127035499
994,西の関,萱島酒造,773,大分県,国東市,北部,44,0.14959947097258855,0.6178856481534148,0.4829588246436884,0.48331254579746064,0.24898957744890549,0.2588460376094953,,False,9.59529,5.043258,-3.0609770580916282,0.044389570430756746
996,和香牡丹,三和酒類,776,大分県,宇佐市,北部,44,0.47216784469631745,0.5455066827885127,0.2705144612367385,0.33066709722631954,0.28862114146346485,0.4622326462312577,,False,1.4865344,9.046449,1.1517539559283003,-0.8955956103686283
997,鷹来屋,浜嶋酒造,777,大分県,豊後大野市,南部,44,0.185679964224095,0.4714392469704624,0.410346999450322,0.47300454181625917,0.4595565166706002,0.37410939409557037,,False,4.578203,3.6616364,-0.9993061428257045,2.1392905873713444
998,豊潤,小松酒造場,778,大分県,宇佐市,北部,44,0.34248736222376785,0.5377359284914642,0.2756795286740101,0.339915841555151,0.3707373853057031,0.5143484103144952,,False,1.1007036,6.1103354,0.9782226814706069,0.17447989969200692
999,薫長,クンチョウ酒造,779,大分県,日田市,西部,44,0.33738267724108445,0.6068476985075905,0.31727576578808364,0.3912285316624308,0.27295550109620076,0.4355231552878036,,False,4.2081604,8.508996,-0.25183812278861645,-0.6857774065805328
1000,八鹿,八鹿酒造,781,大分県,玖珠郡九重町,西部,44,0.32512422020807874,0.5828876277259301,0.3991409876114217,0.3909071939770011,0.33429962985129624,0.36146652689428765,,False,4.9965115,7.363604,-0.8668379019736439,-0.1451095971038596
1001,千徳,千徳酒造,782,宮崎県,延岡市,県北,45,0.28111668259878764,0.5757650049320362,0.37427615759416,0.5144109915213705,0.25454710922227997,0.34637050784585827,,False,6.528835,6.5530963,-1.4702239521742557,0.017360209315438548
1002,薩州正宗,濱田酒造,783,鹿児島県,いちき串木野市,本土,46,0.21612391727225036,0.6291355864361755,0.43971719269744985,0.44720348630772583,0.27342791156352664,0.2989546382329683,,False,8.7204275,5.322886,-2.293010758781714,-0.22966431317435046
1003,南,南酒造場,722,高知県,安芸郡安田町,東部,39,0.3086991720395383,0.45934776423455015,0.2773592220264265,0.344897596891184,0.5340348353383907,0.46111685822088916,,False,1.1682341,4.1722994,1.1174918289793456,1.8262809124203023
1009,初孫,東北銘醸,114,山形県,酒田市,庄内,6,0.28745613349770394,0.5115154047194482,0.3179061440498596,0.39827662881765563,0.4533928563784833,0.4364255839741785,,False,2.2394853,4.1701374,0.20039468377628677,1.246956038734946
1020,貴,永山本家酒造場,1039,山口県,宇部市,長門,35,0.330089420920539,0.4953202449039525,0.272131349163984,0.41588120460371913,0.35380941875535366,0.5229771284140253,,False,1.9472553,5.840384,0.9254786013767838,0.6544849813713602
1021,宝剣,宝剣酒造,832,広島県,呉市,安芸（広島湾岸）,34,0.22369433904889025,0.38844243059420264,0.2257658773364301,0.3672891145984313,0.6331526951288093,0.46078135853209773,,False,0.44068438,3.390301,1.3932705728017156,3.306222876503834
1022,天青,熊澤酒造,1071,神奈川県,茅ヶ崎市,湘南,14,0.37318329975561443,0.5012595166517222,0.27097744529644857,0.3178959149664365,0.35798305462331104,0.5539265887646296,,False,0.21528949,6.511999,1.5556213819105575,0.134769478154026
1026,ロ万,花泉酒造,141,福島県,南会津郡南会津町,会津,7,0.44475662088550905,0.5537681027631471,0.22540073429659926,0.4692917687531037,0.19669433460272076,0.43104932436432186,46.0,False,2.6950352,7.7883215,0.48945084359516167,-0.9041862985646433
1027,三重錦,中井仁平酒造場,833,三重県,伊賀市,伊賀,24,0.1478678791518528,0.5026219139780427,0.41934465731625653,0.44064437508246385,0.4801480470031417,0.3534780728019025,,False,6.6823387,4.240923,-1.3193095620636777,2.091439704827367
1029,菊鷹,藤市酒造,834,愛知県,稲沢市,尾張,23,0.35572267350753933,0.5990395693598731,0.38027457847683815,0.41390270065938267,0.17574557708633276,0.40963674808238415,,False,4.613877,9.13955,-0.7554950001494468,-1.2565845568634655
1030,寿萬亀,亀田酒造,1218,千葉県,鴨川市,南房総・内房,12,0.2898773375574216,0.5822201365975213,0.3103090188396607,0.47136496402159866,0.30817588767944815,0.4044030755121091,,False,5.960497,6.7087803,-0.6691083805254978,0.15299283564206037
1033,作,清水清三郎商店,835,三重県,鈴鹿市,北勢,24,0.5241966415138993,0.5454297617964112,0.21086240675009846,0.3450146797768877,0.23048122672078142,0.4594611803618996,7.0,False,0.65740603,9.285491,1.5042288677211033,-1.3718626615719076
1034,老亀,小野酒造,836,広島県,山県郡北広島町,備北・県北,34,0.30017962191466474,0.5578472199156616,0.39485688592439483,0.4118277029180638,0.34258452381529403,0.39474105513501556,,False,4.8525977,6.9581904,-0.7153586510826879,0.23281568201771258
1035,大雪渓,大雪渓酒造,837,長野県,北安曇郡池田町,中信,20,0.404002252392675,0.4845520532940048,0.2396750735695989,0.34242333879927256,0.3650493419122419,0.5422477126135382,,False,0.03456956,6.727821,1.7737379647793587,0.2713699142071513
1039,鏡山,小江戸鏡山酒造,1033,埼玉県,川越市,西部,11,0.4508665931701555,0.6585260130381283,0.3204409385807305,0.2915818758477239,0.1755720373719518,0.38017743169069007,,False,3.1888807,10.418532,-0.13728028890148655,-2.393733741731047
1040,佐久乃花,佐久の花酒造,984,長野県,佐久市,東信,20,0.4489835910324725,0.49506530341439126,0.21993670822801192,0.24860682080896682,0.442808329267859,0.497058705678609,,False,-0.14972675,7.5079517,2.1612035134534184,0.19699265608415095
1041,菊姫,菊姫,342,石川県,白山市,加賀,17,0.12034863243066035,0.6440240064472218,0.5951518139249575,0.40316961387451894,0.13872781997029957,0.18642011315341114,74.0,False,11.298263,5.3900905,-4.072021954547792,-1.0343090330194236
1043,閃,数馬酒造,332,石川県,鳳珠郡能登町,能登,17,0.2884979364929588,0.5467977726600521,0.3117605663852989,0.401281575613783,0.4652988213153598,0.3782282242983525,,False,2.5543838,4.0216417,-0.22876522923320686,1.1085280659837087
1047,十旭日,旭日酒造,960,島根県,出雲市,出雲,32,0.11932879385292124,0.5924706356785474,0.5603589587270054,0.44903977323152283,0.24958577926664646,0.2383427008210962,,False,10.016004,4.790079,-3.4135821766102676,0.16335791402444022
1062,忠臣蔵,奥藤商事,1093,兵庫県,赤穂市,播磨,28,0.2092116690611696,0.6389451169902143,0.4885987558854278,0.44870414328982317,0.22916108043095781,0.23537345169002158,,False,9.853179,5.3946304,-2.978835848373783,-0.5578395926850553
1066,黎明,泰石酒造,1112,沖縄県,うるま市,本島,47,0.12560609835304287,0.5342398554785988,0.5677928373818206,0.43811185746452175,0.32727221086663544,0.2781601679537958,,False,9.892514,4.8190904,-2.8094804033996796,0.9481615934030295
1069,おんな泣かせ,大村屋酒造場,437,静岡県,島田市,中部,22,0.31511517268325007,0.4872850940728125,0.30108280888615796,0.44789446007877737,0.408038206075802,0.45332127927735627,,False,2.498807,4.7717566,0.37669530627233394,1.1993911711275842
1070,豊盃,三浦酒造,922,青森県,弘前市,津軽,2,0.4132776200163804,0.5142687518974602,0.2585112794939853,0.3889454738508889,0.3955111934050155,0.4361117887102516,49.0,False,1.3985456,6.503901,0.9274374271686552,0.3973234207607513
1071,紗利,毛利酒造,361,福井県,福井市,嶺北,18,0.24030756964021108,0.4922977801028789,0.3065874955917398,0.4390670755805839,0.4649835049355738,0.4437451053308876,,False,2.274932,3.8781176,0.07303376320207612,1.7647889083496948
1073,流輝,松屋酒造,1111,群馬県,藤岡市,西毛,10,0.47718748729776195,0.5537381374243677,0.20429079346124893,0.2742531053736593,0.2388150734687065,0.5400778126457839,,False,0.08918066,9.583763,1.9551535629628252,-1.4481095899180554
1079,一品,吉久保酒造,1161,茨城県,水戸市,県央,8,0.32275911785415967,0.5342004172404027,0.3542387321192561,0.46051081865495747,0.3152567131025215,0.41655057012835983,,False,4.4509974,6.2859,-0.4028558821270066,0.3197436555507974
1088,寿㐂心,首藤酒造,695,愛媛県,西条市,東予,38,0.3913627143016282,0.6375410234411955,0.30780554024672735,0.3972958168030643,0.22482826348468274,0.3704601254746369,,False,5.2561674,9.003086,-0.5485619938794173,-1.3523109054332922
1089,会州一,山口,842,福島県,会津若松市,会津,7,0.38398594753654963,0.545172630011638,0.2673696762859835,0.41924788104129834,0.3536287463967073,0.42782353341962714,,False,3.189269,6.7513466,0.4296771442781373,0.15449354351846528
1090,ゆり,鶴乃江酒造,127,福島県,会津若松市,会津,7,0.3374186487374843,0.3740516169456687,0.20469101187082092,0.5609045398322815,0.4156724234594522,0.46576621450539196,,False,4.045334,4.457273,1.1571145321191436,2.3228737528087917
1096,月弓,名倉山酒造,125,福島県,会津若松市,会津,7,0.40922941731787865,0.6254355789297782,0.295117011354201,0.42375785002489613,0.18497963910135842,0.3748058002219496,,False,5.2497854,8.996309,-0.47230390868503963,-1.4902227221388968
1100,山本,山本,72,秋田県,山本郡八峰町,県北,5,0.45220400890864226,0.501134594304757,0.20115002493883608,0.2916666367562386,0.34320443399266093,0.5486853466934819,36.0,False,-0.35042867,7.8679695,2.2357413634714227,-0.3112352513170302
1101,篠峯,千代酒造,596,奈良県,御所市,北西部（奈良盆地）,29,0.3946938577094578,0.4816353626840808,0.24225435007522353,0.324472956654077,0.3517874623646608,0.5696664354615122,78.0,False,-0.0055035395,6.5753894,1.9198370143868224,0.1763775226018176
1109,与謝娘,与謝娘酒造,843,京都府,与謝郡与謝野町,丹後,26,0.48859894606300214,0.582016569886705,0.30648045678271224,0.3703290831511262,0.17087194717982462,0.40281094788140887,,True,3.1377566,9.965536,0.3016417430697066,-1.7936595173879475
1112,荘の郷,北庄司酒造店,844,大阪府,泉佐野市,泉州,27,0.3662483526537376,0.49174736552758047,0.3058834058202241,0.3384031647859531,0.3816340717395577,0.5199237906359596,,False,0.700627,6.043062,1.2015843046276073,0.4252658499918503
1121,仙禽,せんきん,1168,栃木県,さくら市,県北,9,0.4856659416980122,0.4921628461549131,0.21617834545822676,0.30641278725690224,0.20050739079569088,0.5840198960103862,5.0,False,-0.6945259,9.167278,2.302562984046721,-1.2208577243851537
1122,カネナカ,中島屋酒造場,1031,山口県,周南市,周防,35,0.06907243594526835,0.5693112036565305,0.676582113875338,0.2839780197932412,0.3123345536048726,0.18749401608177418,,False,10.788276,5.0892673,-3.697138160787222,0.244955219898033
1123,黒兜,池亀酒造,735,福岡県,久留米市,筑後,40,0.4433399594954319,0.6580422148013199,0.26679159421564874,0.24353756089201026,0.2864560865111418,0.39734712286026014,,False,2.3744445,9.994558,0.46002317110789315,-1.8202370864313773
1126,巻機,高千代酒造,285,新潟県,南魚沼市,中越,15,0.40948025475714683,0.47765521132577815,0.2103926023306111,0.41403713337826825,0.34206650179536974,0.5210279584391665,,False,1.0509622,6.7043166,1.596009662130644,0.41987516600115876
1127,ちえびじん,中野酒造,767,大分県,杵築市,北部,44,0.4401014412215336,0.595409085198211,0.32546698801283247,0.3435048310666256,0.21038532638545834,0.42850020757006224,,False,3.3162704,9.696409,0.22121619767139955,-1.5567901351830136
1128,蒼空,藤岡酒造,1037,京都府,京都市伏見区,伏見,26,0.3021330268393382,0.5314472722220553,0.3332329507916031,0.554345273883014,0.24281807749772322,0.3859740017296932,,False,5.507746,5.6109877,-0.9252615954248689,0.30626483694487505
1131,華鳩,榎酒造,1132,広島県,呉市,安芸（広島湾岸）,34,0.3676518846001662,0.5451307682658797,0.4042097673745628,0.37922822479419177,0.23759764724254903,0.4516772218554428,,False,4.040679,9.032102,-0.1568208404815672,-0.710474110841887
1132,英君,英君酒造,1050,静岡県,静岡市,中部,22,0.43212997226828737,0.5505130192854499,0.252532219853222,0.3301819468571567,0.2725082932448454,0.5129772828138006,,False,1.1486788,8.807305,1.2901361313599282,-0.8732476011721187
1136,甲子,飯沼本家,855,千葉県,印旛郡酒々井町,北総,12,0.5121608645792423,0.46029369966804895,0.1770109838013315,0.23429680737867858,0.3382975265462604,0.570217379635055,42.0,False,-0.7363296,8.272517,3.0715280639286453,-0.5003657476297777
1138,三光正宗,三光正宗,1421,岡山県,新見市,備中,33,0.10388487573877542,0.5919068166964139,0.6000800302455244,0.32863553915126076,0.3290808826952615,0.24992531943133622,,False,10.171649,5.115604,-3.112259181867243,0.2717353620277224
1139,一歩己,豊国酒造 (東),136,福島県,石川郡古殿町,中通り,7,0.40699640298994333,0.5427443450001855,0.22855957268013358,0.46805846111382204,0.2543059614542428,0.4514341376196929,,False,2.6036906,7.488189,0.5542577244841029,-0.34234298639548727
1146,タクシードライバー,喜久盛酒造,846,岩手県,北上市,県南,3,0.1722431317155371,0.6284936760020793,0.5907037473172564,0.3081838950285173,0.25571272030663894,0.25696454468661395,,False,10.259743,5.6556525,-2.954091460564671,-0.7366748502049598
1151,月桂冠,月桂冠,526,京都府,京都市伏見区,伏見,26,0.40935217304842736,0.621428450952896,0.3211593063978207,0.3586439578037949,0.2440607834112739,0.3936026222122893,,False,3.635654,9.980346,-0.1935122727128296,-1.341390908652942
1155,松の司,松瀬酒造,847,滋賀県,蒲生郡竜王町,湖東,25,0.3312502030658565,0.5743772469158861,0.33418402366878,0.48195338989937636,0.2602658601475869,0.3855745472990103,,False,5.893361,6.9112916,-0.763326176133866,-0.22156679256480546
1156,きりんざん,,798,新潟県,東蒲原郡阿賀町,下越,15,0.3843843266374353,0.5011184918210988,0.21063175215909985,0.37150620144850655,0.4200529523417716,0.49224167955089226,,False,0.8885268,6.0685,1.4664942076958778,0.6985691468029761
1160,町田酒造,町田酒造店,194,群馬県,佐波郡玉村町,中毛,10,0.49709985850118077,0.4625307777454771,0.16138687841193453,0.21570779307435983,0.24223540807861965,0.6385165940464629,,False,-1.4729193,9.228933,3.3623702311293724,-1.1163174939941645
1162,琵琶のさざ浪,麻原酒造,848,埼玉県,入間郡毛呂山町,西部,11,0.3384490896335749,0.4620474477200924,0.22120709647014683,0.3267498837196201,0.45769384336630337,0.5538796344753942,,False,0.103254735,5.0348234,1.923315291145912,1.184202351481223
1164,あぶくま,玄葉本店,1051,福島県,田村市,中通り,7,0.28712582407970405,0.5127699257773134,0.355845238015296,0.5354883212810696,0.3361523009428807,0.3581254239635967,,False,5.4798093,5.0600643,-0.9682209828116063,0.983086622852204
1166,松の寿,松井酒造店,849,栃木県,塩谷郡塩谷町,県北,9,0.37998437938659335,0.5251097185716748,0.2971909158224837,0.43433979521137606,0.31666278638579576,0.4501364642533185,,False,3.0643148,6.584023,0.3925307666602746,0.10612229715128246
1174,加賀ノ月,加越酒造,327,石川県,小松市,加賀,17,0.19955738021457367,0.551376459627935,0.42464613747154156,0.6122514524991877,0.20278427290429152,0.2446695879668605,,False,8.569645,4.1503205,-2.8183897118356587,0.47650938325834974
1175,風が吹く,白井酒造店,851,福島県,大沼郡会津美里町,会津,7,0.3422797669127273,0.5917792088553336,0.3328358686955639,0.4520467453494945,0.29145416665877244,0.36410221421266287,,False,5.882404,7.2297606,-0.7708017589448448,-0.28379718038380436
1179,花陽浴,南陽醸造,1121,埼玉県,羽生市,東部,11,0.6635974031595663,0.5764307182774158,0.1334138967951049,0.16328055627413943,0.1189175938405907,0.4108100674350371,16.0,False,0.7863853,10.530591,2.469718699271103,-3.3912691910490005
1181,金龜,岡村本家,501,滋賀県,犬上郡豊郷町,湖東,25,0.19870510304016317,0.5568814244140026,0.53387990990295,0.4561162211764229,0.28498326775263333,0.2758878990663034,,False,9.425836,4.9535475,-2.585709719958102,0.35156899353827037
1187,村祐,村祐酒造,1141,新潟県,新潟市,下越,15,0.38259670707710247,0.611210265102156,0.3629939825247286,0.38441460234950503,0.19392429285261586,0.4036036699045636,80.0,False,4.547815,9.250773,-0.5388343883271349,-1.4168854428430555
1188,凌駕,松乃井酒造場,853,新潟県,十日町市,中越,15,0.25660907873439065,0.3512068422044181,0.2264125028121213,0.2914039742683079,0.596314810674876,0.5648320844469279,,False,0.074659586,3.6303992,2.432890083130146,2.9186613354511173
1191,早春,早川酒造,474,三重県,三重郡菰野町,北勢,24,0.4735900215738044,0.4655697919807329,0.19738489446024007,0.3309412236378102,0.17882551394336332,0.6152201278889219,,False,-1.0197195,8.937118,2.5205516550122278,-1.048043120560729
1193,竹林,丸本酒造,1163,岡山県,浅口市,備中,33,0.26847193825640325,0.5963017633259854,0.4029730094019392,0.4581777624559146,0.3090480792724612,0.32329893567039336,,False,7.125863,6.543168,-1.6214919094020348,0.06081415161642665
1216,辻善兵衛,辻善兵衛商店,856,栃木県,真岡市,県央,9,0.3471542820332351,0.5611493203781661,0.28968387986316024,0.4537083264453774,0.32885486698464816,0.4082668556559322,,False,3.9280617,6.213142,-0.13969327094179104,0.14886349510194602
1217,栄光冨士,冨士酒造,857,山形県,鶴岡市,庄内,6,0.47092490400477033,0.5875807209629862,0.258877828989471,0.2628178572506771,0.27030939192131503,0.4730967209225879,27.0,False,1.5418977,9.709683,1.250542258238796,-1.5068129210762862
1219,ばくれん,亀の井酒造,105,山形県,鶴岡市,庄内,6,0.22562439201572415,0.3244508085005909,0.14134628903177565,0.2253387016751131,0.7614877101847828,0.43955144173657784,98.0,False,-0.01223332,3.1570964,2.593970979538526,4.0312843186981855
1221,有加藤,冨士酒造,857,山形県,鶴岡市,庄内,6,0.5576078430615844,0.47467618861280236,0.19462569883425976,0.40231017861040097,0.31029324270204545,0.409562535387972,,False,1.0731831,7.131657,1.7089985656509754,-0.3415346334997725
1223,龍神,龍神酒造,199,群馬県,館林市,東毛,10,0.4987839117461471,0.6503086879869632,0.18030119242735282,0.28851013137611314,0.20543755120968973,0.4127493384215959,,False,1.5440327,10.591464,0.9527196371872952,-2.282235158710235
1225,酉与右衛門,川村酒造店,28,岩手県,花巻市,県南,3,0.2961845884847205,0.49809177274340544,0.3541465552895153,0.3775290710806787,0.37635392363184744,0.5045681495119486,,False,2.6910665,5.475425,0.4548248964709816,0.7296160429996934
1226,富久錦,富久錦,573,兵庫県,加西市,播磨,28,0.3848535048168242,0.5191340361175066,0.31319059107853653,0.3994618856188588,0.2608326335645633,0.5066515817009067,,False,2.1927788,7.30874,0.7002618699765785,-0.3533192152025026
1227,モヒカン娘,三浦酒造,922,青森県,弘前市,津軽,2,0.3532460897656338,0.6147977500143442,0.32261022004353773,0.35707333120568396,0.25216887048853953,0.4495253824471538,,False,4.1499996,8.905651,-0.09402559871710257,-1.0480608470298634
1234,曙,,799,富山県,氷見市,呉西,16,0.2769280447319224,0.5339578165532821,0.3384454270602382,0.5120921870711982,0.31475486712290063,0.4029212908840897,,False,5.294712,5.5826864,-0.7516368287049708,0.6784492741322018
1236,利休梅,,810,大阪府,交野市,河内,27,0.2958615433082038,0.4160045849210685,0.24945222895311858,0.5811833252499824,0.26129522740282674,0.5207018960731145,,False,4.068183,4.773675,0.6101911862648193,1.3038810120578894
1239,日下無双,天吹酒造,756,佐賀県,三養基郡みやき町,東部（佐賀平野）,41,0.29844204188182344,0.5254690619368542,0.3633290408389888,0.43950624091540447,0.34228042259045727,0.4387311217309973,,False,3.3846676,5.6074276,-0.28710279986508713,0.5538548707581883
1247,乾坤一,大沼酒造店,862,宮城県,柴田郡村田町,仙南,4,0.30340579017347596,0.49891832733566516,0.29421786764787317,0.433979817272416,0.43507360858639044,0.44139976076833826,,False,2.516812,4.560886,0.32210890804528025,1.291115507543877
1248,金婚,豊島屋酒造,887,東京都,東村山市,多摩,13,0.37453334870609567,0.5368061148423484,0.31116910196646386,0.34450900333138623,0.2752853812359775,0.5294046290481631,,False,1.778993,7.9831033,0.8945489593618831,-0.5316064596792316
1253,田中六五,白糸酒造,730,福岡県,糸島市,福岡地域,40,0.3771916620959113,0.4877140115077512,0.24573921119264333,0.4886248938487168,0.2457449647295961,0.510224321772432,59.0,False,4.0207453,5.224646,0.8412136309034596,0.12668509093143152
1255,喜正,野崎酒造,863,東京都,あきる野市,多摩,13,0.24373964494682454,0.5098593132226618,0.43767091898923244,0.4838590418260423,0.36670672812015837,0.34710983285845537,,False,6.6926475,5.3064494,-1.3592691837944622,1.1315753401070978
1256,本金,酒ぬのや本金酒造,864,長野県,諏訪市,南信,20,0.4128386936005143,0.5510724042185543,0.2844391655267045,0.3378328151473184,0.2870477719540871,0.49844793621330935,,False,1.514633,8.48195,0.9818354635443285,-0.7017466357278913
1260,九州菊,林龍平酒造場,866,福岡県,京都郡みやこ町,北九州・京築,40,0.16311000490360303,0.5429168011580706,0.4750438578149926,0.33089484010002246,0.4790305346239384,0.3376509413076883,,False,7.29231,4.6828914,-1.4352828338941621,1.3583376700952634
1264,寒紅梅,寒紅梅酒造,479,三重県,津市,中勢,24,0.44271796039946354,0.500595941543443,0.2107305417718934,0.29007827385142815,0.3234959762857582,0.5658640278201091,,False,-0.36505482,7.9834657,2.2248042067878004,-0.40538050296248773
1265,千両男山,菱屋酒造店,29,岩手県,宮古市,沿岸,3,0.1392646751722783,0.5237578122214399,0.635004887958172,0.36005566659398797,0.3398424887876956,0.24066345053527344,,False,10.232668,4.8915563,-2.940059298932924,0.733642826101595
1269,口万,花泉酒造,141,福島県,南会津郡南会津町,会津,7,0.3696463942602286,0.5993989454827012,0.23154270020734077,0.43010531929884893,0.2782963003291785,0.43362542462274734,,False,5.449297,8.469568,0.17977752067729022,-0.5483153354635194
1270,蔵太鼓,,790,福島県,郡山市,中通り,7,0.13284507300381293,0.3061537477331898,0.29393165333365856,0.37619945150210815,0.6903616554699746,0.4290699358407031,,False,0.38321093,3.1945536,0.980335629409632,4.51749421952452
1275,まる田,小林酒造,7,北海道,夕張郡栗山町,道央,1,0.1906991357702526,0.45535586066831235,0.3726859475141386,0.581855020616619,0.38809832623002555,0.35807050766249177,,False,5.206616,4.14602,-1.249802530914522,2.1820455713659848
1279,富士錦,富士錦酒造,1358,静岡県,富士宮市,東部・伊豆,22,0.29949369993421215,0.4903397422779818,0.36045570428210505,0.4323169983589178,0.39818920469925645,0.44100965554495414,,False,2.919932,5.184611,0.0010195778881255991,1.0947696537261118
1281,西條鶴,西條鶴醸造,1146,広島県,東広島市,西条（東広島）,34,0.3520140493010749,0.6199026120473232,0.33830019187640387,0.40427756818617916,0.22337826226353552,0.40499585264240306,,False,4.891437,8.971579,-0.611022751752077,-1.093438562262873
1282,丈径,王祿酒造,927,島根県,松江市,出雲,32,0.23263532476900917,0.5914507923027565,0.49268035803170196,0.3685762498762142,0.30941022340607005,0.34892648572844914,,False,8.594258,6.041632,-1.73635233255373,-0.13330183779228275
1290,白龍,白龍酒造,867,新潟県,阿賀野市,下越,15,0.33194774401032573,0.528217219222929,0.3809575612642697,0.3816052801528177,0.35259534135835063,0.44240539835122883,,False,3.7528586,6.9610367,-0.027643361788437446,0.2626207362525695
1293,藏王,蔵王酒造,869,宮城県,白石市,仙南,4,0.4188423016198254,0.5653659581707489,0.2756731235154171,0.38171245987159413,0.2894282344747266,0.44661357318643014,,False,2.623002,8.397297,0.5745977500195124,-0.6386788229050836
1294,杣の天狗,上原酒造,500,滋賀県,高島市,湖西,25,0.27655480058818116,0.5980824107770596,0.4011512987536879,0.5064195408698199,0.21566720097632475,0.3192482024181183,,False,6.984683,6.869488,-1.8801100707812972,-0.3887518490814872
1299,千代鶴,中村酒造場,870,東京都,あきる野市,多摩,13,0.3843729171321327,0.48356257310639283,0.3676140540497659,0.3199165524392462,0.35537204325305244,0.5046273041371151,,False,0.97106194,6.2488627,0.9791639877587045,0.15309230442984653
1301,弥右衛門,大和川酒造店,133,福島県,喜多方市,会津,7,0.30681879995216355,0.49997331207980883,0.2987899908308607,0.37512671285588295,0.4433743882166325,0.47886590373362486,,False,1.8198234,4.59777,0.7013674583667211,1.111568902214946
1304,雪小町,,790,福島県,郡山市,中通り,7,0.3245879553627406,0.28997034277348527,0.14091510832148235,0.3718531334862532,0.6112837027366697,0.5279775314130419,,False,0.14539883,3.6560044,2.9625873486539924,3.4708073352619375
1305,富久心,椎名酒造店,1556,茨城県,日立市,県北,8,0.37121218173644904,0.6025750387037154,0.3391796346634586,0.4191593243565833,0.19974864577878204,0.4104484786251736,,False,4.732253,9.077218,-0.5037800041197406,-1.1497146691818954
1307,浪花正宗,浪花酒造,873,大阪府,阪南市,泉州,27,0.18623361935505114,0.565211232783898,0.3740413897903527,0.4044853152437943,0.4470804805109104,0.37743478082814175,,False,6.919894,4.528032,-1.0543654892321586,1.240937966091756
1313,宝劔,,817,広島県,呉市,安芸（広島湾岸）,34,0.3032497213826978,0.45462956519415093,0.24265053676761672,0.4144950495414322,0.525388036611952,0.4411729216869104,,False,1.3191475,3.9537666,0.9406771766489149,2.08590349822919
1324,央,曙酒造,126,福島県,河沼郡会津坂下町,会津,7,0.4887952629687252,0.524120662022386,0.21986173792201427,0.30040143218230375,0.24439392702417234,0.5367197841658032,,False,-0.12627433,9.264455,1.9775339641326966,-1.183407059299875
1326,鳴海,東灘醸造,1223,千葉県,勝浦市,九十九里・外房,12,0.44986913219403496,0.4167493280484724,0.19725894596424015,0.25579045909869147,0.2650604803880601,0.6703289136519035,,False,-1.5836743,8.750596,3.2869785687385193,-0.3843078590261165
1328,北島,北島酒造,499,滋賀県,湖南市,湖南,25,0.2895887574047678,0.5153927294334243,0.3269239174665702,0.3878812947922711,0.38689921236667213,0.4934435518279258,,False,2.6474965,5.3602366,0.3934320213532881,0.7596887271304309
1332,勲碧,勲碧酒造,1507,愛知県,江南市,尾張,23,0.6524809322854912,0.46773909328235264,0.2553831966241881,0.247027764209703,0.13467033285636054,0.4594664097180366,,False,-0.5498722,9.946739,2.3838232645102133,-2.3228226901736937
1335,万齢,小松酒造,1413,佐賀県,唐津市,西部（唐津・伊万里・鹿島）,41,0.2680562925898086,0.5529453040005315,0.3986106072518957,0.3831260619489857,0.3731402533309556,0.4212928560664351,,False,7.031731,5.00703,-0.5736073974568681,0.4685416274104246
1337,無風,玉泉堂酒造,411,岐阜県,養老郡養老町,岐阜・西濃,21,0.27379971825720484,0.44893776011215153,0.38011699425129686,0.5511090925272036,0.3358744011465147,0.40307173964125925,,False,5.216554,4.4800534,-0.6501463653647244,1.4774050942647663
1338,やまユ,新政酒造,76,秋田県,秋田市,中央（秋田周辺）,5,0.5309348659625294,0.5024485432847966,0.20043683252096864,0.38599875424852514,0.1576117678453463,0.5016395099875499,,False,0.035761792,9.011323,1.7782357754212097,-1.4290890203093063
1340,青煌,武の井酒造,1052,山梨県,北杜市,国中,19,0.5326773575380602,0.45291075412978227,0.21380989184581775,0.29684642674387207,0.296797146455305,0.5377784529842418,,False,-0.77481854,8.556664,2.6030885279227345,-0.5811187416980163
1344,初緑,高木酒造,425,岐阜県,下呂市,飛騨,21,0.47044135352668054,0.5865658007197126,0.3194570588363065,0.3646280701507517,0.1733369833233687,0.41179283936000705,,False,3.2330368,9.882875,0.2143572246086959,-1.765908624175133
1349,総乃寒菊,寒菊銘醸,874,千葉県,山武市,九十九里・外房,12,0.5190380993276615,0.5159941391129377,0.18669763498322048,0.2388452197666548,0.2038705954618252,0.5752245076835288,12.0,False,-0.8556644,9.630728,2.6351423376023164,-1.7013542526642866
1350,酔右衛門,川村酒造店,28,岩手県,花巻市,県南,3,0.31236229608045435,0.4612504353672157,0.29203655714586735,0.2697293287205024,0.4126816143879611,0.6011093540491799,,False,0.07351642,6.1034374,1.8659960401457192,0.7706789168642478
1360,福美人,福美人酒造,1394,広島県,東広島市,西条（東広島）,34,0.36046736945826796,0.6116105296074145,0.27181364667643915,0.45801913909103326,0.28200382943777424,0.36442486951135744,,False,5.8088818,8.256564,-0.5406181075569193,-0.48642594269231026
1363,杜の蔵,杜の蔵,744,福岡県,久留米市,筑後,40,0.3237851874141361,0.44530300683460716,0.2697312700592673,0.4513638207139241,0.40233958261388914,0.5084358249376957,,False,1.7424872,4.853317,1.0198296618846134,1.4223621292809465
1365,やまとしずく,秋田清酒,69,秋田県,大仙市,県南,5,0.39733385547089645,0.4943583730852884,0.23323886725264062,0.34185504081718976,0.3247627072199622,0.5665682237178884,,False,0.069391206,6.7015104,1.8064465456775607,-0.015709521063699456
1366,夏田冬蔵,,788,秋田県,横手市,県南,5,0.24525406386693419,0.41300197207867706,0.2595321963169571,0.5861228909654851,0.4092018161096285,0.43696302437347895,,False,4.617599,4.2669864,0.10959963069900579,2.4437029594159156
1367,五十嵐,五十嵐酒造,875,埼玉県,飯能市,西部,11,0.4366398966190231,0.4770917610692759,0.24264539410207345,0.24063784566011964,0.3151630247586119,0.6046635097163168,,False,-0.72231674,8.09904,2.512582033105574,-0.47735828820539355
1372,一博,中澤酒造,1313,滋賀県,東近江市,湖東,25,0.28629140368416134,0.5764538307651584,0.4007667900579882,0.4821726694329603,0.2765518134576702,0.34081197819987236,,False,6.78996,6.556074,-1.4718432821064298,0.004193580789950804
1384,白神,白神酒造,876,青森県,弘前市,津軽,2,0.22813850025873209,0.5446428365420881,0.40281530296324347,0.42714918125895884,0.39331463677973194,0.389748650345763,,False,6.9681654,4.784113,-0.9940112496648889,0.949049136560966
1386,すず音,一ノ蔵,45,宮城県,大崎市,県北（大崎・栗原）,4,0.5591666774070303,0.22770193365419275,0.09393763354736727,0.18229350097274696,0.07564980967189473,0.7666200904561198,,False,-1.9243782,9.114267,5.5934114759955404,-0.9946266193482919
1390,鷲の尾,わしの尾,1119,岩手県,八幡平市,県北,3,0.32347007518439935,0.5394448201604696,0.37628546104237914,0.4615497121861179,0.32841745345273554,0.37668221051556683,,False,4.899163,6.461882,-0.7179246555916159,0.3599760933694475
1395,淡墨桜,白木恒助商店,1159,岐阜県,岐阜市,岐阜・西濃,21,0.5836347250718193,0.5060555588296609,0.29786375298176,0.28814320740866445,0.18447137743390987,0.4444088957924291,,False,-0.06719854,10.020577,1.581172207582311,-1.8714863256306251
1419,結人,柳澤酒造,186,群馬県,前橋市,中毛,10,0.4920958447002126,0.4717466025849087,0.1720034346934165,0.2467013322193075,0.28521448678515277,0.602911925774527,,False,-1.2107849,8.949967,3.0211074152879416,-0.7823129263195632
1426,王祿,王祿酒造,927,島根県,松江市,出雲,32,0.26193219569146486,0.5428345242737878,0.45726157409822193,0.35610064625947296,0.3457673080966354,0.42575973900206576,79.0,False,7.339736,5.078337,-0.743897995409871,0.2620526589686599
1427,岩の蔵,天山酒造,750,佐賀県,小城市,東部（佐賀平野）,41,0.48130365413627185,0.5545043963264832,0.2251887175881126,0.34190871636157827,0.30792335905861423,0.4454698003936218,,False,1.4796877,9.052656,1.2555726374877914,-0.8057229383616867
1430,古伊万里 前,古伊万里酒造,757,佐賀県,伊万里市,西部（唐津・伊万里・鹿島）,41,0.4265652606216788,0.5581055243307022,0.2211554798612072,0.34657728795433385,0.2851350676991046,0.5061943623867381,,False,1.1735203,8.763015,1.3035572011397685,-0.7495245164142463
1436,亀吉,中村亀吉,18,青森県,黒石市,津軽,2,0.20280388820050071,0.38198742759399346,0.43607944955273636,0.4380803801905335,0.5205665627971425,0.39985864497138385,,False,1.7090034,3.2467682,-0.3037328302555072,2.88288311308247
1441,百歳,吉久保酒造,1161,茨城県,水戸市,県央,8,0.18208938717420753,0.565171028086811,0.44398784918845946,0.31559322807121,0.4692174568110972,0.36129744876229575,,False,7.29579,4.7227144,-1.1627798245799443,1.0462175835216785
1443,鷹長,油長酒造,589,奈良県,御所市,北西部（奈良盆地）,29,0.18509437811860388,0.6412137176469922,0.6016921264359141,0.3763923523236828,0.0985072636263353,0.20292052779434366,,False,11.020131,5.5372047,-3.7046543304795545,-1.6046305865672086
1444,黒松剣菱,剣菱酒造,564,兵庫県,神戸市東灘区,灘五郷,28,0.053537981156698826,0.6714525524609144,0.6062248800981289,0.34863301699391774,0.19808291737676367,0.13414442374778754,,False,11.513956,5.311689,-4.545737897420331,-0.7902089510409328
1447,若波,若波酒造,729,福岡県,大川市,筑後,40,0.45007004170120096,0.5479954904748504,0.23224956906687255,0.36829252128770834,0.2438705093706569,0.49808215293603764,,False,0.84111696,9.07716,1.233746893507744,-0.9570740294857658
1452,大納川,大納川,879,秋田県,横手市,県南,5,0.41126505501576943,0.5653024661191293,0.268655038668457,0.4076638505783793,0.24363442704474783,0.46213753083983905,,False,2.7704563,7.9861736,0.5161127527605324,-0.799697717975093
1453,寒北斗,寒北斗酒造,932,福岡県,嘉麻市,筑豊,40,0.24163449750118324,0.4005918970973476,0.23112746615527496,0.3126675146577433,0.6253576914723938,0.488759428533107,,False,0.3419672,3.4652047,1.6931088358971405,2.9177170718856145
1456,秩父錦,矢尾本店,1122,埼玉県,秩父市,秩父,11,0.30151279379181617,0.6039296119187592,0.3241309165606662,0.41135448112209927,0.34104115006172814,0.39214363794711166,,False,5.51115,7.415409,-0.618234743499958,-0.042244884601465256
1464,睡龍,久保本家酒造,882,奈良県,宇陀市,宇陀・東部,29,0.17385162080712666,0.590128414509228,0.48949859082077174,0.38248842618439177,0.3429749044389956,0.3434909266284737,,False,8.808457,5.568423,-1.9854809816616603,0.35218374565395316
1469,廣戸川,松崎酒造店,883,福島県,岩瀬郡天栄村,中通り,7,0.34459846840088776,0.5655593040038622,0.290307070214023,0.5184919962474703,0.1993243459019907,0.41055112857260134,50.0,False,5.616148,6.916211,-0.5305624353085361,-0.4450782361057116
1470,星自慢,喜多の華酒造場,134,福島県,喜多方市,会津,7,0.29616123777650416,0.5725659282971118,0.5460578378275228,0.31808002806719127,0.24417348386341955,0.35423441710520126,,False,8.792565,6.2707,-1.5253425566886376,-0.8590655613191042
1474,角右衛門,木村酒造,58,秋田県,湯沢市,県南,5,0.4689485173238754,0.47134321537939794,0.20548822535387917,0.3219290564101158,0.27945498181621586,0.5778962246229452,,False,-0.7689487,8.344511,2.399364968713248,-0.4764185205670509
1479,宮の松,松尾酒造場,885,佐賀県,西松浦郡有田町,西部（唐津・伊万里・鹿島）,41,0.3968339391174438,0.5416090884640211,0.31098750577274614,0.3885993722511165,0.19971700792641553,0.5114419184442252,,False,2.2055237,7.643238,0.6358502951868783,-0.9573536505972743
1481,花邑,両関酒造,67,秋田県,湯沢市,県南,5,0.5021243514872614,0.6096521527368427,0.25926242350323586,0.39336947990791393,0.17446263937843456,0.35185454921621634,31.0,False,3.0438566,10.041161,0.11035646520225575,-1.8922494324388863
1482,亀齢,亀齢酒造,886,広島県,東広島市,西条（東広島）,34,0.26929037810750306,0.5361494865853428,0.3410056620967033,0.40605885719273144,0.4465614919949786,0.3993001340765267,,False,2.779091,3.8682718,-0.32046508305002985,1.1340246272811183
1483,屋守,豊島屋酒造,887,東京都,東村山市,多摩,13,0.42244445758973,0.5601219963196556,0.24078182482259594,0.31086081532185117,0.26568271174840613,0.5316073668612491,100.0,False,1.0503322,8.862493,1.4081133780947945,-1.0041895419879903
1487,鼎,信州銘醸,397,長野県,上田市,東信,20,0.40436453462558064,0.6021082050907116,0.29250341447653994,0.39245965939233146,0.3008229358018621,0.3793122224029285,,False,3.9977725,8.553616,-0.1020378308129666,-0.7146556910000719
1488,開春,若林酒造,889,島根県,大田市,石見,32,0.23811437183716794,0.5793898920261323,0.44084976875556087,0.350512192594874,0.4115794601438178,0.34785619321892675,,False,7.733291,5.184619,-1.2401784661654134,0.5169042924164141
1489,玉櫻,玉櫻酒造,890,島根県,邑智郡邑南町,石見,32,0.1563189054257944,0.6494189327111337,0.4738105974989178,0.46582881966270223,0.2052909500591239,0.26491905166674606,,False,9.871073,5.3123507,-3.10841429676995,-0.509324929109137
1495,酒一筋,利守酒造,892,岡山県,赤磐市,備前,33,0.2418923360829904,0.5643115653518224,0.4124229027756066,0.4590582333360805,0.3152271683595486,0.3779487729243337,,False,6.8972297,5.989435,-1.3351408993290965,0.3978713951190279
1498,桃川,桃川,12,青森県,上北郡おいらせ町,南部（県南）,2,0.31526368160694695,0.5660606535214769,0.35184756701630027,0.4490292161077528,0.3685460086467394,0.3448681483863021,,False,5.3693423,6.5614405,-0.8393439382876682,0.43868249687670424
1513,梅の宿,梅乃宿酒造,598,奈良県,葛城市,北西部（奈良盆地）,29,0.3888593033121161,0.5825779570755134,0.258296636601864,0.43180533498596324,0.216090152743944,0.4577372742548509,,False,2.8244433,7.832585,0.2563788875752905,-0.9064479424786581
1515,こんな夜に…,仙醸,389,長野県,伊那市,南信,20,0.41780324651447864,0.5508093050815294,0.2496178008537768,0.2476064884409435,0.35065767434263145,0.5248530579515096,,False,0.49094367,8.015806,1.6660488353286962,-0.6289928221964628
1517,穏,仁井田本家,123,福島県,郡山市,中通り,7,0.3794607268454113,0.5083458170483769,0.24942951540273936,0.5279914611711323,0.192536827185907,0.46854411854688965,,False,4.2227526,5.2592936,0.3291163872140104,-0.20406227548410752
1522,真稜,逸見酒造,250,新潟県,佐渡市,佐渡,15,0.21272846523699276,0.49324771160002223,0.37322326628839086,0.49082016828613617,0.4278609240356931,0.3849523096010353,,False,4.1744723,3.6247551,-0.8630721639987935,1.7847576357059634
1524,福海,福田酒造,763,長崎県,平戸市,県北,42,0.4205519983494296,0.46445591929096186,0.22930811916430333,0.3545001948154678,0.2575508459683661,0.6023551077412667,,False,-0.9150591,8.282908,2.1205793615065276,-0.2848947217880761
1526,辨天,,789,山形県,東置賜郡高畠町,置賜,6,0.29261144336950917,0.6059251088084163,0.27718390937464177,0.5095274085088538,0.2583138124020603,0.3795499708985322,,False,6.1672306,7.640725,-0.9307266344435428,-0.16602546142087019
1527,隆,川西屋酒造店,237,神奈川県,足柄上郡山北町,県西,14,0.33140527194943525,0.5696013837037724,0.4131317456829974,0.3613137234626034,0.30584788740534574,0.4134687813161522,,False,4.6269784,7.465111,-0.5155146486658977,-0.3735403486768231
1534,喜多屋,喜多屋,737,福岡県,八女市,筑後,40,0.4082746104495601,0.5888366908151069,0.2712495003292187,0.35226526865071617,0.3071875231653621,0.44108038802160804,,False,2.4467087,8.689614,0.5284020841165596,-0.7399195471553741
1542,浜娘,赤武酒造,898,岩手県,盛岡市,県央（盛岡周辺）,3,0.43214614160030557,0.48453643306820804,0.2707623708039643,0.34001833492683065,0.3211205994870049,0.5351924778851206,,False,0.33073783,6.809108,1.662721456284781,-0.1283120712046715
1543,自然酒,仁井田本家,123,福島県,郡山市,中通り,7,0.33479611038078133,0.6636520418131433,0.37237644007060783,0.42002042251650074,0.11205226296973148,0.3461797997918267,,False,8.00824,7.511126,-1.5363125019944046,-1.9573293620471377
1550,呼友,朝日酒造,305,新潟県,長岡市,中越,15,0.29740612062722277,0.4683687440174989,0.32770562504084266,0.44419331493211156,0.46447371140950156,0.4144222638042411,,False,2.2883756,4.2441926,0.15413123378819282,1.710224227495943
1552,美寿々,美寿々酒造,900,長野県,塩尻市,中信,20,0.3271753009315053,0.5444906591499823,0.29857875677070517,0.3171151577201997,0.42651444411603806,0.4741944498499924,,False,1.2952458,5.4383197,0.7146769997506798,0.44429461724819336
1555,外ヶ濱,西田酒造店,16,青森県,青森市,津軽,2,0.44711277817761047,0.47872744951934654,0.19435319838142184,0.305967906582112,0.28860808143492384,0.5968467495246369,,False,-0.8534338,8.235536,2.4864407385643963,-0.4372614592276812
1561,洌,小嶋総本店,108,山形県,米沢市,置賜,6,0.28151854418791494,0.3994796771570505,0.26476760246648096,0.33900273689946275,0.578987149514401,0.49082831883748246,,False,0.5025589,3.718192,1.575651692765924,2.567862480143249
1562,北の勝,碓氷勝三郎商店,902,北海道,根室市,道東,1,0.24570565450455,0.5677690958678806,0.35687975701273017,0.43135747740966546,0.3951520499431104,0.3843037968390664,,False,6.8771853,5.145823,-0.8609451980501872,0.7853206734313319
1564,結ゆい,結城酒造,903,茨城県,結城市,県西,8,0.4131399794306139,0.5905354261429192,0.30192355728802844,0.3775421407470356,0.24962834365684583,0.4296196636841714,,False,2.8605034,9.051103,0.1882724874246161,-1.050311128491245
1565,文楽,北西酒造,1673,埼玉県,上尾市,県央・さいたま,11,0.5051559758505214,0.5363190081089252,0.2177677527434715,0.26707047204823325,0.1708840399258789,0.5560832449617313,,False,-0.2272699,9.918724,2.1104142250631472,-1.8963527442592227
1566,竹の園,矢野酒造,904,佐賀県,鹿島市,西部（唐津・伊万里・鹿島）,41,0.30960948701438784,0.5873963233220072,0.3428648267665655,0.3536639306977264,0.34747491779547834,0.44241862651934977,,False,3.7182226,7.6205935,-0.14150937214000425,-0.1420977559650225
1567,月不見の池,猪又酒造,906,新潟県,糸魚川市,上越,15,0.3546031552202284,0.5255608861589218,0.30476168780746965,0.3111732655515746,0.3909648383843213,0.5054506552033944,,False,1.0210668,5.9179316,1.0232988239140175,0.2168794224646381
1573,香取,寺田本家,218,千葉県,香取郡神崎町,北総,12,0.09342667034635242,0.6565322183807701,0.5990144697687096,0.3974819235702322,0.11220240804879705,0.17560554822296992,,False,11.420829,5.3370905,-4.329213659849204,-1.2007926698493108
1578,豊香,豊島屋,403,長野県,岡谷市,南信,20,0.41500997531231476,0.5424196869280531,0.23953808964539242,0.34897571677448397,0.3333939222974052,0.4931871337637141,,False,1.166202,7.743756,1.2321971164625358,-0.3071950242435748
1582,猫魔の雫,末廣酒造,139,福島県,大沼郡会津美里町,会津,7,0.4435037785866589,0.5069688235630094,0.272851978564822,0.4232375114675975,0.31204947948790845,0.4419659934268662,,False,2.1323955,7.030679,0.8359902528582348,-0.07199982751561464
1583,菊正宗,菊正宗酒造,910,兵庫県,神戸市東灘区,灘五郷,28,0.3679430174757473,0.5958251920426199,0.3015006264247064,0.3956125546951363,0.30955729158908213,0.40788802198072266,,False,4.1157985,8.255045,-0.11373736341097407,-0.47884596991218853
1584,残草蓬莱,大矢孝酒造,235,神奈川県,愛甲郡愛川町,県央・相模原,14,0.42843669722539596,0.45185278424961745,0.23786617491911402,0.25542506046822205,0.4998197473854593,0.4905394981794567,,False,0.4660237,4.7186084,2.2157740230649234,0.9162264219466105
1585,千福,三宅本店,911,広島県,呉市,安芸（広島湾岸）,34,0.273612271346114,0.596372527973098,0.40456855914555817,0.4458717176000007,0.28174782752002886,0.35723519833696843,,False,7.174643,6.5894046,-1.4281375071333473,-0.17316008111153425
1586,農口,農口酒造,912,石川県,能美市,加賀,17,0.22266989936907564,0.6532696285367409,0.5756990387874814,0.31241063173652883,0.2053153221064495,0.22906929251192087,,False,10.631521,5.7651634,-3.017427861634934,-1.3710253045519567
1588,西之門,よしのや,913,長野県,長野市,北信,20,0.44025974324858597,0.586936494374695,0.3085858511901343,0.27826086184227056,0.27709264413980944,0.4606975600342367,,False,1.7935132,9.649229,0.7966029253760805,-1.3140442725195705
1596,雲山,よしのや,913,長野県,長野市,北信,20,0.2753859688694451,0.6424437623661234,0.41204300566097196,0.4089089143923333,0.2190333071787346,0.3556220633051308,,False,8.302676,7.0122504,-1.6417072132730512,-0.9953657174427696
1597,金鵄正宗,キンシ正宗,533,京都府,京都市伏見区,伏見,26,0.2809554203371701,0.5860958816027141,0.3885102420060179,0.4854968817205759,0.3166895747822973,0.30102483663600205,,False,6.7004623,6.2403874,-1.648630528298287,0.23033335612510972
1602,松浦一,松浦一酒造,919,佐賀県,伊万里市,西部（唐津・伊万里・鹿島）,41,0.2851927609482523,0.6487811743889923,0.4266590701910206,0.39815567733009627,0.21999195719455078,0.32982678797273257,,False,8.461963,7.0781274,-1.7959936369301885,-1.1103751927435483
1605,じょっぱり,六花酒造,921,青森県,弘前市,津軽,2,0.3599515742025185,0.47592650067141395,0.33526569236713116,0.3727774755767,0.4650859030133225,0.41983068281192204,,False,1.4924477,4.8280745,0.5951324775740542,1.1772477042398093
1606,ん,三浦酒造,922,青森県,弘前市,津軽,2,0.25223039326263846,0.4630510572063753,0.22834628372315918,0.5291015844399914,0.4009011462569338,0.478697510038879,,False,3.560457,4.5654173,0.4305578183884656,1.8616284021747003
1607,一ノ蔵,一ノ蔵,45,宮城県,大崎市,県北（大崎・栗原）,4,0.310980825955314,0.5223986759510917,0.2989393086438466,0.4213939106121738,0.4001288043006795,0.45094340118037407,94.0,False,2.6757162,4.907014,0.26599300527024894,0.8508120186509734
1611,二世古,二世古酒造,923,北海道,虻田郡倶知安町,道央,1,0.27083093970204036,0.5099674932483228,0.31574851205916526,0.4645973429888006,0.4104984578176917,0.42723174048705503,,False,3.53085,4.1136894,-0.16274658399520375,1.2886469256232895
1613,田村,仁井田本家,123,福島県,郡山市,中通り,7,0.18436077142588492,0.6292291710552226,0.5144617157943545,0.4286164409586499,0.20710436311939143,0.28072518332203494,,False,9.970119,5.3948326,-2.8821383739186506,-0.6252429265165789
1615,辰泉,辰泉酒造,120,福島県,会津若松市,会津,7,0.25903353328433043,0.533876440527311,0.39366140074950584,0.4319708235081325,0.39675048785183736,0.3858737286614578,,False,6.753307,4.8764205,-0.8064281672897514,0.9453128894461718
1616,冩楽,宮泉銘醸,130,福島県,会津若松市,会津,7,0.43431412035047995,0.6191333152606576,0.24453876388829246,0.3904532542868808,0.2176590986630867,0.41038609715788255,10.0,False,3.1883304,9.7975025,0.22147780686202312,-1.4362441847160103
1617,佐藤卯兵衛,新政酒造,76,秋田県,秋田市,中央（秋田周辺）,5,0.5193799225869107,0.5014427552079355,0.29479032488493867,0.41518768610814966,0.1439426733324021,0.44586771100339095,,False,0.30461225,8.989967,0.9067375333682656,-1.4026792220374336
1619,わかむすめ,新谷酒造,924,山口県,山口市,周防,35,0.6003684527827428,0.451264272951431,0.1488066756698073,0.2476387649323104,0.1782211158484066,0.5662924386794527,,False,-1.0310318,9.644796,3.339859526445478,-1.7061347892984013
1620,射美,杉原酒造,1280,岐阜県,揖斐郡大野町,岐阜・西濃,21,0.3998274877069243,0.6717158730970135,0.37189829854665846,0.29738902483796403,0.19900056577257064,0.35012278441956324,,False,3.65886,10.32283,-0.7870890051350004,-2.144322091937931
1626,辛丹波,大関,972,兵庫県,西宮市,灘五郷,28,0.1168701171508925,0.4391075252129474,0.3067946262892891,0.30418702384829954,0.6822345655796669,0.37607082624041704,,False,0.8826128,3.2554436,0.17403919240904858,3.426480965922377
1628,渓,王祿酒造,927,島根県,松江市,出雲,32,0.3719846789948706,0.4729109544739486,0.3336764923269786,0.3168087337446823,0.3045341135563137,0.5775238749208099,,False,0.5885245,6.6939874,1.4563812083110272,-0.04668051181633128
1631,英,森喜酒造場,480,三重県,伊賀市,伊賀,24,0.14377653183550895,0.6200496506481102,0.4399409969944732,0.5551872858622413,0.19977819476931208,0.2305957703420659,,False,8.822161,4.2978106,-3.3345828730212004,0.021246203065488817
1633,姿,飯沼銘醸,881,栃木県,栃木市,県南,9,0.38788779908278154,0.6320514150069427,0.3537625241619255,0.33621944583461294,0.23818387096285581,0.39386681564309994,,False,3.9085402,10.075481,-0.41473206825041997,-1.4599463345133605
1637,博多百年蔵,石蔵酒造,746,福岡県,福岡市,福岡地域,40,0.35597094271403423,0.6190415225176079,0.3431434460334669,0.3002359838712754,0.3159065829305808,0.4270670224175734,,False,3.2617736,9.210089,-0.05164430686181074,-0.8998985204431129
1642,會津,会津酒造,144,福島県,南会津郡南会津町,会津,7,0.35085411920079274,0.4706495401309973,0.29413075540599765,0.5214789607165676,0.2616158209766966,0.4780108282071353,,False,4.079172,5.0931773,0.34228756607846084,0.5260546909615675
1643,日乃出鶴,井坂酒造店,931,茨城県,常陸太田市,県北,8,0.3565375135050131,0.5994365846498775,0.22815439848214256,0.4960590152061275,0.23244587778315443,0.40174210662382703,,False,5.917843,8.124744,-0.29034150482017673,-0.5488245461304818
1644,ねぶた,桃川,12,青森県,上北郡おいらせ町,南部（県南）,2,0.2269740557141453,0.40788251053965247,0.19651643704477736,0.3921441256981518,0.5666954243095425,0.5182424204432016,,False,0.6472361,3.653795,1.5822068878976614,2.8596943179947623
1662,廣喜,紫波酒造店,937,岩手県,紫波郡紫波町,県央（盛岡周辺）,3,0.2929239928318195,0.6013003529739224,0.35935420454674,0.47236860304544054,0.23591524837438413,0.38040751051054694,,False,6.561539,7.149458,-1.1883781113986578,-0.4463588605196862
1671,松みどり,中澤酒造,942,神奈川県,足柄上郡松田町,県西,14,0.4097171967878047,0.5754057145937753,0.3563690596752741,0.39816517063616674,0.19716364417987217,0.4202763018316831,,False,4.1710525,9.284374,-0.18260887018286506,-1.2195499378245052
1677,泉橋,泉橋酒造,231,神奈川県,海老名市,県央・相模原,14,0.3041343734422381,0.4602920945151132,0.37190981081153757,0.4261449880915286,0.32433731331217924,0.5201176016612225,,False,2.5602088,5.684207,0.4447822353924865,0.7799364987622177
1679,國権,国権酒造,132,福島県,南会津郡南会津町,会津,7,0.29006250442755777,0.5361221811171782,0.37981202581678286,0.5074242598111093,0.302349693189025,0.36781090123591254,,False,5.6900887,5.591007,-1.0790942135044994,0.5041134872136218
1681,仙介,泉酒造,947,兵庫県,神戸市東灘区,灘五郷,28,0.43520721307708615,0.5205485461573081,0.2266226606339411,0.30034945046074973,0.3207340552256767,0.5433101654605779,,False,-0.12752624,8.030479,1.874678091894664,-0.4907713471329326
1682,かたの桜,山野酒造,538,大阪府,交野市,河内,27,0.2793001736718715,0.6238450144631089,0.4045353673736886,0.43459859779902116,0.2532602791486146,0.3407979419786909,,False,7.9115925,6.8665905,-1.6190741814054939,-0.5846927721871721
1683,稲里,磯蔵酒造,948,茨城県,笠間市,県央,8,0.2825829059996058,0.5544973537850574,0.3456763419225736,0.5015613638415842,0.30761933529552293,0.38339795952890204,,False,5.739985,5.937273,-0.9347450889345882,0.44307004079703316
1688,会津娘,高橋庄作酒造店,949,福島県,会津若松市,会津,7,0.37662493726947277,0.5774076918502523,0.2538534233787636,0.4904344467333183,0.24035961189820265,0.40250933390834703,,False,5.8404875,8.191968,-0.19006637853636216,-0.46650949993734697
1692,afs,木戸泉酒造,223,千葉県,いすみ市,九十九里・外房,12,0.2628466263489664,0.560652882294021,0.7040481134768186,0.24802090535242782,0.0825241376928028,0.22928507955889246,,False,11.042017,5.4148407,-2.949379584650439,-1.9876360285541683
1695,満天星,諏訪酒造,618,鳥取県,八頭郡智頭町,東部（因幡）,31,0.0855948249829169,0.70049325847915,0.6543870529100162,0.23107213989644004,0.11703226143283275,0.08166652737044248,,False,11.211229,5.320218,-4.769219871461158,-2.037028922617483
1698,百十郎,林本店,1448,岐阜県,可児市,中濃,21,0.44552782896707543,0.48329975147683013,0.2597433406307632,0.27011091536981346,0.3883384978466133,0.5260161645088552,,False,-0.18582013,7.5178933,2.033263696953625,0.003910804150581043
1700,陸奥男山,八戸酒造,10,青森県,八戸市,南部（県南）,2,0.31490856827418207,0.36894164453367956,0.20130672427084145,0.2382728575755647,0.6064310009216288,0.5474100344199019,,False,0.06124389,3.637799,2.7937371465815484,2.4760978781029386
1708,十右衛門,豊島屋酒造,887,東京都,東村山市,多摩,13,0.3416923257430236,0.6241575767741349,0.37211136205248496,0.3177424437091352,0.2613666750163275,0.4312006595216018,,False,4.030699,9.7820215,-0.3691911019699596,-1.169231457017948
1709,勝駒,清都酒造場,953,富山県,高岡市,呉西,16,0.33171516550134855,0.524299258656571,0.27719779268461175,0.5377217018643159,0.30657756853033175,0.3938302754963561,63.0,False,4.7896533,5.4894166,-0.3414849566694697,0.6043693690961361
1710,旭若松,那賀酒造,954,徳島県,那賀郡那賀町,南部,36,0.06061373137122966,0.638622974489282,0.5948147933966055,0.4405302493704218,0.1703127376495583,0.10774369756147521,,False,11.559627,5.244479,-4.773434550665426,-0.44972172185628256
1711,東力士,島崎酒造,955,栃木県,那須烏山市,県北,9,0.3587867481905813,0.4986368771718379,0.32900198239707584,0.38246120998974653,0.29114052555129655,0.5323078497080742,,False,1.6992981,6.9117846,0.8430393860123745,-0.006919861572234942
1714,磐城寿,鈴木酒造店 長井蔵,956,山形県,長井市,置賜,6,0.2559438244875609,0.500624807969481,0.3888256544569235,0.4880044193692288,0.3191039184792749,0.43898353804626916,,False,5.1892014,5.4536905,-0.6417281205204064,0.8847074215285594
1717,紀伊国屋文左衛門,中野BC,957,和歌山県,海南市,紀北,30,0.27343035953536987,0.5432395429482767,0.38153508789895296,0.4038419148098508,0.3827021203302184,0.4183400639445287,,False,6.7793164,5.002853,-0.4970901365655102,0.6507597979637451
1719,至,逸見酒造,250,新潟県,佐渡市,佐渡,15,0.4166683005820143,0.5598919493249009,0.26096064929538293,0.37076571983032786,0.29841528432938536,0.46721426665706783,,False,2.050754,8.335198,0.8112462282298429,-0.572789461814642
1721,初霞,久保本家酒造,882,奈良県,宇陀市,宇陀・東部,29,0.11988325287054866,0.6017883771424257,0.47479653200555677,0.391270612707244,0.39441884709620245,0.2989784084176624,,False,8.873327,5.3739753,-2.3863682663411816,0.8361912044219484
1722,門外不出,西堀酒造,176,栃木県,小山市,県南,9,0.19778685485609046,0.6264127614587058,0.39391456965320437,0.5046779704414912,0.2875645775433926,0.27554579299291165,,False,8.574741,4.8667383,-2.431723870056104,0.16847670953632946
1729,川亀,川亀酒造,961,愛媛県,八幡浜市,南予,38,0.1876332912872135,0.5590392472538331,0.39840939539557946,0.41997800365582805,0.445949010877674,0.34392844871224787,,False,6.927789,4.4953113,-1.3544343318754346,1.3120477493750577
1731,深山菊,舩坂酒造店,963,岐阜県,高山市,飛騨,21,0.26284395063267985,0.6445467588179314,0.3822198143025667,0.3918378391107058,0.3264696737523401,0.3305468300085623,,False,8.109266,6.257178,-1.506892059290799,-0.34112605435608057
1732,ソガペール エ フィス,小布施ワイナリー,893,長野県,上高井郡小布施町,北信,20,0.43318503317468815,0.618379995596599,0.4221889908424034,0.3308622263091127,0.1927563062200552,0.3241736536257154,84.0,False,4.300438,9.826509,-0.877263265522046,-1.8735269778069525
1735,菊盛,木内酒造,965,茨城県,那珂市,県央,8,0.370106754545922,0.5446007719866842,0.2999020609939312,0.4052546007611919,0.29219267755218936,0.4763212056473592,,False,2.8762262,7.118133,0.44488298157136014,-0.23736198230523425
1740,清鶴,清鶴酒造,967,大阪府,高槻市,北摂,27,0.26732874721436467,0.539692024645289,0.5592850525961051,0.3985684524448171,0.21989010967219197,0.3424319169904207,,False,7.8699775,5.9247255,-1.8957978633404224,-0.4154948454481036
1745,たかの井,高の井酒造,244,新潟県,小千谷市,中越,15,0.3367287747972169,0.43008840165670253,0.2846774382535841,0.33800458366377006,0.4452144452616563,0.5550976979649276,,False,0.13647115,5.0946646,1.7319550719023082,1.3261800822781076
1746,旦,笹一酒造,379,山梨県,大月市,郡内,19,0.32391182280777103,0.6109539088604644,0.3643245338818706,0.41923074401353594,0.24145097321778192,0.3937398850907377,,False,5.181018,8.560933,-0.8853502122953479,-0.7789057125230697
1747,六根,松緑酒造,13,青森県,弘前市,津軽,2,0.36312716627992964,0.5447692513060653,0.3359174083065569,0.4434326580987917,0.30172730731044417,0.413343354237336,,False,3.9577675,6.8581433,-0.18353456284854225,-0.03300512393561211
1749,山桜桃,須藤本家,152,茨城県,笠間市,県央,8,0.4502654854663077,0.2943691336563029,0.3923800232430793,0.36004453582850676,0.3799931900268432,0.5316190655546947,,False,0.38232252,5.324471,2.0710971506639675,1.3858773885892266
1750,豊能梅,高木酒造,968,高知県,香南市,東部,39,0.5394003583457921,0.49074515980789213,0.16659739450557123,0.24702729368780457,0.30210258463906436,0.5368177476697178,,False,-0.958237,9.122682,2.828123226689341,-0.9680276426204114
1751,泉川,廣木酒造本店,135,福島県,河沼郡会津坂下町,会津,7,0.3477015533072434,0.5166515896355861,0.23295152881643935,0.5268277007452001,0.3293724679422659,0.4145777382662783,,False,4.294599,5.4366293,0.13233895102269966,0.7160333516950773
1754,たかちよ,高千代酒造,285,新潟県,南魚沼市,中越,15,0.5537366169858172,0.5789030990387586,0.17331661737044754,0.18331501806093195,0.1523624221986223,0.5209506766775319,32.0,False,0.42035407,10.363092,2.373336583041043,-2.7385604914915986
1755,山城屋,越銘醸,279,新潟県,長岡市,中越,15,0.35466265226571253,0.46573475716641305,0.2735607449775065,0.42421426579823707,0.33649215797960114,0.5378525282768857,,False,1.911606,5.83139,1.1874282202950897,0.6711995331303725
1756,金龍,一ノ蔵,45,宮城県,大崎市,県北（大崎・栗原）,4,0.17648783013158947,0.5198469005300977,0.3454881946070477,0.4730786916142335,0.4602986451511681,0.37890745839112294,,False,4.037667,3.5137389,-0.9436797915247686,1.9020965155798635
1757,武勇,武勇,163,茨城県,結城市,県西,8,0.4027023740365404,0.4804350796679347,0.2579525342399189,0.34528583474601865,0.32253551297565386,0.5632246065667585,,False,0.154426,6.674651,1.7501812046505998,0.03956246266666578
1758,酔仙,酔仙酒造,31,岩手県,陸前高田市,沿岸,3,0.27784507403390624,0.5705625885797602,0.3418785689305823,0.49952906303033406,0.2803800001612726,0.39017593743314666,,False,5.9724865,6.246284,-1.005278042054441,0.1842943387608174
1764,加賀の井,加賀の井酒造,971,新潟県,糸魚川市,上越,15,0.2612635019595088,0.48242055931090927,0.3451778818759063,0.4860506575067839,0.41801879035485673,0.41094898175947736,,False,3.9379492,3.9276056,-0.3489884661967585,1.6077251964555541
1765,ワンカップ®,大関,972,兵庫県,西宮市,灘五郷,28,0.15404199679385347,0.5684542446400532,0.4443688204409707,0.5910464125603074,0.2161586996672464,0.2441449183418019,,False,8.638524,4.116295,-3.0931131073285982,0.5360680843533231
1766,伊根満開,向井酒造,537,京都府,与謝郡伊根町,丹後,26,0.3049851189405392,0.6665289185337765,0.5697597113542113,0.28867220002273736,0.06532595521313342,0.22471766688471537,,True,10.955041,5.887132,-2.8391529018824095,-2.712346864912186
1768,宗政,宗政酒造,974,佐賀県,西松浦郡有田町,西部（唐津・伊万里・鹿島）,41,0.36471028257550686,0.7121383140416081,0.3777885042823654,0.27499587013235643,0.2374908603082056,0.2917132841849671,,False,3.8640351,10.223658,-1.3297346209142624,-2.111957886189959
1772,松乃井,松乃井酒造場,853,新潟県,十日町市,中越,15,0.23444636371901104,0.5081334264209107,0.3022044454591869,0.4326985891265072,0.5102257527581274,0.3846419228681601,,False,2.3095329,3.6356568,-0.2334256786832566,1.9475698854259251
1778,七重郎,稲川酒造店,976,福島県,耶麻郡猪苗代町,会津,7,0.330586496173066,0.5214135568767141,0.4154472595569895,0.4034667399847729,0.2942420253292418,0.4437119178430777,,False,4.452825,7.1171227,-0.2946689740996695,0.009940932082240589
1781,萩錦,萩錦酒造,977,静岡県,静岡市,中部,22,0.294354280483792,0.5246137813823153,0.32732078033329354,0.45959375578404704,0.3494482853742193,0.44458578497288154,,False,3.2854083,5.4684067,-0.1599984231433636,0.7065340954522035
1783,峰の雪,峰の雪酒造場,939,福島県,喜多方市,会津,7,0.3324982644670864,0.6131765570723465,0.4866907783783991,0.40324431349310585,0.22323617607702215,0.25328074058382216,,False,8.594419,6.980577,-2.116057160637411,-1.0493149971750637
1784,信濃鶴,酒造長生社,978,長野県,駒ヶ根市,南信,20,0.4358133590812536,0.6143107810771194,0.2537706895928394,0.35143483147781623,0.27386928073697697,0.4120419805008688,,False,3.0931196,9.736035,0.4114300431361392,-1.2047419330890405
1789,山の井,会津酒造,144,福島県,南会津郡南会津町,会津,7,0.38115385236920546,0.4979326836205577,0.24718180704382184,0.5242322864066989,0.2530759316419912,0.45477359244511656,,False,4.2186074,5.3033957,0.4121949870259313,0.21972911384894117
1794,北斗随想,小林酒造,7,北海道,夕張郡栗山町,道央,1,0.46128693595166004,0.5709457426099885,0.19153422646509238,0.43451536021929715,0.20789457443173737,0.43877808680883046,,False,2.5829647,7.920245,0.7952332536325415,-1.1127878752702507
1796,上亀元,酒田酒造,84,山形県,酒田市,庄内,6,0.423440620928238,0.4851548788219042,0.2308277405499248,0.4928847900156976,0.2722931927348435,0.4636403123729378,,False,3.9851134,5.28697,0.8894332147629116,0.15894314534853476
1799,龍神丸,高垣酒造,980,和歌山県,有田郡有田川町,紀中,30,0.16826276374910476,0.5501754569540827,0.654176283736228,0.38232888478276467,0.22630501482519805,0.2089465549456886,,False,10.789191,5.033046,-3.4109035176889693,-0.175713528823055
1801,千代緑,奥田酒造店,982,秋田県,大仙市,県南,5,0.4530931725661671,0.4703723166849001,0.21865769681041086,0.3325978014437138,0.37876257925859264,0.5211169574329341,,False,-0.20259401,7.201369,2.076522961581426,0.23879734084311907
1802,苗加屋,若鶴酒造,324,富山県,砺波市,呉西,16,0.2695884939146484,0.5827216901428741,0.3604712415320113,0.4228892400905923,0.3216110144351456,0.4189856868961422,,False,6.2736216,6.660539,-0.7369312868654055,0.11335978331564693
1808,鯵ヶ澤,尾崎酒造,985,青森県,西津軽郡鰺ヶ沢町,津軽,2,0.2064856186434531,0.6455277690411786,0.37116667449009816,0.4052489930870917,0.33334332199177963,0.3571391489650693,,False,7.945338,6.050249,-1.5877364720271032,-0.04354167898815721
1811,金滴,金滴酒造,1,北海道,樺戸郡新十津川町,道央,1,0.11930159400288996,0.5695873763693431,0.46275049193289924,0.48214905360759225,0.38102650541924227,0.2637241453455123,,False,9.094618,4.8558793,-2.669733775996951,1.2871579272573748
1812,神雷,三輪酒造,988,広島県,神石郡神石高原町,備後,34,0.3048706492353912,0.53648799760716,0.3015964089889827,0.4454930390914264,0.36018600192096767,0.4472986897862262,,False,3.3194625,5.4940434,0.016719624052922946,0.6208405963463831
1814,北信流,松葉屋本店,989,長野県,須坂市,北信,20,0.2524877401311594,0.5745975166132138,0.3698971913110585,0.30248868431128273,0.47245384236427684,0.3931305960421272,,False,2.822743,3.7316422,-0.3718385706280457,0.7329690851298862
1815,みやさか,宮坂醸造,395,長野県,諏訪市,南信,20,0.482802165765315,0.5062549766938768,0.19666282051484665,0.32706264786986017,0.24236768041760054,0.5533711540995759,,False,-0.38418075,8.900273,2.141931397951962,-0.9560573171555272
1819,天虹,駿河酒造場,991,静岡県,静岡市,中部,22,0.1808640443549218,0.49646157206164543,0.317399477216785,0.4183632938567929,0.5639082555036701,0.3564425767445216,,False,1.7962976,3.357347,-0.49847300671572214,2.4952632864109927
1820,亀の海,土屋酒造店,992,長野県,佐久市,東信,20,0.49598986062457845,0.576249993214746,0.23418817623011184,0.2648473940916414,0.2646820805040694,0.47632463267663844,90.0,False,1.2968966,9.888153,1.5223050817350623,-1.5450166851309668
1822,勢正宗,丸世酒造店,994,長野県,中野市,北信,20,0.3269740962392052,0.6212798317396253,0.3454537860008785,0.3972345158616699,0.31037412272414155,0.36555934696183257,,False,5.1624064,7.9267325,-0.82434608103223,-0.49627495178508313
1823,池月,鳥屋酒造,995,石川県,鹿島郡中能登町,能登,17,0.238744961690414,0.4988738760940187,0.3824089823158724,0.5469771201072261,0.3603522051931673,0.3447482959408759,,False,5.6621566,4.497343,-1.2964286801396487,1.4291883374749723
1837,國香,國香酒造,998,静岡県,袋井市,西部,22,0.2674884080366747,0.5336835795718123,0.4109705329745633,0.43683632973076697,0.37795779907665944,0.37557546862449087,,False,6.7269707,5.0545344,-0.9423099360446124,0.8079978344141583
1845,笹祝,笹祝酒造,269,新潟県,新潟市,下越,15,0.26120475577938457,0.5781888117983208,0.38169526236115625,0.42709150307383476,0.33446278689839193,0.3968702462302003,,False,6.457251,6.5887737,-0.9580338051341396,0.2584773831099026
1846,盛典,岡田本家,1001,兵庫県,加古川市,播磨,28,0.4230218764059294,0.5308857041629964,0.2610458659179031,0.22220012608002362,0.3302924840822975,0.5591081255117879,,False,0.16713297,8.086852,1.9614577767916401,-0.745354091340894
1850,此君,高田酒造,1002,鳥取県,倉吉市,中部,31,0.20098479386394302,0.6545788440786731,0.5058887210474825,0.37204373618910497,0.22533003907847943,0.293288396102508,,False,9.917705,5.7883997,-2.6270813753493716,-0.9307809686482568
1851,八重垣,ヤヱガキ酒造,1003,兵庫県,姫路市,播磨,28,0.3018378805294492,0.589808915671927,0.3366828663040714,0.4411250331521386,0.3135957872827803,0.3933578164136163,,False,5.9327307,6.9721518,-0.7305553160600963,-0.024757472076938538
1856,十字旭日,旭日酒造,960,島根県,出雲市,出雲,32,0.1590399533689318,0.5942163867446711,0.5114433529593267,0.3655676679188777,0.32671839093460825,0.34591075274944894,,False,9.050724,5.6430235,-2.119352252222394,0.2098820113906582
1857,千代鶴,千代鶴酒造,1005,富山県,滑川市,呉東,16,0.24149075320537616,0.47264505893963976,0.28931679300949686,0.5932438005433434,0.39091007177063575,0.36032730477180186,,False,5.072058,4.161305,-0.764583544100827,1.9805285396135666
1869,空,関谷醸造,462,愛知県,北設楽郡設楽町,東三河,23,0.3688411936527691,0.6009708144586678,0.24812023991244533,0.43461463381231163,0.28578045257010615,0.4131177236387856,,False,5.5467925,8.428837,-0.017482817402601943,-0.49987885102390067
1881,豊祝,奈良豊澤酒造,592,奈良県,奈良市,北西部（奈良盆地）,29,0.19442119446179668,0.6115181723921415,0.39522883439018197,0.4980462928440451,0.28245108698023447,0.32281785280989184,,False,8.439128,4.904409,-2.1226224148938497,0.2186563761234234
1882,あざくら,阿桜酒造,66,秋田県,横手市,県南,5,0.401464940288278,0.1924789242739934,0.08907692781953289,0.14897738927264598,0.8286889313828739,0.2914162981868142,,False,-0.083988115,3.1053848,3.7380264653496638,4.380728555185358
1884,16代九郎右衛門,,803,長野県,木曽郡木祖村,中信,20,0.401584373570655,0.5722242052004844,0.2740253591637674,0.43183324252870964,0.2185670715514618,0.44938629073689534,,False,2.7749345,7.834053,0.2452233616064021,-0.8797183245380603
1889,奥,山﨑,453,愛知県,西尾市,西三河,23,0.38460478883609445,0.48950575222619364,0.3020873902358795,0.3441349549139457,0.2783391187037248,0.5703551099165305,,False,1.2053193,7.070547,1.416901397106151,-0.2494021629013518
1893,関東の華,聖酒造,1010,群馬県,渋川市,中毛,10,0.472088501413236,0.47812144758385744,0.2216508632590065,0.3711534779224402,0.198004259701047,0.5678403226053746,,False,-0.47894394,8.85047,1.9955237575009461,-0.8693038794608103
1895,鳩正宗,鳩正宗,1763,青森県,十和田市,南部（県南）,2,0.40734670386103317,0.4424008288289878,0.2656525597113816,0.35262826310502987,0.5055185983046657,0.4334548902150985,,False,0.8468585,4.6071215,1.4502141306849765,1.423675727527251
1900,三百年の掟やぶり,寿虎屋酒造,99,山形県,山形市,村山,6,0.372173746716356,0.47833607808461326,0.3053877783920222,0.21912559191966574,0.4004919326548456,0.5753345029726346,,False,0.0018663022,6.24774,1.9812067973016787,0.17978948658954025
1906,米鶴,米鶴酒造,102,山形県,東置賜郡高畠町,置賜,6,0.3407505397136041,0.5167099203225569,0.28864667697038765,0.3994464589650027,0.37661984448635866,0.4818537568168255,,False,2.1341803,5.718031,0.6612110631392055,0.5565302302318094
1907,ひと夏の恋,新澤醸造店,42,宮城県,大崎市,県北（大崎・栗原）,4,0.4170025800499027,0.41331306965597625,0.1640837186246545,0.3336843201849172,0.34911222273926956,0.628596148860586,,False,-1.0982794,7.7319145,2.962405987375795,0.5746453633813448
1909,夏ヤゴ,泉橋酒造,231,神奈川県,海老名市,県央・相模原,14,0.3128920122550765,0.4369655044867567,0.34730362617706717,0.32873168870600017,0.35240173349872483,0.5985719863704435,,False,0.19720569,6.2935348,1.4535785673189319,0.7324362574521881
1910,伝心,一本義久保本店,364,福井県,勝山市,嶺北,18,0.40514291997098767,0.5485043319271935,0.31898906722901244,0.3697779979449412,0.3206176473605627,0.44013264327888546,,False,2.8048816,8.333803,0.4440801595205579,-0.34944469182080834
1911,誉池月,池月酒造,1013,島根県,邑智郡邑南町,石見,32,0.34399394796306176,0.5025290460070342,0.3204850505271276,0.44021320178375645,0.34156140367794663,0.46472593920020805,,False,2.6436806,5.641045,0.333730168360419,0.5469264176697518
1913,GOZENSHU9,辻本店,647,岡山県,真庭市,美作,33,0.2631433836952568,0.5603230754841351,0.489828739917311,0.43874378798755764,0.21003661542034083,0.3744995659991175,,False,7.7640405,6.1645856,-1.6680541057720333,-0.4171496126613387
1921,白鴻,盛川酒造,925,広島県,呉市,安芸（広島湾岸）,34,0.31476993137643294,0.5072209000277818,0.31293974411162495,0.42863236343772587,0.3723418351628193,0.47260069851091685,,False,2.7390985,5.295486,0.34298451372109073,0.7790162234192124
1922,夢醸,宮本酒造店,1016,石川県,能美市,加賀,17,0.22533170417497142,0.6096851088965174,0.4114361093795721,0.4609803654417747,0.3297777970451841,0.2949130825094724,,False,8.601953,5.357403,-2.0285602617142264,0.27122734090642625
1925,北安大国,北安醸造,1017,長野県,大町市,中信,20,0.34269306990195203,0.6143237744294334,0.29770565042437674,0.45728578612482396,0.3195783212234256,0.3244973222224921,,False,5.8000317,7.8373036,-0.9007590109431607,-0.21798473214015196
1926,琥泉,泉酒造,947,兵庫県,神戸市東灘区,灘五郷,28,0.45612932587060634,0.4880769325661069,0.21474694523038293,0.2563480476707135,0.3340274167017177,0.5747365125332614,,False,-0.58114153,7.927172,2.486815478677397,-0.43270811575296686
1927,出世男,河合酒造,1018,奈良県,橿原市,北西部（奈良盆地）,29,0.2515807321790307,0.5618413568934024,0.4293330104756346,0.43537188805107635,0.3758291939217317,0.325450959573565,,False,7.026953,5.0881395,-1.4805673318394355,0.6628834525881494
1928,國稀,國稀酒造,1019,北海道,増毛郡増毛町,道北,1,0.16296277526839748,0.45422349123026146,0.32229746902520484,0.42788335244885306,0.5549506224525926,0.41496281603051116,,False,1.4999909,3.2318113,-0.1340027622200567,2.8033421413150674
1929,山和,山和酒造店,1020,宮城県,加美郡加美町,県北（大崎・栗原）,4,0.39603734501855126,0.45831642237030107,0.25026708585202256,0.48044192156819865,0.3477866536063693,0.46763967715391874,,False,3.7357652,4.9036765,0.9704562745255656,0.8461748771111914
1930,智則,吉田酒造,630,島根県,安来市,出雲,32,0.4819594347507536,0.5933528303327938,0.29643187405891747,0.2560810460103668,0.17595920096196976,0.4808705891440821,,False,1.7672207,10.17645,1.0401515997585868,-2.211977401313703
1933,神蔵,松井酒造,514,京都府,京都市左京区,京都市街,26,0.4527062497555445,0.5464658115095696,0.28964547060200424,0.3188528547848613,0.2175880138430662,0.5133478186089577,,False,0.99440014,9.1708975,1.1928274516818198,-1.3225479185513442
1941,花の露,花の露,1021,福岡県,久留米市,筑後,40,0.2900649365347308,0.5281399833325577,0.36873580188801264,0.4677857944529792,0.41253587540361336,0.33459677377040264,,False,6.1542597,5.115642,-0.8976922373100212,1.1037754493005525
1942,白隠正宗,高嶋酒造,918,静岡県,沼津市,東部・伊豆,22,0.21111563475164496,0.5109810281354963,0.3452647725533808,0.49498745721762355,0.4090115295959897,0.4035068776829507,,False,4.1134515,3.6512861,-0.7668857383200633,1.5889839428280572
1943,阿部勘,阿部勘酒造店,1022,宮城県,塩竈市,仙台周辺,4,0.3468151011522701,0.42723729334189975,0.20971461457770418,0.3923235715008766,0.46392374959132715,0.5329768578775944,,False,0.5502138,4.9532495,1.8654238318886611,1.650198948961597
1944,真名鶴,真名鶴酒造,1023,福井県,大野市,嶺北,18,0.3933490876745043,0.5481591653114023,0.34827254652787015,0.36082342975339277,0.31853500363565107,0.43800246808159476,,False,2.8672972,8.2880745,0.278732551052841,-0.3615397281511767
1946,あづまみね,吾妻嶺酒造店,1024,岩手県,紫波郡紫波町,県央（盛岡周辺）,3,0.3253243935350248,0.5223405673649819,0.3293202398462218,0.47253501043863166,0.34548413584016496,0.41258202345238065,,False,4.0797424,5.8324203,-0.2434007701604204,0.6270008181624179
1947,フモトヰ,麓井酒造,103,山形県,酒田市,庄内,6,0.39488286588225757,0.49980755728281445,0.25430993906016247,0.4123029776782925,0.30581215011553126,0.5158212541667385,,False,1.5882709,6.9207873,1.1643013376797213,0.08311120978532142
1948,梵,加藤吉平商店,920,福井県,鯖江市,嶺北,18,0.33051801225553107,0.5721111134592998,0.34915262963063287,0.4971216714468766,0.24639737453447422,0.36564673696535116,68.0,False,6.117164,6.774159,-0.9924669021320365,-0.2434613889543652
1949,超久,中野BC,957,和歌山県,海南市,紀北,30,0.2054244675192626,0.5868866505853302,0.44674444018555276,0.4011486433496772,0.3691511162454815,0.34145493404823674,,False,7.922689,5.3640966,-1.683344821441207,0.5043969457922226
1952,益荒男,,800,石川県,,,17,0.09765175012018235,0.5772139928439874,0.580040220168066,0.45528402512335625,0.259025025239361,0.21555504614406845,,False,10.03981,4.7604294,-3.645280860422401,0.4117605155308708
1953,一代弥山,中国醸造,658,広島県,廿日市市,安芸（広島湾岸）,34,0.4022561498385147,0.45856782396119244,0.2825021294692262,0.35308006598663677,0.3403028335658965,0.5546409073083574,,False,0.1982103,6.6298223,1.6926036802095343,0.30643784508895056
1955,東薫,東薫酒造,1025,千葉県,香取市,北総,12,0.38039139125785804,0.5849512359214355,0.3139839209071637,0.40832109077106443,0.27254465268550726,0.41658353014338484,,False,4.2916245,8.373276,-0.11066268766833781,-0.6469937789101484
1956,御前酒,辻本店,647,岡山県,真庭市,美作,33,0.2717151368402913,0.5630100324284424,0.3980497646470562,0.4544067224927331,0.2839203904395725,0.4045376559818159,,False,6.7240024,6.3638983,-1.0290072970841109,0.09075401384049495
1959,山陰東郷,福羅酒造,1028,鳥取県,東伯郡湯梨浜町,中部,31,0.1832859740494197,0.6529170560885936,0.6022755055663032,0.33316550927931526,0.11655393284806967,0.2297514072742882,,False,11.00969,5.598328,-3.471303246713661,-1.7136961957449433
1963,櫛羅,千代酒造,596,奈良県,御所市,北西部（奈良盆地）,29,0.3580943819514164,0.468901947494411,0.2802279513129382,0.3680101825250335,0.3343537338513653,0.571093476386552,,False,0.173226,6.5656905,1.5039263152019053,0.4218091429635269
1965,川鶴,川鶴酒造,692,香川県,観音寺市,西讃,37,0.37720638363072895,0.5453366064854234,0.3253004766811417,0.33348253784730086,0.21773258864299963,0.5439529818283502,,False,1.9304898,8.122165,0.8387336000522965,-0.9990871046562075
1967,吉田蔵,吉田酒造店,329,石川県,白山市,加賀,17,0.46601121842809046,0.5005098218739692,0.18210209043198985,0.40487517745053564,0.21736247232900638,0.5366488027328234,,False,-0.12226982,8.795435,1.8015718892756611,-0.7294860705790387
1974,中島屋,中島屋酒造場,1031,山口県,周南市,周防,35,0.4298801888194101,0.5929925505129381,0.35389067160603327,0.3046949341747329,0.17761778263427785,0.46253342714588436,,False,3.2467213,9.770163,0.3193209476226076,-1.858839344619227
1975,山の壽,山の壽酒造,916,福岡県,久留米市,筑後,40,0.4599644202748303,0.4515880581067587,0.19502042667844421,0.2809647102343472,0.2989784318291772,0.6149298496077897,,False,-0.9962552,8.275935,2.850063753741767,-0.3388831056863285
1976,鬼山間,新潟第一酒造,291,新潟県,上越市,上越,15,0.1767117819582777,0.4755895666749928,0.28403092071293123,0.1397556933246269,0.6567649015476296,0.4593932482573862,,False,0.25721955,3.3638773,1.271673111770697,2.240602545407795
1982,夏どぶろっく,八戸酒造,10,青森県,八戸市,南部（県南）,2,0.3840596145020537,0.25877182940405496,0.09657707298115062,0.2338042835527957,0.19746889399067644,0.8261657307636702,,False,-1.852046,8.917358,5.015606463737084,0.3980650748555747
1984,富久福,結城酒造,903,茨城県,結城市,県西,8,0.26419172254925266,0.6241666428067972,0.5298385112642988,0.4174569367188221,0.11504182664491833,0.2690445536198788,,False,10.522165,5.7863693,-2.742875111095461,-1.508153718263638
1987,作田,盛田庄兵衛,15,青森県,上北郡七戸町,南部（県南）,2,0.2419083156866414,0.48177280861280913,0.32823687055731804,0.5606221346842852,0.34803023754807727,0.4076930957766889,,False,5.1928663,4.4035535,-0.6894561199579187,1.5210858293584886
1989,香住鶴,香住鶴,1035,兵庫県,美方郡香美町,但馬,28,0.24468886805080725,0.5755407325175551,0.4087435963361832,0.4770624500367899,0.27001152525570565,0.37591766454014486,,False,6.9353604,6.325803,-1.4844357700633246,0.10120202687672303
1997,積善,西飯田酒造店,1038,長野県,長野市,北信,20,0.6381386131398449,0.4559882627993034,0.16171641812335402,0.3491501387058582,0.24820690818641264,0.4185560011382024,,False,-0.74640334,8.78887,2.414457455373551,-1.0832536330153781
2002,白神山地の四季,八重寿銘醸,64,秋田県,大仙市,県南,5,0.15266542774021374,0.455213523086045,0.2605848444374731,0.6541210683005133,0.4097053186525566,0.3253254282947902,,False,5.1555896,4.0347877,-1.2636810507920584,2.7651621529423065
2005,媛一会,武田酒造,702,愛媛県,西条市,東予,38,0.3259593947869452,0.6284423491323707,0.3563452240997575,0.44465884877231443,0.18450334749646596,0.3742536452721439,,False,6.5159135,7.8321757,-1.1759231266170456,-1.1569044280863132
2007,舞姫,舞姫酒造,1041,長野県,諏訪市,南信,20,0.343602792225392,0.5137052362171015,0.47646040655850813,0.41019338110475534,0.30822075883099986,0.3574505369469165,,False,7.2666683,5.850472,-0.9327507944701168,0.09435203334244435
2008,沢の鶴,沢の鶴,576,兵庫県,神戸市灘区,灘五郷,28,0.23375264706207705,0.6204752224052922,0.4169854326167785,0.43132565575451437,0.3193357108228987,0.3138092252295101,,False,8.523576,5.6245775,-1.8917139759332284,-0.0010372806304279562
2018,谷櫻,谷櫻酒造,1045,山梨県,北杜市,国中,19,0.36218234481721373,0.4589542935245351,0.3329386546287176,0.42197618621694666,0.4003366244994299,0.457168943785908,,False,2.2957218,5.1093707,0.6496650584216167,1.0493328042943917
2024,窓乃梅,佐嘉酒造,1046,佐賀県,佐賀市,東部（佐賀平野）,41,0.2617424210797497,0.5987753514722968,0.5333189838868581,0.39899702541890714,0.25999722420945764,0.24846058442471045,,False,9.371098,5.993873,-2.5147886020469703,-0.5041546578177948
2025,櫻正宗,櫻正宗,577,兵庫県,神戸市東灘区,灘五郷,28,0.31907173105046815,0.5740891620530336,0.3710564702695572,0.45565638828560573,0.30114252415285037,0.3641735798903698,,False,6.33994,6.8074703,-0.9555233884719028,-0.030379010047900334
2047,老松,伊丹老松酒造,1048,兵庫県,伊丹市,阪神（伊丹など）,28,0.2389341007488436,0.36535186748293874,0.28261294468179027,0.2709353385981646,0.5854133633907503,0.5598604006237495,,False,0.13555379,3.6773052,2.063009239275367,2.7292454161935025
2057,黄桜,黄桜,1054,京都府,京都市伏見区,伏見,26,0.34520503711817163,0.5265423272873385,0.2951078314988321,0.48404465977228606,0.3343602158130339,0.4127978211407195,,False,3.9870741,5.864629,-0.07532363870256122,0.5140073923343109
2066,喜久醉,青島酒造,443,静岡県,藤枝市,中部,22,0.15844424540103427,0.5078829369044126,0.3770201315406277,0.5952143193451084,0.36294745114502525,0.2979852776021021,,False,5.533825,4.1674094,-2.0331544602322915,1.8596698169249104
2067,車坂,吉村秀雄商店,609,和歌山県,岩出市,紀北,30,0.2602012810505889,0.5804286272078961,0.47223191743669024,0.4120656211833719,0.27770141277181853,0.3542298228474766,,False,8.1136265,6.267142,-1.62946848847114,-0.1989647549722037
2069,能古見,馬場酒造場,1055,佐賀県,鹿島市,西部（唐津・伊万里・鹿島）,41,0.4083371731278699,0.5971903710814169,0.27149699314031306,0.37320265436115563,0.28946802426099794,0.4240776322250097,,False,2.8501024,8.780151,0.3114411919934881,-0.8284715694469112
2070,麓井,麓井酒造,103,山形県,酒田市,庄内,6,0.37629465672364115,0.591071457785149,0.25276450582187765,0.3396557589527844,0.358607086469013,0.4485330429901587,,False,2.2653565,8.566472,0.6149746272477533,-0.3525259161596502
2071,奥丹波,山名酒造,1056,兵庫県,丹波市,丹波,28,0.32386576895842095,0.49552630078283094,0.37568966265710274,0.4410003997867912,0.3592935731868268,0.4299403469745299,,False,3.221322,5.527594,-0.12724704963510738,0.7541746085296532
2077,天穏,板倉酒造,1057,島根県,出雲市,出雲,32,0.199115507530866,0.5592122673047537,0.37116875852543335,0.6049723908615079,0.2173253365235221,0.3108802210684035,,False,8.231607,4.1803355,-2.2301024342070717,0.5171138586761084
2081,かっぱ,米鶴酒造,102,山形県,東置賜郡高畠町,置賜,6,0.24305206935023516,0.2568730571536785,0.1427793247356172,0.14030891766957243,0.7406965485113045,0.5350121673074046,,False,-0.013549936,3.1723232,3.715427533287948,3.958748280068188
2082,夜明け前,小野酒造店,1058,長野県,上伊那郡辰野町,南信,20,0.4196039872977097,0.5386798148276106,0.22407182026786662,0.35463041492287073,0.3780629619072853,0.4635235009668037,,False,0.97869533,7.3220444,1.224230357058202,0.0044455340061432
2086,千代田蔵,太田酒造 千代田蔵,1060,兵庫県,神戸市東灘区,灘五郷,28,0.2946088269624207,0.6375137258348411,0.41586052931574163,0.386458902041615,0.26894604471563277,0.3349021508886484,,False,8.225694,6.8000917,-1.530328405960361,-0.8063951898797792
2091,片野桜,山野酒造,538,大阪府,交野市,河内,27,0.29762781841196306,0.642443564375685,0.4848103743141496,0.3935209561626243,0.16180231276450435,0.28740932118128343,,False,8.813771,7.014486,-2.2577757476132088,-1.521031099966539
2095,鳳鳴,鳳鳴酒造,1062,兵庫県,丹波篠山市,丹波,28,0.21672545807960772,0.451061575305302,0.47685688902371876,0.3708181057968276,0.421648057799927,0.454849300604834,,False,3.1942735,3.7765458,-0.38582396641882255,1.5229670387397152
2103,道灌,太田酒造 千代田蔵,1060,兵庫県,神戸市東灘区,灘五郷,28,0.22387815544022846,0.5240258230324736,0.46467161037972055,0.40588531030382985,0.4437620079830782,0.31255111257093127,,False,7.0664825,4.5855575,-1.4636692117065002,1.3053257147023574
2104,大黒正宗,安福又四郎商店,1063,兵庫県,神戸市東灘区,灘五郷,28,0.29458129397106714,0.6110233344724768,0.342201357982094,0.48259960992044565,0.27582346436224786,0.33732715511728306,,False,6.5321317,7.278512,-1.3539675265440752,-0.22118546607701078
2107,盛升,黄金井酒造,1065,神奈川県,厚木市,県央・相模原,14,0.2671887207638663,0.5303287927974042,0.4114758354148466,0.4287894003684656,0.40179891341087187,0.36434390239136033,,False,6.8289084,4.907579,-0.9323883800849913,0.9497005572075241
2108,亀治好日,鯉川酒造,79,山形県,東田川郡庄内町,庄内,6,0.07994568913520977,0.5257931590837676,0.39937071551835057,0.3791137536704977,0.522319440396756,0.37564402856594703,,False,6.7578554,4.301935,-1.2509639914313364,2.2483192319128085
2112,松竹梅 白壁蔵,宝酒造 白壁蔵,1066,兵庫県,神戸市東灘区,灘五郷,28,0.45743029244979916,0.4727790433671194,0.1887489425729484,0.32449848750298493,0.17384085002165317,0.6293579512898685,,False,-1.0567855,8.96799,2.547311589760064,-1.0839227460701382
2114,本州一,梅田酒造場,1068,広島県,広島市,安芸（広島湾岸）,34,0.4506509434283846,0.497937166082862,0.22343620217467758,0.2826025649067338,0.3981400810130246,0.5105573773605756,,False,-0.19949453,7.55153,2.043670070137752,0.014452889962973519
2120,吉野杉の樽酒,長龍酒造,594,奈良県,北葛城郡広陵町,北西部（奈良盆地）,29,0.19945789319169133,0.5488880185867756,0.5513807416790681,0.462912894420818,0.22184016930026534,0.30235138674169576,,False,9.211417,4.814909,-2.5890588398782075,0.022507457256796565
2122,黄金澤,川敬商店,35,宮城県,遠田郡美里町,県北（大崎・栗原）,4,0.2962658090620426,0.5722952754568491,0.33762398833793034,0.4982884787288242,0.3000721556244346,0.36384065736856724,,False,5.9784474,6.1444073,-1.0261299540345181,0.22536088750039357
2125,鶯印のどぶろく,山口酒造場,740,福岡県,久留米市,筑後,40,0.27217228905692875,0.5894706478912354,0.3003300342092714,0.49305483152137786,0.05569368411334557,0.4919792857015074,,False,5.529126,7.098776,-0.6631238198159486,-1.3174564799003596
2133,寧音,白藤酒造店,895,石川県,輪島市,能登,17,0.31984700264552657,0.23118098372539714,0.15868033441070234,0.7101011407188988,0.32262618680284066,0.4590670023782096,,False,4.386917,4.296364,1.3450248629372792,3.2600927415026644
2136,Debut,若竹屋酒造場,934,福岡県,久留米市,筑後,40,0.32556120892220136,0.635405293781591,0.6619967694387568,0.12183456383257017,0.07753386963696654,0.17656479617109286,,False,10.942755,5.7915545,-2.7303482390041287,-3.1527489963989073
2140,Ｆｕ．,富久錦,573,兵庫県,加西市,播磨,28,0.5273254488320493,0.6231695510869586,0.3255506615475436,0.1814808168510601,0.17093426999636582,0.40675611468543943,,False,2.1329403,10.60461,0.8006352440190402,-2.8777290246063996
2149,丹澤山,川西屋酒造店,237,神奈川県,足柄上郡山北町,県西,14,0.14150548902511034,0.5432890337767918,0.5183068709807646,0.504022261238017,0.23798633121864615,0.3248003635733468,,False,9.25994,4.764704,-2.642718710157801,0.5336730522778319
2155,澪,宝酒造 白壁蔵,1066,兵庫県,神戸市東灘区,灘五郷,28,0.5126552288516671,0.5467325791831825,0.06789052636215885,0.17649142939727577,0.13160603505219898,0.6206364527709961,,False,-0.83827627,9.829046,3.3499444691421423,-2.4913761873228815
2158,十六代九郎右衛門,湯川酒造店,1076,長野県,木曽郡木祖村,中信,20,0.3664169223923999,0.5912360050596185,0.3475425025802389,0.37754354381734434,0.218007604424779,0.45312955227031876,,False,4.062907,9.047281,-0.13237246831625968,-1.0990743300321388
2160,蝉,通潤酒造,1077,熊本県,上益城郡山都町,阿蘇・県東,43,0.08906945362241785,0.5195829455086176,0.6261726095810438,0.4750956676411018,0.2755414864596787,0.1684311550952044,,False,10.142591,4.70566,-3.9040201330041495,0.9592184439106919
2161,Type-FY2,若波酒造,729,福岡県,大川市,筑後,40,0.5199456709560859,0.49395424449728814,0.25346707451005845,0.1985916004519918,0.3008333389877951,0.5398896406857816,,False,-1.1266301,9.191146,2.505184415833588,-1.1353847706869586
2163,白嶽,白嶽酒造,1078,長崎県,対馬市,離島（壱岐・対馬）,42,0.19052481185003517,0.5834130502890309,0.5490853463902611,0.4535073503507498,0.1647571337322462,0.2983638068928966,,False,9.576629,4.9956217,-2.8400857516023668,-0.5497766433618964
2165,玉旭,玉旭酒造,1080,富山県,富山市,呉東,16,0.3484571768374382,0.6249856002968213,0.45179842435518736,0.32740565775677427,0.20241663890150738,0.36835013051028653,,False,4.3416724,9.776964,-1.1383474649211278,-1.5672598196158851
2180,十八盛,十八盛酒造,642,岡山県,倉敷市,備中,33,0.3958417602372851,0.5715922169041565,0.2907947368379235,0.3358288868935555,0.30718139346317647,0.474224218795349,,False,2.0472438,8.659287,0.6931730859242198,-0.6527209621547403
2183,アイスブレーカー,木下酒造,516,京都府,京丹後市,丹後,26,0.24481982880886166,0.5946210272822536,0.49345014900116874,0.35522260027103386,0.22242576254552365,0.40907177878613066,,True,8.616678,6.488902,-1.4613278856794847,-0.7877680046851593
2190,巌,高井,185,群馬県,藤岡市,西毛,10,0.23023883127722922,0.6472586425826552,0.4272143697354599,0.37305677530962944,0.3246087644870037,0.3177923927338251,,False,8.289664,6.1222157,-1.866436264567358,-0.3362322680397601
2191,綿屋,金の井酒造,1084,宮城県,栗原市,県北（大崎・栗原）,4,0.27841100945681435,0.5137117273962125,0.3415472345387299,0.5153800412218124,0.32717633123546014,0.41142693022855265,,False,5.2018704,5.3789134,-0.615157723401345,0.8881064441632166
2194,颯,後藤酒造場,1085,三重県,桑名市,北勢,24,0.2851735195094514,0.5854318050670525,0.32055430604473567,0.2980227370779143,0.40137727284291,0.4725138466674598,,False,3.423427,7.4471827,0.27027512996840125,0.10745420163573918
2200,久美の浦,熊野酒造,1087,京都府,京丹後市,丹後,26,0.20327154272833634,0.5070820105466788,0.41247895755781483,0.5177882544510031,0.41234972022611505,0.30540572334327043,,True,6.2950478,4.4551377,-1.661919570123634,1.714826682001023
2207,萬勝,吉田屋,759,長崎県,南島原市,県央・島原,42,0.601914957720273,0.43645823649586357,0.15781640246419715,0.37638366807774565,0.2308707252634921,0.47679200622643797,,False,-0.7795064,8.800206,2.5686425452376347,-0.8354590956567304
2214,香の泉,竹内酒造,498,滋賀県,湖南市,湖南,25,0.32190044099649284,0.5808738429057522,0.323271075758945,0.37185673018875115,0.33070047563142524,0.4547760590909562,,False,3.7553546,7.660695,0.013696058829800847,-0.17731450712137237
2215,栗林,栗林酒造店,73,秋田県,仙北郡美郷町,県南,5,0.4003846450721729,0.4840928133528692,0.23451074090249882,0.33384657776484283,0.3585560157056292,0.5570772321392277,,False,0.010760001,6.6717844,1.8804762314051302,0.2188810122809897
2223,呉春,呉春,540,大阪府,池田市,北摂,27,0.1384682923165281,0.5611886202934601,0.3826713599354237,0.6311915019290912,0.25038102615605967,0.24158461125406439,,False,8.457708,4.1065297,-2.9385569026185663,1.0228554280347495
2232,鮎正宗,鮎正宗酒造,861,新潟県,妙高市,上越,15,0.3739658789404684,0.5127144801635496,0.303985251378772,0.4322219521355515,0.23404947803254103,0.513099772059896,,False,2.2975876,7.267343,0.623610385480249,-0.3184932364918705
2239,白隠政宗,高嶋酒造,918,静岡県,沼津市,東部・伊豆,22,0.294049272455477,0.48124595054045655,0.2945312129235484,0.45823126948467563,0.4393331930764654,0.4384052625120965,,False,2.6006444,4.350616,0.2786565118265276,1.5498140143072845
2240,翠玉,両関酒造,67,秋田県,湯沢市,県南,5,0.3884747817482775,0.6226992710716156,0.2714884604439176,0.4229504725604358,0.26542005729816254,0.37187641568542923,,False,5.5903063,8.520674,-0.347891636703808,-0.8879245775201353
2255,山吹極,朝日川酒造,1098,山形県,西村山郡河北町,村山,6,0.05533330801649379,0.6379181136332259,0.5992729288069352,0.4354508508430392,0.16292425179316825,0.1212802819894734,,False,11.607622,5.235532,-4.735264779230436,-0.4918516321540101
2257,千代の園,千代の園酒造,1099,熊本県,山鹿市,県北,43,0.37572247037387396,0.5657852807236265,0.4078728530044421,0.37402191102235194,0.2619352491087979,0.40479243138200743,,False,4.424525,9.059637,-0.4329922082503374,-0.7390046421241164
2263,金寳自然酒,仁井田本家,123,福島県,郡山市,中通り,7,0.3308993609314325,0.6537675925080748,0.42698404544511215,0.37749433803359855,0.1560560624662505,0.33752437390031076,,False,8.293727,7.370164,-1.6091218656931936,-1.7825755981418274
2265,環日本海,日本海酒造,1102,島根県,浜田市,石見,32,0.25302133537856025,0.5351821677623868,0.36655295293458995,0.43557406056772674,0.40912750040996587,0.3976042127746773,,False,6.652794,4.939666,-0.6487003581160444,1.0611982474690973
2272,別嬪,鯉川酒造,79,山形県,東田川郡庄内町,庄内,6,0.26783346389298024,0.5343094963159475,0.28138404642589115,0.4019316079450939,0.5107305142343502,0.37577511964906046,,False,2.360286,3.7996511,-0.07289207230985499,1.5620176507148646
2276,北安大國,北安醸造,1017,長野県,大町市,中信,20,0.34354181658730193,0.6224769663252366,0.3764677340785027,0.382070409263738,0.27184875692649485,0.3645462214463126,,False,5.1055455,8.875031,-0.9093120085256269,-0.8726823615938712
2277,唯々,竹内酒造,498,滋賀県,湖南市,湖南,25,0.38914409922893833,0.5937114761070903,0.34357605664730584,0.41113555016969605,0.23699504019784554,0.39093472189229783,,False,4.74147,8.851949,-0.43734469552046845,-0.9588584073246346
2281,松盛,岡部,1105,茨城県,常陸太田市,県北,8,0.3375907074607564,0.5870797616990883,0.39663857211028275,0.4049100943304494,0.23600067654228105,0.40546172067742225,,False,4.932202,8.680818,-0.7651919327233704,-0.7784561101285253
2282,ヤマサン正宗,酒持田本店,1106,島根県,出雲市,出雲,32,0.17075883024939612,0.5760109610135993,0.5055900979167963,0.47282210092476806,0.2941501990905869,0.2708253474558624,,False,9.354263,4.984836,-2.7286021139198446,0.4635713909070778
2288,Wakanami Sparkling,若波酒造,729,福岡県,大川市,筑後,40,0.45368138799509306,0.22106585873221316,0.0903251391090716,0.23045139500419717,0.23217924235988552,0.7938069081915141,,False,-1.8670332,8.98935,5.393486022694368,0.5850257762476119
2294,原田,はつもみぢ,1110,山口県,周南市,周防,35,0.41194056086921027,0.5688973173227491,0.2969262649280891,0.3753310683897869,0.2775388963641963,0.4478776171633486,,False,2.7044134,8.613371,0.4445993546974313,-0.7415735405654393
2297,和田龍登水,和田龍酒造,394,長野県,上田市,東信,20,0.3112924794762931,0.5423216860590123,0.3651797097217646,0.47339133283192353,0.24992590650837354,0.4348167981055035,,False,5.461564,6.7228622,-0.5665978473586081,-0.05462384920186367
2309,十一州,日本清酒,1113,北海道,札幌市,道央,1,0.33021583428062445,0.6459709539952498,0.2907903388342999,0.4604822307208078,0.22254184792214227,0.35714317764621767,,False,6.1675897,7.9897227,-1.0328286337437933,-0.9607565971087064
2316,瀧澤,信州銘醸,397,長野県,上田市,東信,20,0.35520591485953595,0.6147083718004634,0.3486428726646537,0.47443172483308754,0.23506590186206808,0.3067068360520113,,False,6.543957,7.3729424,-1.3365251088261751,-0.7541535947665918
2317,ARROZ,釜屋,1114,埼玉県,加須市,東部,11,0.6740767105434606,0.6031461367928144,0.40962031387696207,0.0930002653951098,0.02910467997165314,0.06745659844920396,,False,2.4886024,10.618876,-0.5343722645081428,-4.530680077383002
2323,和心,難波酒造,1115,岡山県,津山市,美作,33,0.240007584344196,0.6231306610381571,0.3901329920072729,0.3721804630856921,0.394172136567479,0.3286499915259616,,False,7.839434,5.7930818,-1.3972788544533714,0.225907937126815
2324,琵琶のささ浪,麻原酒造,848,埼玉県,入間郡毛呂山町,西部,11,0.3610656684376033,0.609145493637582,0.2485358891887859,0.3190998609158466,0.33545263786977514,0.4716461268276987,,False,2.2387295,8.829837,0.6425691692429663,-0.6256457354544833
2328,ダイヤ菊,戸田酒造,952,長野県,茅野市,南信,20,0.2301899836448996,0.4035073040705089,0.27057274480558213,0.6912048488478397,0.3319676110587474,0.35073947439212977,,False,4.982972,4.0579324,-0.8334544468577922,2.4481361287710346
2330,麗人,麗人酒造,1116,長野県,諏訪市,南信,20,0.29894316036565594,0.5305279600681356,0.3746060215024317,0.548965810657017,0.2318263339128106,0.36569999828395694,,False,5.7751117,5.4742417,-1.2241698271853478,0.21792013422026768
2331,高天,高天酒造,1117,長野県,岡谷市,南信,20,0.310886232779902,0.4692475803073949,0.30335408119845925,0.4456519410262382,0.47910029592750336,0.403720217434722,,False,2.3209498,4.266711,0.2747327745199778,1.7618856266085225
2341,喜楽里,高垣酒造,980,和歌山県,有田郡有田川町,紀中,30,0.1602271503379891,0.5536058503662024,0.7224380268770223,0.2594106318955979,0.17593642004737253,0.21836579452230484,,False,10.944683,5.175157,-3.3941246451676315,-0.9500594953345047
2346,鳥海山,天寿酒造,50,秋田県,由利本荘市,県南,5,0.4633676245710323,0.4795117762790911,0.22813927854464758,0.2850898433515531,0.35714451679083475,0.5426628288709534,,False,-0.43788102,7.7549148,2.2674248971411823,-0.1649747634022752
2356,京の華,辰泉酒造,120,福島県,会津若松市,会津,7,0.25018568575795164,0.6023246089840727,0.5749294227437383,0.3523841311998464,0.2286705994667578,0.2600067844030275,,False,9.811843,5.8805027,-2.599827096965602,-0.8635516605492163
2359,高砂,富士高砂酒造,438,静岡県,富士宮市,東部・伊豆,22,0.2147109628426973,0.5531078766593659,0.41662721153817045,0.4229081685740864,0.40674192126589337,0.36069701448265423,,False,7.091953,4.6929026,-1.27131865263325,1.007699389219081
2363,白鷺の城,田中酒造場,547,兵庫県,姫路市,播磨,28,0.29896853606453977,0.570402047030336,0.35599196796993726,0.49674721369622615,0.3315706212791546,0.3191115270834179,,False,6.2513533,6.012534,-1.2764030496881744,0.40973619832984814
2369,縁喜,玉村本店,1123,長野県,下高井郡山ノ内町,北信,20,0.29685853594939704,0.478588403676287,0.43179203830217167,0.43976840671836886,0.33876887021194585,0.4338469617124555,,False,4.666057,5.9931264,-0.41530567002153607,0.8036067668934382
2378,気仙沼男山,男山本店,46,宮城県,気仙沼市,三陸沿岸,4,0.18467280686466309,0.5017526117371549,0.42408262055596585,0.4768465417063106,0.4316463168858048,0.3472650784972578,,False,6.502811,4.3127966,-1.395081765021285,1.7860737274591403
2381,月の井,月の井酒造店,1126,茨城県,東茨城郡大洗町,県央,8,0.18533604634555131,0.5760233396647573,0.45857487659658064,0.3868331530988513,0.3863980972715951,0.3530061851149095,,False,7.9586377,5.2614117,-1.6411411683603008,0.6980661891830823
2383,源平,源平酒造,1127,福井県,大野市,嶺北,18,0.08949978057543012,0.635000583872592,0.6838625423357283,0.23242758172901265,0.19937650323043385,0.1652951909758395,,False,11.069026,5.177913,-4.04889815333003,-1.1345010476220656
2386,杵の川,杵の川,760,長崎県,諫早市,県央・島原,42,0.23551957194253903,0.49747749542433145,0.38519698583765377,0.546024988283419,0.35189983323268587,0.355939846632579,,False,5.5832963,4.508905,-1.2655622614910618,1.3926559980517563
2391,十九,尾澤酒造場,1047,長野県,長野市,北信,20,0.4720841671373804,0.4689566150137268,0.21725694971412468,0.30267538470384625,0.29536576383512536,0.5754670513786686,,False,-0.82501477,8.211282,2.4384009545336642,-0.447815618657766
2393,雪紅梅,長谷川酒造,1129,新潟県,長岡市,中越,15,0.3266908179616756,0.4837315831171698,0.29737411345362846,0.6058403300105606,0.2551799988906947,0.37240591335395945,,False,5.1316686,5.149934,-0.65430209051554,0.7923342088218281
2400,大正の鶴,落酒造場,1130,岡山県,真庭市,美作,33,0.17452239326091576,0.6086502683527155,0.44019827681662227,0.5124663481203802,0.27259920504240126,0.26149603749720274,,False,8.796786,4.8157144,-2.770095459854175,0.2803651240527084
2401,宮泉,宮泉銘醸,130,福島県,会津若松市,会津,7,0.4322371530343416,0.5545984528537313,0.25117245699846924,0.3562537753313775,0.248342620701959,0.5038979924343717,95.0,False,0.95188475,9.022755,1.1172911581591174,-0.9561940913022318
2405,碧龍,福光屋,344,石川県,金沢市,金沢周辺,17,0.3461274688779607,0.4335002936407258,0.20370140989165628,0.2411790456053283,0.6194221743890848,0.4570862546015726,,False,0.26465228,3.8306801,2.1460572520535988,2.044573381572259
2412,津島屋,御代桜醸造,432,岐阜県,美濃加茂市,中濃,21,0.4457300396593376,0.6202019793457312,0.3229534948364545,0.33868420426887963,0.16280422267557593,0.41371858985498844,,False,3.3138556,9.847643,0.01815551182513765,-2.0460152958756597
2419,又兵衛,四家酒造店,1137,福島県,いわき市,浜通り,7,0.2619317727433611,0.5562862957190745,0.3402454674980796,0.53448045907487,0.35730975139503757,0.3046813185852007,,False,5.9382095,5.4957385,-1.4511030708584745,0.9372057853683337
2424,箱根山,井上酒造,1125,神奈川県,足柄上郡大井町,県西,14,0.31429159397968015,0.4746370578377633,0.25117226890975786,0.5088459763535479,0.3705774415464738,0.46540421224696976,,False,3.6923864,4.7547693,0.48241460907119926,1.2883043067483595
2438,竹岡,和蔵酒造,217,千葉県,富津市,南房総・内房,12,0.3838490623705033,0.5915517094525895,0.28080832235853653,0.4724654229004793,0.21044044341697865,0.39542938989549725,,False,5.8052473,8.20411,-0.3673371376000539,-0.8445201883542971
2441,初日の出,羽田酒造,1139,京都府,京都市右京区,京都市街,26,0.4051718823374049,0.48448121572978115,0.23551390771351163,0.42812445043198205,0.40212448126552436,0.44794224309715985,,False,1.5678856,6.1165633,1.0847035814022474,0.805870445838935
2450,てふ,国権酒造,132,福島県,南会津郡南会津町,会津,7,0.25356718458189614,0.4466921571383676,0.27449845812580437,0.6398011328302456,0.3349561901173944,0.37320136290213735,,False,4.9936566,4.16665,-0.6769622653520462,1.923530957488603
2454,君の井,君の井酒造,1279,新潟県,妙高市,上越,15,0.1848021496962793,0.5934569002889719,0.37743035097202154,0.5205448550836874,0.3037485022082276,0.32859291590710993,,False,8.411052,4.7590427,-2.0104031564120106,0.588605951638039
2455,日本盛,日本盛,567,兵庫県,西宮市,灘五郷,28,0.3159961456928111,0.5793309825838823,0.36569107205995277,0.4148417013741381,0.3402518631872706,0.37805703371306953,,False,5.135041,7.1523576,-0.7176653882867605,0.048247033999786505
2456,せきぜん,,803,長野県,木曽郡木祖村,中信,20,0.6756461863270198,0.4146609674900682,0.12815972573438117,0.2988639822398769,0.26065725303360876,0.44482773542388143,,False,-0.85258424,8.795302,3.227667827244543,-1.0488823654778465
2458,菊勇,吉川醸造,1144,神奈川県,伊勢原市,湘南,14,0.36357354302153,0.5565395338510498,0.37050941740574533,0.3842279785444705,0.25267844673221773,0.45751859060578787,,False,3.8887167,8.835904,-0.0402873914796371,-0.6405923225515797
2471,亮,中澤酒造,942,神奈川県,足柄上郡松田町,県西,14,0.7635389725239998,0.3607607680672626,0.08901296979286741,0.1420629976078643,0.12561203645180113,0.49292628036884684,,False,-1.1182169,9.680861,4.599438075826076,-2.4176772795237076
2500,天領盃,天領盃酒造,1152,新潟県,佐渡市,佐渡,15,0.3829698542296973,0.522793551966879,0.31822845096103447,0.35621457354732966,0.3095842952611949,0.5059845723855643,,False,1.6633636,7.3229623,0.8477065513090571,-0.22239442346747956
2501,金水晶,金水晶酒造店,1153,福島県,福島市,中通り,7,0.3161639133445206,0.48421240448662023,0.27926686061123135,0.6438404310413011,0.21783473595324102,0.3544097557532021,,False,5.244935,5.068269,-0.8772758921702933,0.7391944843709256
2504,来楽,茨木酒造,1155,兵庫県,明石市,播磨,28,0.6078949429795858,0.4630584957893588,0.20041136648352237,0.2143218684685854,0.21383076474771798,0.5331213677061635,,False,-1.0954491,9.617158,3.0585573984045342,-1.7281155563931918
2513,肥前蔵心,矢野酒造,904,佐賀県,鹿島市,西部（唐津・伊万里・鹿島）,41,0.3310122642341411,0.5428585007093893,0.32405712037621226,0.3336608482644523,0.4569751726005676,0.4129971450624637,,False,1.6435175,4.990578,0.29138455974126076,0.6777667240429354
2532,雑賀,九重雑賀K,1074,和歌山県,紀の川市,紀北,30,0.32393027602080215,0.3857047726848152,0.21943400461982762,0.2926236428063364,0.5708039777250602,0.5354474249688254,,False,0.12817158,3.8206906,2.388656188673745,2.3014497326397825
2533,輪島物語,白藤酒造店,895,石川県,輪島市,能登,17,0.1986344641989867,0.6064821635575871,0.3593196324940992,0.5817126789110403,0.22758653676182627,0.2709757629421751,,False,8.328339,4.1227574,-2.5200554658770367,0.20744615772673897
2538,MELLOW,来福酒造,157,茨城県,筑西市,県西,8,0.335960920268136,0.6330177049982284,0.6070605330846055,0.24105060067195572,0.13537788371823406,0.20362659673544406,,False,10.964333,5.929558,-2.594263238061292,-2.3661256703603635
2548,COWBOY,塩川酒造,252,新潟県,新潟市,下越,15,0.16222108452409398,0.5523312917325562,0.7035448672642235,0.3571796829136093,0.14031494550534013,0.16239911895267636,,False,11.097051,5.017833,-3.938466325763477,-0.8140661942200984
2549,伝衛門,越後伝衛門,280,新潟県,新潟市,下越,15,0.39574105241563956,0.5685722982636138,0.2919031034731858,0.35905901316022243,0.32023506300247334,0.45103577325432415,,False,2.4363966,8.44235,0.5246524485941508,-0.46968645542693455
2559,五郎八,菊水酒造,308,新潟県,新発田市,下越,15,0.13526731046003762,0.6261657030585901,0.5430279859180678,0.39496371376129513,0.23500878325613547,0.28898859864737336,,False,10.136512,5.375432,-3.0134433038540864,-0.3835601982557502
2560,雪っこ,酔仙酒造,31,岩手県,陸前高田市,沿岸,3,0.21236484389299293,0.5493825058120915,0.46976797864191694,0.4703835352003214,0.23023815646238752,0.39765286714654596,,False,7.5557365,6.064514,-1.6878281018534076,0.0868571470550924
2566,冬の月,嘉美心酒造,648,岡山県,浅口市,備中,33,0.5765797599171526,0.5919878935280214,0.1513244348892097,0.22576512259734308,0.163551601474679,0.465282723566296,,False,0.70368254,10.482089,2.0967153132932985,-2.674519249926434
2574,飛騨のどぶ,渡辺酒造店,431,岐阜県,飛騨市,飛騨,21,0.12214714454818007,0.6984999982005319,0.5808482877751228,0.3096666038021347,0.1428999876712163,0.20851686309387296,,False,11.116037,5.5252547,-3.8394871828276806,-1.6851500189784836
2577,慎太郎,濵川商店,727,高知県,安芸郡田野町,東部,39,0.3054597687728242,0.580742597629637,0.34957009664095245,0.28066004927257004,0.39286300157903337,0.4627328724293321,,False,3.4392085,7.562824,0.23675712585302777,-0.06575575939769845
2581,霧降,せんきん,1168,栃木県,さくら市,県北,9,0.4830747557367885,0.5502857767629866,0.2430783450187227,0.33871785253087633,0.1811065256024091,0.5071566870369084,,False,0.62696356,9.392887,1.3705993631466131,-1.5945366389717135
2584,金鶴,加藤酒造店,1741,新潟県,佐渡市,佐渡,15,0.29855095239133733,0.45236786254949907,0.2717221156857342,0.47059816840438184,0.45792393484574045,0.44859867520505076,,False,2.5021281,4.2767467,0.5742115477001805,1.8848668973696023
2593,雪だるま,せんきん,1168,栃木県,さくら市,県北,9,0.42130350347404893,0.34335743550701575,0.13811555378411391,0.3089696202649883,0.21628927920498142,0.7370819796330281,,False,-1.7162235,8.764778,3.9016938328032835,0.09529575478149127
2599,玉風味,玉川酒造,303,新潟県,魚沼市,中越,15,0.339307161874286,0.6521213629082057,0.3821146345963259,0.3565507220228208,0.21570217417511744,0.3740868063003694,,False,4.4514794,9.789875,-1.0321322877669492,-1.4867583189314102
2601,NEXT5,,788,秋田県,横手市,県南,5,0.4878034060703416,0.5121463392740306,0.22360425201345793,0.40820123388495766,0.19082558289964593,0.4967015726185022,,False,0.19667494,8.933384,1.3958623421045635,-1.0549346008385434
2602,AKABU,赤武酒造,898,岩手県,盛岡市,県央（盛岡周辺）,3,0.48026049214338506,0.5000456360891002,0.20353325039553452,0.30800950258587284,0.2299584295729711,0.5745674063876278,8.0,False,-0.5807727,9.098172,2.2840645478711963,-1.0558553211776316
2609,亀甲花菱,清水酒造,1170,埼玉県,加須市,東部,11,0.34009654693405744,0.6518079749734318,0.41850473722745063,0.40431298474387667,0.20718448054781993,0.27917752207220187,,False,8.41549,7.188213,-1.8460002637068254,-1.386516949870022
2613,美少年,美少年,1172,熊本県,菊池市,県北,43,0.17775166145198545,0.4767041182716284,0.3357666945335419,0.6295216277766764,0.3530331967753368,0.3278541435637761,,False,5.4012146,4.0916657,-1.5862842486300628,2.0634973019167173
2621,民宿とおののどぶろく,民宿とおの,1174,岩手県,遠野市,県南,3,0.4435683601589566,0.4787237282538282,0.3757146052078364,0.23406069660175194,0.1341581447573965,0.6001053405925701,,False,-0.49700585,9.594022,1.695901057669763,-1.7224194989646475
2622,御園竹,武重本家酒造,1064,長野県,佐久市,東信,20,0.22865460864386467,0.6466005430679826,0.5467846477577809,0.3716170725276379,0.15060425421941293,0.26433022272058343,,False,10.553236,5.7644787,-2.904847469237089,-1.4677042158978844
2629,伊乎乃,高の井酒造,244,新潟県,小千谷市,中越,15,0.3728984806429096,0.5311067944655503,0.3683218809448405,0.4528513702918342,0.3131741525387217,0.3742444049420829,,False,4.651487,6.5865517,-0.4445500557693736,0.10741141512402085
2647,福司,福司酒造,1178,北海道,釧路市,道東,1,0.29861392940589127,0.5133136800751249,0.3027090444270825,0.4569821131323223,0.350755076822936,0.47312180862289765,,False,3.082337,5.3883314,0.18039315588432042,0.7716234574316837
2652,ほでなす,門傳醸造,1180,宮城県,栗原市,県北（大崎・栗原）,4,0.3541114139189591,0.4365815626830045,0.30651907484058005,0.26722370837358494,0.3643009194162084,0.621227842431447,,False,0.017483393,6.258641,2.137762169256756,0.4551641630574684
2656,豊明,石井酒造,1181,埼玉県,幸手市,東部,11,0.43124735772609735,0.6542450346678644,0.35155618752452467,0.29359900753935597,0.20119200118449995,0.3684003250693557,,False,3.4104393,10.373429,-0.3743968183598026,-2.14131965780682
2661,十二六,武重本家酒造,1064,長野県,佐久市,東信,20,0.37537093980686337,0.3774275647300242,0.24745540621089845,0.22117030912905708,0.1002702402157066,0.7722955950633907,,False,-1.7473048,8.932822,3.370094448350158,-1.033338622797958
2663,ぷちぷち,末廣酒造,139,福島県,大沼郡会津美里町,会津,7,0.38888949443140464,0.18734391089580837,0.13036786729466932,0.3132054911943145,0.08237253934382709,0.8317382547388135,,False,-1.904877,8.942816,4.850209824618552,0.38149664325025107
2665,大和屋善内,峰の雪酒造場,939,福島県,喜多方市,会津,7,0.4167731534794724,0.5688834980400055,0.32845734075180044,0.3588659123700722,0.24258551745303977,0.4551428381987742,,False,3.020084,9.04454,0.3664654800938665,-1.049626835062459
2674,生酛のどぶ,久保本家酒造,882,奈良県,宇陀市,宇陀・東部,29,0.19795149916508945,0.5274434034908334,0.36562329536237714,0.40898500378393493,0.40670693488753956,0.46503655961106183,,False,3.0335593,3.7912667,-0.40284847331167717,1.2038807659646074
2676,奥鹿,秋鹿酒造,542,大阪府,豊能郡能勢町,北摂,27,0.0899623720887938,0.6130313181148124,0.6493570136626906,0.3990523484851505,0.09881355894148189,0.1594614284504236,,False,11.480454,5.2093105,-4.472707258309595,-1.0142551094110104
2679,太陽,太陽酒造,1043,兵庫県,明石市,播磨,28,0.13461517083582705,0.5619222009077565,0.6707445279248566,0.3488916636495522,0.20141022642881667,0.23223372255644947,,False,10.933031,5.10333,-3.48368519662443,-0.40696685165890484
2681,吉乃川,吉乃川,259,新潟県,長岡市,中越,15,0.2692355297222958,0.4634016350003949,0.2789761257507168,0.43540940048614996,0.46020208828024484,0.4832971833003261,,False,2.099168,4.107468,0.6633703770550018,1.8091889082523216
2683,ど,山本,72,秋田県,山本郡八峰町,県北,5,0.26251627709033526,0.38157724566780227,0.29434029488911134,0.3469567682882088,0.5062538231610638,0.5676053806383475,,False,0.39521784,3.9776416,1.7270733848509603,2.313342382130917
2684,勢起,大澤酒造,383,長野県,佐久市,東信,20,0.222727950786978,0.4719468689004562,0.35518797699220783,0.651809223965908,0.27156541039961524,0.3207754312613752,,False,5.586255,4.2132764,-1.6787522876501246,1.4909948309790257
2690,桜うづまき,桜うづまき酒造,1184,愛媛県,松山市,中予,38,0.4883031940046838,0.5162087361140731,0.4375760866862487,0.3508439024616679,0.18860380265916896,0.3807267544744561,,False,3.842826,9.680172,-0.01733126735231036,-1.3953818991686242
2692,達磨正宗,白木恒助商店,1159,岐阜県,岐阜市,岐阜・西濃,21,0.042362209665234296,0.5345784717693055,0.8110367408118693,0.2271889784989103,0.03333387760915757,0.04387170407555255,,False,11.2034025,4.9999895,-5.163752589243195,-1.4375254812811205
2716,寒竹,戸塚酒造,1187,長野県,佐久市,東信,20,0.21163322048617114,0.48127707464458325,0.3259607329253056,0.5638475132948506,0.4103619236568177,0.36195639428374654,,False,5.142338,4.1832757,-0.968142174972311,2.0365657065250207
2724,マルヒ,飛良泉本舗,68,秋田県,にかほ市,県南,5,0.41620650892343086,0.6046947266305724,0.3357882963909771,0.2697012284519435,0.2278876760277686,0.4729599391153207,,False,2.216665,9.7701435,0.5192513243658404,-1.6858470037877051
2730,金鵄盛典,岡田本家,1001,兵庫県,加古川市,播磨,28,0.3434072862179071,0.5548852776044763,0.27296123023749747,0.33800742970432524,0.4366326019126747,0.4413262734861034,,False,1.506822,5.2938204,0.625387250373678,0.4677126707468558
2732,美冨久,美冨久酒造,495,滋賀県,甲賀市,湖南,25,0.3354195347983177,0.5579421263358252,0.34645665963556854,0.4076400394254797,0.2783256906183953,0.4610059766735009,,False,3.888919,7.7826157,-0.07631292899484637,-0.2915608934936175
2738,帝松,松岡醸造,1192,埼玉県,比企郡小川町,西部,11,0.3692951335963517,0.5720777115324385,0.31895138404015727,0.35685741488055556,0.34125678192831166,0.4368235400266664,,False,3.0009203,8.236809,0.23667175096429208,-0.2829622728371172
2747,千代壽,寿虎屋酒造,99,山形県,山形市,村山,6,0.3008775760964617,0.47431592186637106,0.2824609901171733,0.39669324368066916,0.4746296897442976,0.4712472891802555,,False,1.7463804,4.1689696,0.8041801080893662,1.5737308770095535
2748,戸隠,高橋助作酒造店,1193,長野県,上水内郡信濃町,北信,20,0.46263479881063935,0.49194782055635916,0.21474185189431225,0.423947239628268,0.36356297612788446,0.43119951556662933,,False,1.3458526,6.686895,1.257366120598637,0.30071781225778277
2749,香月,大信州酒造,398,長野県,松本市,中信,20,0.4392660936776467,0.6279245680583604,0.179486983606686,0.4088226567925154,0.24367194060171352,0.392464621521711,,False,3.565459,9.484371,0.37912046886620737,-1.253711651561831
2755,白木久,白杉酒造,1196,京都府,京丹後市,丹後,26,0.45781912975726946,0.580260694487431,0.34739852826642154,0.2545694282150396,0.25870667731223584,0.4486409419033395,,True,1.9241009,9.746039,0.712713143399852,-1.5530651238938662
2758,萬代,小林酒造本店,1100,福岡県,糟屋郡宇美町,福岡地域,40,0.2527704766231411,0.6007515896456826,0.3331313295590917,0.3740354593656425,0.42358625185760806,0.38065771150266137,,False,7.2621684,5.92542,-0.6799017807718286,0.5345917934115696
2762,十水,加藤嘉八郎酒造,82,山形県,鶴岡市,庄内,6,0.26739914172001616,0.6802400691329911,0.3925917295382373,0.39010515220655473,0.1984379055373619,0.3465303004347005,,False,8.358004,7.1092405,-1.7766252468601014,-1.3905228514855306
2764,日光誉,渡邊佐平商店,1199,栃木県,日光市,県北,9,0.29170497607650453,0.5023291477632256,0.36578237133404806,0.5246243121588536,0.3169353081861499,0.39127769241002974,,False,5.3372455,5.143333,-0.7641267455965154,0.8691349822720372
2765,岩清水,井賀屋酒造場,1200,長野県,中野市,北信,20,0.5133049105221603,0.47682787278753974,0.28656191886217036,0.24034468135899445,0.3876977055684882,0.46793208744875675,,False,-0.1341788,7.555149,2.01220493131443,-0.32788652411138247
2766,玉出泉,大賀酒造,1158,福岡県,筑紫野市,福岡地域,40,0.3414207356829766,0.542660205400928,0.3217127454337181,0.42115404003095946,0.3315072205631756,0.44517965971672224,,False,3.3149774,6.6107135,0.07533658251183666,0.17268850142390205
2769,一滴千山,武内酒造,946,岐阜県,大垣市,岐阜・西濃,21,0.3713092944653913,0.46034397437279084,0.2261304342802728,0.3293209601130203,0.36649133016532076,0.5969168031965459,,False,-0.14312549,6.462055,2.142367282828417,0.5127458374158758
2770,きのえね,飯沼本家,855,千葉県,印旛郡酒々井町,北総,12,0.5205116569668068,0.44798012467014087,0.18528020620533492,0.20605910166136088,0.4090994602709958,0.5331322033784827,,False,-0.5572659,7.9294786,3.1134256361916712,-0.11736504225714205
2778,聖泉,和蔵酒造,217,千葉県,富津市,南房総・内房,12,0.2285358204222497,0.531377602799475,0.3788843643946153,0.5345717215738554,0.3284316089271318,0.3580804563158966,,False,5.754591,4.676702,-1.4072333442886011,1.020906613817138
2779,醍醐のしずく,寺田本家,218,千葉県,香取郡神崎町,北総,12,0.4812845629686889,0.5393690683193062,0.3099254942153659,0.18293252754616168,0.12406012787315344,0.5766603338720573,,False,-0.48382783,9.787129,1.89332209098135,-2.459800476724396
2795,長門峡,岡崎酒造,1206,山口県,萩市,長門,35,0.21428821839087706,0.5263461272213336,0.34303146444190574,0.3408688650801571,0.4986009803038617,0.4411067982697647,,False,2.6590106,3.7110407,-0.018917832936430914,1.4894241378420983
2796,桜吹雪,金光酒造,667,広島県,東広島市,西条（東広島）,34,0.41231629561057226,0.5117695055057319,0.2371329285951373,0.38292784544474995,0.3620285705053047,0.48389750888510946,,False,1.2320943,6.53847,1.2567534294072848,0.19614874407446534
2799,へのへのもへじ,秋鹿酒造,542,大阪府,豊能郡能勢町,北摂,27,0.05609518687998879,0.6258464440859743,0.6245632833851384,0.41850800848781256,0.14792610811100868,0.13438443679128473,,False,11.573327,5.176175,-4.68785990307409,-0.5836801657613905
2804,虎之児,井手酒造,1208,佐賀県,嬉野市,西部（唐津・伊万里・鹿島）,41,0.2474074548831134,0.630774032192821,0.44713640731582793,0.40871037242978636,0.3182334976654913,0.2695662761994853,,False,8.6200905,5.729293,-2.1798918490864936,-0.2172449919848543
2807,大関,大関,972,兵庫県,西宮市,灘五郷,28,0.30547723560619167,0.6242926273855101,0.3758398883761027,0.49436459352483264,0.1594939154076025,0.32534918447863703,,False,6.9751387,7.1869493,-1.7707535434046187,-1.0421668424128319
2811,アルプス正宗,亀田屋酒造店,1209,長野県,松本市,中信,20,0.31663425022126146,0.5573986797752729,0.34135035414500203,0.4201685806839256,0.3740673327677895,0.39504606498322636,,False,5.0327415,6.8037724,-0.3872071390037539,0.4242362471451316
2813,神開,藤本酒造,1211,滋賀県,甲賀市,湖南,25,0.379435812142921,0.573145773576267,0.3675139968830609,0.36920433585341594,0.21243460109939782,0.45937517067525496,,False,4.010607,9.102245,-0.03327127763338313,-1.1065759836475186
2825,冨玲,梅津酒造,878,鳥取県,東伯郡北栄町,中部,31,0.14690605492139566,0.6075982787379599,0.6391459590482419,0.35242106889214625,0.14424142099472506,0.23607030394512393,,False,11.065935,5.3564925,-3.568061269420139,-1.0692452944653323
2828,加賀纏,福光屋,344,石川県,金沢市,金沢周辺,17,0.25610111669794194,0.432162962740066,0.25275924490424295,0.4499896600814201,0.5199332731080725,0.4592807998514273,,False,1.2932523,3.5876713,0.7818827004536256,2.48972950671022
2830,華一風,カネタ玉田酒造店,1577,青森県,弘前市,津軽,2,0.5495337887604697,0.4903808522364719,0.18650662503552878,0.2538288596021069,0.4168052537410639,0.4296496294368157,,False,-0.16607407,7.5823393,2.3493737250493356,-0.2736475060613663
2854,鳳陽,内ヶ崎酒造店,1219,宮城県,富谷市,仙台周辺,4,0.4107676282630694,0.5622455616685327,0.2498379974571749,0.3724688631646581,0.33788206017844136,0.4470274246219768,,False,2.1253333,8.109372,0.7667825118698719,-0.30911677590659403
2860,基峰鶴,基山商店,1293,佐賀県,三養基郡基山町,東部（佐賀平野）,41,0.3934624373384375,0.5559493403708122,0.26712670517398507,0.41258212900299013,0.2842109894428933,0.4623322020312856,,False,2.7713776,7.6176777,0.5308101959785456,-0.4041887761131245
2870,元帥,元帥酒造,1221,鳥取県,倉吉市,中部,31,0.11967570525036832,0.5955150356482739,0.44189340821911466,0.49098166924971054,0.3100513864726506,0.3139664343035921,,False,8.808175,4.8919077,-2.553408800999015,0.7215010432506141
2872,おかげさま,伊勢萬,1753,三重県,伊勢市,伊勢志摩・南勢,24,0.3925882514429929,0.5764897678478268,0.34128192187986467,0.33942170341087713,0.25076201837902107,0.4679444193339805,,False,3.0823746,8.94689,0.31154197073632367,-1.032264571193754
2877,東灘,東灘醸造,1223,千葉県,勝浦市,九十九里・外房,12,0.21115767444903852,0.4588546362177258,0.4085572549757018,0.39606850303244767,0.46118985443231936,0.45648602149882306,,False,2.7613192,3.5860915,-0.15574724826333536,1.860924355935234
2879,秀月,狩場一酒造,1224,兵庫県,丹波篠山市,丹波,28,0.24328587008437222,0.6134932354818677,0.4382087809383008,0.42799113509472464,0.23658929294865844,0.36504820844133823,,False,8.081888,6.655738,-1.7455940947264277,-0.5287018215179781
2898,木曽路,湯川酒造店,896,長野県,木曽郡木祖村,中信,20,0.33876506994468186,0.5575197167750467,0.2950417460229073,0.32416700283854744,0.41601764401106883,0.4573898064434246,,False,1.4239382,5.5120277,0.5942195443282076,0.2808294693648803
2904,梅津の生酛,梅津酒造,878,鳥取県,東伯郡北栄町,中部,31,0.16235760965497284,0.628931596919629,0.6580547926070925,0.2794503667224484,0.13108547816776242,0.22309870654556277,,False,11.022885,5.467329,-3.5428979291069886,-1.6112985231544952
2913,木村式 奇跡のお酒,菊池酒造,646,岡山県,倉敷市,備中,33,0.39582639788714674,0.5689009756272558,0.2769914900772938,0.3423190573123032,0.5035984976201171,0.2686169638842262,,False,2.2038794,4.4367685,-0.06588739588685395,0.6160971404964425
2920,香梅,香坂酒造,1202,山形県,米沢市,置賜,6,0.35720553493198903,0.4572869748443178,0.17808593703301726,0.4221348902683433,0.511959741100999,0.43735293001498,,False,1.3233747,4.1008945,1.38237082054377,1.8419599438653962
2921,久米桜,久米桜酒造,1230,鳥取県,西伯郡伯耆町,西部（伯耆）,31,0.27773243800694003,0.6152757033186367,0.4822475302927386,0.40489164153895896,0.17860942040185077,0.340439796243968,,False,8.728159,7.017377,-1.940622149799793,-1.1300917596467206
2925,安東水軍,尾崎酒造,985,青森県,西津軽郡鰺ヶ沢町,津軽,2,0.18690034924661783,0.5451990455002027,0.486152313314323,0.5088462577689599,0.3429176452777721,0.23444650350979,,False,9.25759,4.778707,-2.6697057111970697,1.0385599742437461
2947,百磐,磐乃井酒造,1135,岩手県,一関市,県南,3,0.3072843055060613,0.5387084383666361,0.3647816499420107,0.4634398975579972,0.32756330247768395,0.4002869796897832,,False,4.777157,6.386044,-0.6132223830749034,0.4309408264922822
2954,山間,新潟第一酒造,291,新潟県,上越市,上越,15,0.37532310080483455,0.5656920601090749,0.35186570207612705,0.2843711515488593,0.27184033790924733,0.5104424254374148,,False,2.3343365,8.555332,0.6648966775301586,-0.9703536226833879
2965,神の井,神の井酒造,1238,愛知県,名古屋市,尾張,23,0.18573446877809052,0.5814930171635357,0.43478890729955044,0.49358052066801067,0.28423777185722743,0.3375119892000367,,False,8.376347,4.9129543,-2.104710865292924,0.4174741256607085
2978,横笛,伊東酒造,1243,長野県,諏訪市,南信,20,0.2560948121787063,0.49589241947572943,0.4550687636251526,0.4447179013171854,0.3346530403919436,0.4143089507345958,,False,6.845728,5.6412053,-0.8912894408661126,0.8270237672205272
3002,龍蟠,鈴木酒造店,71,秋田県,大仙市,県南,5,0.3797955509963029,0.6349535650892082,0.3883083145879802,0.3612467005952887,0.1962012937201831,0.36443358255971126,,False,4.533368,9.722659,-0.9034019971311245,-1.635697492126118
3008,但馬,此の友酒造,1246,兵庫県,朝来市,但馬,28,0.39018861484412753,0.6025619727608794,0.36990359474887674,0.41894827347689184,0.25582569777695,0.32692323399854134,,False,4.990286,8.887765,-0.9266371160983095,-0.8850077305579284
3026,出世城,浜松酒造,1234,静岡県,浜松市,西部,22,0.21160262649582162,0.5179822860307355,0.34431874247441274,0.5756427597522795,0.33104811253177385,0.3569395519317123,,False,5.5803337,4.4460707,-1.3884258261237454,1.345836361553347
3037,寒菊 どぶろく 銀八,寒菊銘醸,874,千葉県,山武市,九十九里・外房,12,0.5146746237906595,0.6279853601076868,0.25904108665405373,0.24835740001242038,0.19126116754789346,0.41878383706721095,,False,1.6476032,10.558486,0.9044423412087901,-2.466705622665264
3042,熟露枯,島崎酒造,955,栃木県,那須烏山市,県北,9,0.12128478447414635,0.5868949605789715,0.6319528479094261,0.4598010965492035,0.12499309238495851,0.12016481510587242,,False,11.498185,5.132456,-4.505554262537993,-0.578057818881185
3045,谷泉,鶴野酒造店,1252,石川県,鳳珠郡能登町,能登,17,0.37458467929544514,0.46361103945826676,0.26171992527409493,0.3550360857388184,0.3699584645057075,0.5597623738765528,,False,0.05848382,6.527463,1.7082687273444068,0.5777170080057785
3048,白鹿,辰馬本家酒造,572,兵庫県,西宮市,灘五郷,28,0.2927624425143555,0.5406674140178989,0.28796996352391874,0.51326278003232,0.2978420767291708,0.43231194263333544,,False,4.8999457,5.6235123,-0.3614175761723327,0.49889928335364747
3051,琵琶の長寿,池本酒造,914,滋賀県,高島市,湖西,25,0.32220812674067195,0.5565255432526126,0.4039410780786512,0.35882755473803657,0.27406797557255014,0.46842542516028507,,False,3.8144252,8.671996,-0.19765170058673528,-0.4598845909902227
3052,空蔵,小山本家酒造 灘浜福鶴蔵,1253,兵庫県,神戸市東灘区,灘五郷,28,0.333354800337454,0.6537020209733432,0.3996299625547835,0.30152060840905204,0.2633643611891679,0.3762561279977535,,False,4.1430216,9.93792,-0.8976359746864275,-1.3820537808899271
3072,居谷里,北安醸造,1017,長野県,大町市,中信,20,0.17295283282636464,0.7127158289514101,0.4839287046503334,0.3649481216132711,0.17126008333698467,0.2557720195432739,,False,10.494884,5.6226597,-3.1540314609727407,-1.5455226244852243
3078,立山,立山酒造,320,富山県,砺波市,呉西,16,0.25824265405856195,0.49906635516909226,0.3269622600061193,0.47912002117738073,0.4063336238359062,0.4274063368061882,,False,3.7341025,3.9868262,-0.2643952286360763,1.4246997694986874
3089,若乃井,若乃井酒造,1259,山形県,西置賜郡飯豊町,置賜,6,0.3019779953648258,0.4943197099800439,0.432572498151759,0.568330136317798,0.2190914338513843,0.32609530546969034,,False,5.8106103,5.039984,-1.5874278053220032,0.3987416352326044
3090,光武,光武酒造場,751,佐賀県,鹿島市,西部（唐津・伊万里・鹿島）,41,0.41777979274720517,0.5795539325537667,0.25562836020168317,0.32345118762722197,0.2893395408978666,0.48568856769509866,,False,1.7566468,8.987534,0.9820210155467939,-0.9236234648130427
3098,白滴,今西清兵衛商店,601,奈良県,奈良市,北西部（奈良盆地）,29,0.32147083493275064,0.5420952566885797,0.2612852219476414,0.45605896326617124,0.41040809692239416,0.39761122187418046,,False,3.3592925,4.9909873,0.015162796400912736,0.8923172120039043
3111,葵鶴,稲見酒造,1262,兵庫県,三木市,播磨,28,0.24893814085202787,0.5419235858504297,0.5474842449445505,0.36435510533213045,0.324026682448227,0.3268970739325322,,False,8.5826,5.839178,-1.7680978773021065,0.1698916344467264
3124,如空,八戸酒類,14,青森県,八戸市,南部（県南）,2,0.3418095938493968,0.557571310298229,0.2961675548802457,0.4177211518088148,0.3553070050279148,0.42875539230509185,,False,3.2946389,6.4082685,0.0792702076249153,0.2245810407666069
3139,藍の郷,南陽醸造,1121,埼玉県,羽生市,東部,11,0.46220357761856656,0.5212246133676367,0.2045876926181031,0.3134211589198288,0.4373722661510589,0.4281463642596943,,False,0.50356036,7.2030673,1.5927574088960328,0.18765354523243435
3141,Beau Michelle,伴野酒造,384,長野県,佐久市,東信,20,0.5708915041845607,0.42718482624128873,0.22441123886529238,0.17160690745959553,0.13847446731972549,0.6265871860824369,,False,-1.5460306,9.430082,3.4916150112111617,-1.9977836115782865
3147,金紋,小山本家酒造,205,埼玉県,さいたま市,県央・さいたま,11,0.2587975280219622,0.501908485309375,0.3763065335810671,0.6245175114731248,0.30733330242761414,0.23458308492029825,,False,5.7578278,4.1989717,-2.082525162867631,1.2850535669968886
3153,翠露,舞姫酒造,1041,長野県,諏訪市,南信,20,0.43241953328039656,0.48449295206005305,0.22980319897555537,0.4052814210917652,0.36724892576095747,0.47575793490761903,,False,1.2706785,6.4664245,1.3944414594760446,0.40903195520351554
3158,9 NINE,辻本店,647,岡山県,真庭市,美作,33,0.2562419361155903,0.4875266548222699,0.3277984309010021,0.46184955956880025,0.3879326395829732,0.474772862729826,,False,2.8282356,4.411331,0.0544337941613814,1.3282192076217374
3174,林,林酒造場,318,富山県,下新川郡朝日町,呉東,16,0.4196010937061599,0.5704960825288196,0.24168527676333262,0.40808261215378144,0.28254463278689623,0.4401073518094879,,False,2.7416344,7.915506,0.5825954314818085,-0.6075566909615632
3182,駿,いそのさわ,938,福岡県,うきは市,筑後,40,0.24118986642074558,0.5315333218448782,0.4711520596352639,0.48521383529319817,0.3054576575370796,0.32951277106959903,,False,7.1819797,5.4701166,-1.7968157929788198,0.613263333331157
3185,天覧山,五十嵐酒造,875,埼玉県,飯能市,西部,11,0.39018784165843023,0.540659101139251,0.3235797585754678,0.3363035189685974,0.30085909940335,0.49711273354543867,,False,1.7879453,8.0830965,0.7750515947793087,-0.48924942848717895
3194,四季咲,長龍酒造,594,奈良県,北葛城郡広陵町,北西部（奈良盆地）,29,0.5594478667158866,0.47558916809881796,0.1805419406187792,0.26320812079038297,0.2587208533603025,0.5403911920805475,,False,-1.0228198,9.369004,2.8302977276923746,-1.1652222443383438
3200,米宗,青木酒造,1273,愛知県,愛西市,尾張,23,0.1501729099565239,0.616839596881001,0.5641227398565306,0.41236813156791896,0.210229475921334,0.2539264356711601,,False,10.363562,5.281869,-3.2722509750299382,-0.48148607811866956
3202,道灌,太田酒造,1133,滋賀県,草津市,湖南,25,0.28594155553690553,0.5940479147030444,0.4746884585637518,0.3040110204631492,0.3657673149740401,0.3373528418349318,,False,8.424213,6.2100644,-1.232398748452352,-0.21815428490423358
3204,白嶺,ハクレイ酒造,529,京都府,宮津市,丹後,26,0.489410960443832,0.5626501469843487,0.27531487450675746,0.28452284329149724,0.28191274055317933,0.45571416713811197,,True,1.4963987,9.636704,1.2242458523369102,-1.2757672495761885
3214,越乃八豊,越後酒造場,255,新潟県,新潟市,下越,15,0.17347212347869947,0.5380140849457898,0.2632419581572234,0.49228994476384774,0.49524793420571744,0.35147123949288234,,False,3.9537199,3.5076957,-0.8247526777085054,2.121257283492221
3222,隠岐誉,隠岐酒造,1276,島根県,隠岐郡隠岐の島町,隠岐,32,0.23793681757596444,0.5403080894211153,0.4279253922827423,0.46638731865148386,0.3056765940458678,0.3967086926715674,,False,6.878008,5.7452755,-1.2472579763480995,0.5234270672432954
3235,あべ,阿部酒造,1267,新潟県,柏崎市,中越,15,0.4636063181011941,0.5033052979373225,0.2237161757495747,0.2889107340242055,0.20997880582774742,0.5950995886921877,39.0,False,-0.73555815,9.269359,2.2502942843352236,-1.2162761574861818
3242,みむろ杉,今西酒造,600,奈良県,桜井市,北西部（奈良盆地）,29,0.5000859147126832,0.49275926903796574,0.19548586481865463,0.3323324648279379,0.2008411934732423,0.5640085151528144,21.0,False,-0.5374998,8.956297,2.2677023261038567,-1.174213576352294
3247,玉柏,,804,岐阜県,加茂郡八百津町,中濃,21,0.3058399419268914,0.5525749602104679,0.41294379473667436,0.46618490214649405,0.30169371058397587,0.3496466897652067,,False,6.7012963,6.2682366,-1.2070011848411255,0.17640177050174602
3249,会津錦,会津錦,1414,福島県,喜多方市,会津,7,0.08341570933652319,0.54638020870035,0.5186792525224351,0.46723991724388203,0.399993157566018,0.21719726889054494,,False,9.276907,4.839593,-3.1303982269227855,1.6058690530614403
3254,永寳屋,鶴乃江酒造,127,福島県,会津若松市,会津,7,0.2568456849171991,0.36505398074056744,0.18507046408692715,0.22885229310407018,0.6958921830418094,0.479453340930943,,False,0.047902513,3.2242036,2.441519260026881,3.245431216561205
3255,海風土,今田酒造本店,661,広島県,東広島市,西条（東広島）,34,0.550706845513282,0.4138149240631818,0.20429357162018338,0.1550374780337328,0.24391324631430358,0.6326239200341859,,False,-1.6449854,9.31719,3.7803199221283306,-1.2327984188058652
3259,恵信,君の井酒造,1279,新潟県,妙高市,上越,15,0.33478462336606085,0.4342409260698438,0.21342104827037442,0.41753016534268045,0.420353020497774,0.5502521507692046,,False,0.75506383,5.033592,1.7204859564640658,1.4676313378347365
3280,花洛,招徳酒造,518,京都府,京都市伏見区,伏見,26,0.3113240891684677,0.5314529875572992,0.35952040157986037,0.5256574378652081,0.3406648639117009,0.31466144168090904,,False,5.821891,5.4069247,-1.1617968020813567,0.7674374108516261
3281,帰山,千曲錦酒造,1145,長野県,佐久市,東信,20,0.32686291257182565,0.5839820722456364,0.3493481156438774,0.33137762482167393,0.3760933351877769,0.422876037121646,,False,3.6607652,7.6193113,-0.07856208320382564,-0.08858130711929467
3283,翁鶴,大石酒造,1282,京都府,亀岡市,南丹,26,0.14382838897882308,0.5919578674932996,0.5324693452734375,0.4674854191854943,0.2718423280933871,0.23007565165907579,,False,9.837899,4.7672853,-3.2574758184384995,0.29279162621127264
3287,東魁盛,小泉酒造,1473,千葉県,富津市,南房総・内房,12,0.4447757115331776,0.5104753305749279,0.20190348416898787,0.3304092386767297,0.3083542314941272,0.544584143454184,,False,-0.21013446,8.0045,1.969539277941176,-0.4216395898121973
3292,純青,富久錦,573,兵庫県,加西市,播磨,28,0.3428820788988478,0.5275285174421472,0.27364780389038135,0.41431906252174944,0.2740871486453917,0.5314869443926195,,False,2.1735816,7.1641936,0.7675595981969574,-0.09808668637747074
3298,松尾,高橋助作酒造店,1193,長野県,上水内郡信濃町,北信,20,0.3379787617597238,0.5231307791222515,0.25512261358187127,0.41413210722593446,0.42633146117254495,0.4401739196642108,,False,2.4472058,4.777981,0.5733271347884709,0.9029951819904734
3303,朝日榮,相良酒造,1284,栃木県,下都賀郡岩舟町,県南,9,0.3949380772208424,0.3989110200888315,0.17295089883198445,0.5390666215018459,0.3447190849513644,0.49553791969826094,,False,3.8672097,4.6723323,1.5534840585726044,1.4482737643151806
3311,宮寒梅,寒梅酒造,1096,宮城県,大崎市,県北（大崎・栗原）,4,0.45939085195595003,0.5841970229932634,0.25339189411927443,0.36922337901494684,0.20653886776835367,0.45219710740936037,81.0,False,2.6584623,9.560642,0.7177215551437883,-1.4578543314075183
3315,千代乃花,杉原酒造,1280,岐阜県,揖斐郡大野町,岐阜・西濃,21,0.4850228410002693,0.5956108511234167,0.2901435278644585,0.3277059760121067,0.23072007687499402,0.4064410540080596,,False,2.9271116,10.195141,0.526966658470483,-1.6382482399269938
3316,ねのひ,盛田,1286,愛知県,常滑市,知多,23,0.31073170735143,0.5679087368670205,0.37164583482823826,0.4607683086268628,0.2922306892787474,0.3809181488196652,,False,6.2390428,6.764138,-0.9041160866639396,0.0018469386494813001
3319,龍が沢,榮川酒造,131,福島県,耶麻郡磐梯町,会津,7,0.3970300117236092,0.48902331796196646,0.2527820582285985,0.4014686295672003,0.3830310778596657,0.48107663442016235,,False,1.3727089,6.237498,1.1830318443197405,0.5858016063507739
3320,夜の帝王,藤井酒造,657,広島県,竹原市,安芸（広島湾岸）,34,0.23393660058333088,0.5104128872833227,0.3493267492469776,0.4847554477482075,0.41989491436212983,0.3891318419692879,,False,4.06597,3.6686563,-0.7176443951418627,1.5376984096102038
3325,ずZOOっと旭山,高砂酒造,6,北海道,旭川市,道北,1,0.13643883952973895,0.5454543891277457,0.4089136852432904,0.4931223034679956,0.3823878052896736,0.356740116412455,,False,6.7746944,4.5812774,-1.7935520878106923,1.4472958912438427
3338,七冠馬,簸上酒造,1244,島根県,仁多郡奥出雲町,出雲,32,0.29457562291595274,0.46905736475397836,0.3092376325861719,0.44374694756232125,0.3875762462331594,0.5004555698872453,,False,2.274203,4.7564054,0.5725208690230559,1.24424901855062
3350,参宮,澤佐酒造,1289,三重県,名張市,伊賀,24,0.3036009597514805,0.5887134092541868,0.4298035608468077,0.507809414338824,0.2175452277464011,0.26704971574469766,,False,7.08396,6.859507,-2.1277286424034916,-0.4257813435664229
3353,半田郷,中埜酒造,457,愛知県,半田市,知多,23,0.25325223949259995,0.5572872037117147,0.28615872651481045,0.5673467460805731,0.35226119925746696,0.31214928515064644,,False,5.8014545,5.2188473,-1.3165183022778517,1.0726643350243223
3363,大慶,,800,石川県,,,17,0.6219899466135543,0.4593790056820617,0.2760456056538139,0.335717885251508,0.15801129237230543,0.433848120953101,,False,-0.34963718,9.597353,1.8187249143496258,-1.7048310317387756
3370,DATE SEVEN,山和酒造店,1020,宮城県,加美郡加美町,県北（大崎・栗原）,4,0.47869189444623866,0.4685500214241022,0.2351214234053556,0.3767729077795639,0.3329725222893082,0.49315751969772564,,False,0.45745412,7.0690913,1.7718666043918496,0.020943808863024473
3373,かぶとむし,せんきん,1168,栃木県,さくら市,県北,9,0.5153190227344288,0.4147963206557459,0.14141792053030894,0.1590026899532666,0.20334484246387372,0.6897538028618182,,False,-1.6983252,9.290977,4.150195225781445,-1.3189329245359813
3375,Snow drop,,790,福島県,郡山市,中通り,7,0.23272837775040567,0.5548072355613042,0.2100966581868712,0.6822018432036945,0.02107563230828017,0.357829974470397,,False,5.777211,5.3021626,-1.585213119020675,-0.454725533466171
3380,直虎,遠藤酒造場,402,長野県,須坂市,北信,20,0.4146279335258236,0.5542491549869404,0.28728609591135057,0.27232131414810357,0.35259858762049073,0.4897689127548491,,False,0.8459858,8.013613,1.2073036709528289,-0.55526875521727
3383,スーパーくどき上手,亀の井酒造,105,山形県,鶴岡市,庄内,6,0.4244725905817469,0.6221765439251637,0.27942778336090673,0.3670888063541005,0.299780612694673,0.36057852740020185,,False,3.7115002,9.03154,-0.07211677813111794,-1.0065414063829083
3392,七郎兵衛,竹浪酒造店,1294,青森県,つがる市,津軽,2,0.029523377666361587,0.7004960436343243,0.5369597368274195,0.4110018574992102,0.19780805040849775,0.10980597604795851,,False,11.560917,5.3014493,-4.788950272625422,-0.6329246803048861
3395,黒澤,黒澤酒造,1164,長野県,南佐久郡佐久穂町,東信,20,0.31010563003349856,0.5268577491604278,0.41215238625871603,0.35775741673237443,0.32943196568070815,0.4689030087695147,,False,3.7652655,6.973361,-0.06914148763955899,0.1088159448190136
3396,猿庫の泉,喜久水酒造,390,長野県,飯田市,南信,20,0.3533234322894283,0.4271063686581186,0.25044908922871106,0.5018591204989258,0.47212448160853004,0.3940226551726737,,False,2.652191,4.3095345,0.6508741278136527,2.0507578459996956
3398,菊美人,菊美人酒造,1295,福岡県,みやま市,筑後,40,0.2700470347783977,0.6218563968729789,0.3479435802677328,0.3924185397230454,0.36078828718754213,0.36761935087252295,,False,7.293569,6.119095,-0.9814016657947338,0.006003431357352613
3400,今代司,今代司酒造,260,新潟県,新潟市,下越,15,0.27801341913008504,0.46487515188670103,0.3379305938210089,0.40611658520527777,0.46644869746545925,0.4581456946820273,,False,2.109119,4.0030427,0.3941882380064929,1.6758253394953209
3402,長珍,長珍酒造,1032,愛知県,津島市,尾張,23,0.18166027973601162,0.6102770665212766,0.4680587829672293,0.4416689716356171,0.29267633130701187,0.30781732426661795,,False,8.977047,5.3607974,-2.3864402729278096,0.10393785708605806
3403,森本,森本酒造,1296,静岡県,菊川市,西部,22,0.15809356651752773,0.63120378374349,0.4917671581311335,0.4127016312694933,0.30113718502010633,0.2715640424337577,,False,9.454779,5.4695477,-2.773656661821008,-0.0019387314137726494
3410,國乃長,寿酒造,839,大阪府,高槻市,北摂,27,0.2544719495874684,0.5962738597047371,0.38304017202834845,0.44559505606510924,0.317138895735755,0.3658547588050483,,False,6.905619,6.523283,-1.3176719754181418,0.12704795361375956
3411,裏死神,加茂福酒造,1069,島根県,邑智郡邑南町,石見,32,0.25862847333414846,0.6543484748734089,0.47287433509804966,0.37214821911114054,0.19978889679111175,0.3208104567321114,,False,8.825262,6.9841294,-2.130601355372381,-1.286301624455411
3431,蓬莱鶴,原本店,1300,広島県,広島市,安芸（広島湾岸）,34,0.3938039111214771,0.5235183815240331,0.2543099122613989,0.49824004046507886,0.301127699284399,0.4089650634449418,,False,4.1739507,5.756926,0.21699822695867627,0.21521271805207318
3432,栃茜,白相酒造,1301,栃木県,那須郡那珂川町,県北,9,0.5343864181006459,0.8052110003001028,0.011765611979744565,0.04010856916165944,0.03507364493592156,0.2511754638310139,,False,1.1897024,10.5980625,0.8834170787749331,-5.262238451547461
3446,旭興,渡邉酒造,1303,栃木県,大田原市,県北,9,0.3372745067416447,0.5851569302671727,0.38606997342173854,0.42209470468641547,0.24540953539044755,0.3954711998360307,,False,5.03418,8.39556,-0.8036196684717636,-0.6406325090116376
3463,忠愛,富川酒造店,1255,栃木県,矢板市,県北,9,0.36050178161638735,0.592602041058826,0.3394815225411615,0.3906854968154461,0.2619145590343856,0.42705876478694393,,False,4.2201586,8.482765,-0.2475118211014861,-0.7620150929908871
3478,鷹の夢,山盛酒造,1305,愛知県,名古屋市,尾張,23,0.1501849202820923,0.6545808801036346,0.5524456019036997,0.3775966947273839,0.20993001500634081,0.2390028095865488,,False,10.426032,5.4168396,-3.363629024734868,-0.8398857986511914
3485,鈿女,伊藤酒造,1309,三重県,四日市市,北勢,24,0.2359868885310147,0.6467047327880184,0.5482232038480466,0.4325789626477573,0.09807167433500259,0.16968171251295952,,False,10.691336,5.586488,-3.6299114359833156,-1.6058486190658232
3486,夢の中まで,千徳酒造,782,宮崎県,延岡市,県北,45,0.44443009435811853,0.5072024924402062,0.2826553682139973,0.5242362433325344,0.2313982592240904,0.3700873849724392,,False,4.39351,5.4260015,0.0003806712523237305,-0.22310532441517467
3498,桂月,土佐酒造,1310,高知県,土佐郡土佐町,中部,39,0.4759376019767349,0.577356209850339,0.22728823741313842,0.25989099040736774,0.35300349090040184,0.44308968801217036,,False,1.4845054,9.66184,1.421811655127502,-0.9426652952526431
3503,蒲原,下越酒造,239,新潟県,東蒲原郡阿賀町,下越,15,0.26591894681435535,0.6760554495644742,0.34606236037256405,0.4130860686302749,0.28185387995526034,0.31999261839992477,,False,8.158695,6.723662,-1.6559571482139719,-0.7368391640374278
3507,豪快,宝酒造,525,京都府,京都市下京区,京都市街,26,0.06176704589588823,0.6866461572577557,0.333554989651879,0.3158748353837209,0.5009646057639668,0.2504006944595964,,False,8.389861,5.5209455,-2.255101836548792,0.9732753108824339
3517,彦市,月の井酒造店,1126,茨城県,東茨城郡大洗町,県央,8,0.25641282932710713,0.4797797256517283,0.2918002907727572,0.47852287029765755,0.418397368354574,0.4635471614312969,,False,2.984264,4.2888875,0.1834220133139726,1.6413700936765916
3523,大賀,大賀酒造,1158,福岡県,筑紫野市,福岡地域,40,0.320216448118433,0.45007065477336317,0.3485330610831571,0.5335741440703807,0.405363471049201,0.35270614754608365,,False,4.9818516,4.3329663,-0.4387499948099487,1.6827432158049287
3534,加茂錦,加茂錦酒造,294,新潟県,加茂市,中越,15,0.4746818303953441,0.508732208351705,0.20463398413557787,0.32486213013655096,0.24611589496584513,0.5548740354920446,26.0,False,-0.312406,8.886687,2.0801219266608877,-0.92967098852214
3545,神心,嘉美心酒造,648,岡山県,浅口市,備中,33,0.4397057233587191,0.5891445948855486,0.2665414527031351,0.30730413061242573,0.22733708980096273,0.49234662186614114,,False,1.3214163,9.573669,0.984464173964216,-1.5134731891911042
3547,初緑,奥飛騨酒造,1030,岐阜県,下呂市,飛騨,21,0.47748355240002405,0.6037605995299953,0.26874677258169793,0.3359437394965087,0.24430843636791272,0.4033769449065261,,False,2.974462,10.139193,0.530458222413642,-1.5382515260705298
3550,藤娘,藤娘酒造,1318,高知県,四万十市,西部,39,0.1473370999294961,0.4830260218178315,0.2708320565615785,0.6507335604096577,0.38999350175546527,0.3099653856721934,,False,5.291183,4.055255,-1.5567835336546962,2.470452371021877
3552,美潮,仙頭酒造場,721,高知県,安芸郡芸西村,東部,39,0.40074390856561776,0.5504967168189383,0.25432810720162913,0.36244805063527574,0.37302701090740575,0.4485054716840509,,False,2.0120206,7.9092336,0.8444837512206759,-0.017058973616202403
3555,浅茅生,平井商店,1320,滋賀県,大津市,湖南,25,0.37371484389138876,0.5562066920569664,0.33845197785234626,0.3204907494677917,0.28915202407482465,0.5000983666571229,,False,2.2406144,8.405821,0.6176074114695715,-0.6621202534221703
3560,鷗樹,杉田酒造,180,栃木県,小山市,県南,9,0.1633616373497477,0.5934679489857365,0.4217615489976228,0.5046851159539869,0.2935709415150694,0.31989842261046747,,False,8.524756,4.8295126,-2.3074495956294307,0.5282006057272387
3561,浅間嶽,大塚酒造,388,長野県,小諸市,東信,20,0.33844028741137705,0.5528320066229186,0.3982820317879322,0.4158684382739904,0.30580758169518857,0.39337200267730194,,False,4.738261,7.191089,-0.6173284300286458,-0.09304083128770753
3562,月吉野,若林醸造,1321,長野県,上田市,東信,20,0.37215147711190283,0.44043674392185067,0.15271700985157158,0.4591234807082196,0.38843974108660956,0.5315227789999962,,False,0.89583105,5.1290336,1.8519338891185633,1.2670431022771431
3567,横山五十,重家酒造,762,長崎県,壱岐市,離島（壱岐・対馬）,42,0.5130760708248198,0.6432513541468436,0.22035612316093653,0.2429756572168763,0.19079943170392805,0.42306291113991995,,False,1.5300004,10.613937,1.041307876797435,-2.5619079521132155
3571,若竹,大村屋酒造場,437,静岡県,島田市,中部,22,0.2355782200458641,0.5119467423047607,0.3107877519001925,0.509632176608311,0.4077149134609078,0.3998349690302609,,False,4.054038,3.697878,-0.5813930408523497,1.5519234762576024
3579,綾菊,綾菊酒造,1325,香川県,綾歌郡綾川町,中讃,37,0.3579062943264666,0.4959851515773223,0.30857602625909597,0.416632924215325,0.3189913434214991,0.5053159201889422,,False,2.1316574,6.1616154,0.7320568873852522,0.31734578169923
3581,大嶺,大嶺酒造,1326,山口県,美祢市,長門,35,0.5225954002399711,0.5627679915961175,0.18728572672542576,0.24259556336356242,0.15042185887259898,0.5418772451925377,47.0,False,0.07598947,10.148513,2.175119682740079,-2.3285922978344265
3583,秘幻,浅間酒造,187,群馬県,吾妻郡長野原町,北毛,10,0.38624650370719976,0.4512143579805625,0.21533755841588081,0.5231675440576499,0.35511608314221366,0.4483717941620096,,False,3.8139236,4.8024206,0.8974495937251359,1.1404953559766824
3590,瀧嵐,高知酒造,1327,高知県,吾川郡いの町,中部,39,0.28810761920741895,0.36183238876169255,0.2805646609520515,0.38538780529997385,0.5935754278220038,0.45442187913270093,,False,0.57421863,3.5722756,1.390918264952224,3.029777271256606
3593,飛龍,新澤醸造店,42,宮城県,大崎市,県北（大崎・栗原）,4,0.4134933779063486,0.43124977182768676,0.2003409299745444,0.41938805984897604,0.4233316815950383,0.4978095169009219,,False,0.9079638,5.1640267,1.8426371944308662,1.2265562568794204
3597,花の香,花の香酒造,1140,熊本県,玉名郡和水町,県北,43,0.6072592390417973,0.44243071451962457,0.18840652262726973,0.2634277057621498,0.20588056947298963,0.5368550052201241,,False,-1.0630735,9.54836,3.061044191408515,-1.4649042867748026
3601,山鶴,中本酒造店,1330,奈良県,生駒市,北西部（奈良盆地）,29,0.30764368102093387,0.5522385475810856,0.36864416456228827,0.4314852705107537,0.3510216469424435,0.39381937069889256,,False,4.9437723,6.825151,-0.5954780585222726,0.3747803426357917
3610,遠藤,遠藤酒造場,402,長野県,須坂市,北信,20,0.35170425631995195,0.5839013872926845,0.293512599316416,0.5559361088285988,0.22474666619951578,0.29939542244220907,,False,6.321393,7.1800275,-1.263569542899781,-0.2964659261607791
3616,若竹屋,若竹屋酒造場,934,福岡県,久留米市,筑後,40,0.33791178551452283,0.6211990844062715,0.411580236108557,0.32669646516546186,0.23193908504731747,0.41231385189419334,,False,4.1323266,9.897217,-0.7137697283035074,-1.3053620143914075
3621,和の月,月の井酒造店,1126,茨城県,東茨城郡大洗町,県央,8,0.11373321000168017,0.6444752159511205,0.5693893673913194,0.4222462012327628,0.18152328785747474,0.19044590512556792,,False,11.330401,5.3821797,-3.9699719484886833,-0.6667750507258471
3624,泉,,811,兵庫県,神戸市東灘区,灘五郷,28,0.3442549841735031,0.35851255545138,0.348382647522332,0.1172736103158968,0.4986918800419267,0.6075690030477829,,False,0.022671463,3.8650126,2.8515194628289713,1.265940427178387
3627,奥能登の白菊,白藤酒造店,895,石川県,輪島市,能登,17,0.3240295265246562,0.5591553496805138,0.32995164145789496,0.5414050330541287,0.20049411598581907,0.3743858635176184,,False,5.805815,6.47835,-1.023404947470721,-0.2572841447782579
3629,喜多の華,喜多の華酒造場,134,福島県,喜多方市,会津,7,0.3455293459900651,0.5690180278412545,0.4347623975425593,0.42499046103543325,0.2631372209964643,0.34344071350019134,,False,7.4449806,6.9967003,-1.1715674853230127,-0.47040715426626584
3663,弥栄鶴,竹野酒造,841,京都府,京丹後市,丹後,26,0.34526487475882806,0.5853332266366188,0.3771946436671919,0.3542356134514777,0.21929553948676336,0.4715166777173214,,True,3.8958986,9.100603,-0.15549139395125616,-1.0719924996838688
3668,大治郎,畑酒造,897,滋賀県,東近江市,湖東,25,0.1827001492564586,0.5990625072882365,0.5562292577471588,0.33675402187751424,0.30353859519688015,0.30465526521704345,,False,9.512544,5.712881,-2.4003112568986187,-0.17500970105244218
3669,長命泉,滝沢本店,1339,千葉県,成田市,北総,12,0.31580334262849186,0.5241642265636228,0.27901364933543554,0.4762870144835992,0.34689391676443637,0.4477575082634364,,False,3.5941806,5.5542226,0.11032996947326373,0.6950921784624655
3677,木曽三川,内藤醸造,1344,愛知県,稲沢市,尾張,23,0.23492473783069637,0.4889388055157583,0.7042393652520688,0.3530259779230021,0.14268951963278043,0.25457511336310923,,False,10.965038,5.001105,-2.8544293973946284,-0.6838128401412898
3679,千歳鶴,日本清酒,1113,北海道,札幌市,道央,1,0.30909839155875385,0.5119088040117248,0.3198782771800386,0.44191642590567765,0.3708381193524267,0.45527399469914187,,False,2.9878116,5.3011565,0.1324112192105033,0.8054219221400817
3687,望,外池酒造店,1474,栃木県,芳賀郡益子町,県央,9,0.44330158857869123,0.5604394831241242,0.2631547292135973,0.2820947490854275,0.2719322661516475,0.5163489817708085,,False,1.4000132,9.373673,1.4102290077685251,-1.1568694351285236
3693,さんずい,,798,新潟県,東蒲原郡阿賀町,下越,15,0.36790816648793606,0.6224864218011658,0.29429723042750894,0.4235846464500937,0.2699075854635987,0.3718458262080176,,False,5.527154,8.56383,-0.5315658177590252,-0.7904552599168237
3704,聖,聖酒造,1010,群馬県,渋川市,中毛,10,0.48493311954759216,0.45991590384781234,0.19518490393213564,0.23905401725045072,0.22146395941536026,0.6395521681201514,,False,-1.4393996,9.185527,3.075468466546877,-1.1158106480581793
3710,稲花,稲花酒造,997,千葉県,長生郡一宮町,九十九里・外房,12,0.2847527505014112,0.5876462165045624,0.3641407244077559,0.4402571416268887,0.29450593447121864,0.40053618056962703,,False,6.3234076,6.66083,-0.8995898585533216,-0.0820879817327056
3714,神杉,神杉酒造,1347,愛知県,安城市,西三河,23,0.1915431277283489,0.6613387867631717,0.4316641264969538,0.33786950351942874,0.3759012126890535,0.29008756975905253,,False,8.36549,5.914271,-2.0774116543216166,-0.0901380227160137
3717,陣屋,有賀醸造,1440,福島県,白河市,中通り,7,0.39477163176618313,0.42419876533213685,0.25080425389633754,0.31449400935683497,0.45015356580445903,0.5475064179925663,,False,0.06125835,5.0742173,2.193274494630201,1.11058856358728
3722,信州亀齢,岡崎酒造,990,長野県,上田市,東信,20,0.4912924281082379,0.5057910454324217,0.22245010408703847,0.3094039105882533,0.2606583464780209,0.5381910127079377,17.0,False,-0.24333373,8.901017,2.0617385489843736,-0.9450169044261957
3727,喜久盛,喜久盛酒造,846,岩手県,北上市,県南,3,0.2900589238092476,0.5932164565637768,0.4737713868643037,0.36509185287148366,0.2513522187557677,0.37819403811090374,,False,8.564756,6.405727,-1.33488492572846,-0.7220720112332564
3737,女城主,岩村醸造,1349,岐阜県,恵那市,東濃,21,0.25565173398993624,0.5689616345222756,0.28746165643829036,0.44963548820778393,0.38425582012119147,0.42245240900552583,,False,3.3558323,4.9434624,-0.3839275817300615,0.7691230770135676
3744,銀シャリ,白杉酒造,1196,京都府,京丹後市,丹後,26,0.3892530540554512,0.501907985720413,0.30302225694172097,0.43110531163034027,0.31732590547651823,0.4671192840957674,,True,2.5596924,6.18771,0.6120362350598981,0.20793910021298811
3750,八幡川,八幡川酒造,854,広島県,広島市,安芸（広島湾岸）,34,0.3870935018350472,0.6820069722661468,0.2425104740995009,0.27224887589886415,0.30169970115371453,0.4013372901501218,,False,2.4788127,9.840289,0.17655960713960736,-1.555182038503763
3751,東長,瀬頭酒造,1353,佐賀県,嬉野市,西部（唐津・伊万里・鹿島）,41,0.47234373644519795,0.5913235225309142,0.27841348767705476,0.37944806142608556,0.19348152613560976,0.41024125090773134,,False,3.0438473,9.933077,0.35719221710586035,-1.6064678093866873
3754,？？？,町田酒造店,194,群馬県,佐波郡玉村町,中毛,10,0.5009231599057504,0.4573229863244405,0.20499656255236637,0.21294184493901727,0.22643899168997242,0.6334739435110521,,False,-1.4301554,9.285937,3.1662254510699412,-1.2251145234648109
3757,雨後の月 十三夜,相原酒造,660,広島県,呉市,安芸（広島湾岸）,34,0.4266179680532101,0.5248968363161945,0.29534391799225407,0.26436803675942316,0.18146369081086217,0.5936605601870928,,False,-0.46206546,9.549639,1.7051629776650858,-1.5122226023381218
3776,水尾,田中酒造店,1357,長野県,飯山市,北信,20,0.35513360657475784,0.5188655666081075,0.2829597469225044,0.35536987652774477,0.39132021232444286,0.4951496432132545,,False,1.1164408,5.935225,0.9631593213611703,0.42659084504261735
3786,出羽の冨士,佐藤酒造,1359,秋田県,由利本荘市,県南,5,0.3503133047579689,0.6111552645194951,0.36045603562275375,0.4795288884495826,0.27126327429532876,0.2651594967254042,,False,6.5597506,7.342037,-1.5788267673147764,-0.4754322004635598
3787,深山桜,古屋酒造店,393,長野県,佐久市,東信,20,0.4104555030900092,0.6320085490323933,0.3691115171896232,0.2955132200416341,0.20841789615822132,0.40630294012310103,,False,3.566699,10.268677,-0.23597621924954737,-1.8804109558836666
3788,ささまさむね,笹正宗酒造,151,福島県,喜多方市,会津,7,0.3820161254031468,0.5318757180270074,0.2554749415915293,0.4601015737903975,0.24100982328704545,0.48592721841729913,,False,2.5342362,7.379575,0.5673366565664085,-0.304651354239723
3794,井筒長,黒澤酒造,1164,長野県,南佐久郡佐久穂町,東信,20,0.23750562994303973,0.49992144129561866,0.31860666362281126,0.5583515136614057,0.3448164196112668,0.4018764065380003,,False,5.2395663,4.39435,-0.7759375047673068,1.3992583132271188
3807,Monsoon,笑四季酒造,496,滋賀県,甲賀市,湖南,25,0.19256858404816163,0.6319116698879843,0.5119051382208479,0.4715922064290423,0.15320459047420681,0.23598147311426312,,False,10.063819,5.468879,-3.2847206057576144,-0.85366955623042
3808,Masterpiece,笑四季酒造,496,滋賀県,甲賀市,湖南,25,0.3899251362900927,0.653491531328174,0.3512326328265452,0.425135606153192,0.12032061476417504,0.31988358859555943,,False,7.8732667,7.6157813,-1.3084728788059188,-2.018023355800412
3809,崇薫,瑞鷹酒造,766,熊本県,熊本市,熊本市周辺,43,0.3714469953016802,0.5240569788847048,0.21772764416511303,0.4186791277112517,0.3785495723588253,0.470525339185676,,False,1.6750721,6.252488,0.9585307669537818,0.5087781779855325
3817,匠,京姫酒造,520,京都府,京都市伏見区,伏見,26,0.3910652055448254,0.6301360514212517,0.2782573035577285,0.4106771167189075,0.32710940586639276,0.31130881311870967,,False,5.466532,8.125271,-0.5993631447492075,-0.6070809227833421
3853,北国街道,山路酒造,1362,滋賀県,長浜市,湖北,25,0.28540590544574307,0.4635686028001959,0.40977090239700503,0.5854371441733384,0.3088741733930163,0.31240282075592846,,False,5.7382746,4.4032235,-1.4181943248400417,1.2835933726115691
3862,北光正宗,角口酒造店,1363,長野県,飯山市,北信,20,0.29457420843242565,0.4272377718110217,0.21801641451089218,0.43621861107140447,0.49247597089093653,0.50034338860241,,False,1.0605087,3.9268563,1.342060178464806,2.173884590147574
3871,超濃厚ヨーグルト酒,新澤醸造店,42,宮城県,大崎市,県北（大崎・栗原）,4,0.0,0.514302826940343,0.380106856375316,0.736009047645159,0.0,0.22204067582790418,,False,8.506696,4.099664,-4.016902983045547,0.6453103179104362
3884,玄宰,末廣酒造,139,福島県,大沼郡会津美里町,会津,7,0.49479862718660017,0.5529523083107499,0.18472777816017347,0.30661716602878847,0.22097978078694494,0.5219650957908037,,False,0.25603375,9.712453,1.901191412513436,-1.4951854150604327
3893,Mr.Summer Time,寒梅酒造,1096,宮城県,大崎市,県北（大崎・栗原）,4,0.3574521009137386,0.5908557628041009,0.2703140477345717,0.36056854796985505,0.30899721433414346,0.47387637887907025,,False,2.1738868,8.665828,0.46086013305416135,-0.5235148589528926
3895,京姫 匠,京姫酒造,520,京都府,京都市伏見区,伏見,26,0.36502786406210136,0.6229774503387591,0.23632537447192092,0.4413256205733267,0.288924581231055,0.3802083050045235,,False,5.6666684,8.428929,-0.2702408317840917,-0.5756241950610753
3904,三春駒,三春酒造,1324,福島県,田村郡三春町,中通り,7,0.3614926122605279,0.5646290674605234,0.2308767718670478,0.43941679478696394,0.3270461899163728,0.4440345637360964,,False,3.4645774,6.5627465,0.3988937008445134,0.037707366555374246
3909,菊乃井,鳴海醸造店,1188,青森県,黒石市,津軽,2,0.29336080165782147,0.5300901912648136,0.3158064680524127,0.4307971199322055,0.4206359191010688,0.4131456993990015,,False,2.997845,4.5013676,-0.1184817955509248,1.021237886592701
3912,千代菊,千代菊,433,岐阜県,羽島市,岐阜・西濃,21,0.22010841336145806,0.5867405526993005,0.4800213600302402,0.4489027137914149,0.32807817008366064,0.26022753883015426,,False,9.001081,5.3043275,-2.397295352609932,0.35091732951798715
3918,カワセミの旅,越の華酒造,257,新潟県,新潟市,下越,15,0.06539972994020958,0.42682926096402124,0.899889478710272,0.0,0.061143956489662754,0.0,,False,11.0961075,5.0384793,-4.432746292066546,-1.5216621124757055
3954,水神,あさ開,26,岩手県,盛岡市,県央（盛岡周辺）,3,0.04176611171871044,0.20980127663768863,0.2723698280565683,0.15937847240330033,0.8515070316061198,0.3599832921918137,,False,0.045727137,3.150016,1.701134128187436,5.698948462418761
3963,水鳥記,角星,48,宮城県,気仙沼市,三陸沿岸,4,0.3907486812803559,0.5395383041307373,0.3203842398835646,0.4242791728974475,0.32191879864567907,0.4122175345756195,,False,3.5658069,6.8895445,0.10531770609088655,-0.037906660102721604
3991,浜福鶴,小山本家酒造 灘浜福鶴蔵,1253,兵庫県,神戸市東灘区,灘五郷,28,0.3800000172336918,0.627520641592882,0.32767003687283447,0.3861218891068676,0.26801868285744923,0.36541216537617977,,False,5.096424,8.975347,-0.574716684871338,-1.0269809614245045
4028,三河武士,丸石醸造,987,愛知県,岡崎市,西三河,23,0.3237983792298741,0.5670521833027008,0.3739580059611912,0.36250716005519573,0.2533301724512803,0.4880309656484903,,False,3.7255855,8.8339,-0.04044849757490503,-0.63475043800891
4033,亀齢萬年,亀齢酒造,886,広島県,東広島市,西条（東広島）,34,0.247716174217218,0.5168937192069856,0.3340608456327945,0.3834336721144219,0.47226892193690206,0.43566227281239706,,False,2.5212262,3.8451726,0.006200226934462854,1.417337260184698
4039,葵天下,山中酒造,1375,静岡県,掛川市,西部,22,0.26841374590618633,0.5433386063009786,0.40878988627733404,0.47860646375300375,0.3479469693993045,0.33984821336674403,,False,6.6458607,5.478611,-1.3291280082190844,0.7069134097082729
4045,恵那山,はざま酒造,1376,岐阜県,中津川市,東濃,21,0.4435756641797873,0.6243644076586901,0.27648961545409584,0.3615828982739637,0.20216027520939533,0.40663526648039494,,False,3.165514,9.972387,0.1417756297471553,-1.7170034241876135
4050,旭日,藤居本家,1377,滋賀県,愛知郡愛荘町,湖東,25,0.2079619455557535,0.5964165351637661,0.3569573317977898,0.4877391218347985,0.3137625543663376,0.3705188491413725,,False,6.5425973,6.1506085,-1.5031839014612278,0.4388256813362813
4055,山陽鶴,山陽鶴酒造,1378,広島県,東広島市,西条（東広島）,34,0.2826148438080049,0.5366282868313806,0.43196995802162635,0.466257960140074,0.3343967169984294,0.3410912450727493,,False,6.902979,5.5089397,-1.3166669264373354,0.5580300354561109
4070,KONISHI,小西酒造,563,兵庫県,伊丹市,阪神（伊丹など）,28,0.46830089591023866,0.5345231970082748,0.31642963392525403,0.3076046656264804,0.29560062184559094,0.46135794300409716,,False,1.5609502,9.145136,1.0557625783596516,-0.8712728170461085
4100,尊皇,山﨑,453,愛知県,西尾市,西三河,23,0.26062605984939946,0.4721009403594082,0.27081940033527013,0.36125678830882574,0.5132602329900835,0.49184253331014566,,False,1.3295742,4.1693716,0.9714202099500954,1.8555715036458942
4111,嬉長,上田酒造,1382,奈良県,生駒市,北西部（奈良盆地）,29,0.20300559821633601,0.5634714141344648,0.457222044879845,0.5179112650653787,0.25913744481636286,0.3112111830163762,,False,8.364089,4.9189487,-2.296231568406143,0.38768358119220514
4116,長良川,小町酒造,435,岐阜県,各務原市,岐阜・西濃,21,0.22562490940169275,0.45104225129895753,0.30672446385955254,0.4407286966739835,0.5202624303771757,0.4320412139331182,,False,1.570419,3.3430967,0.21119929038560906,2.428670540755295
4117,能登路,久世酒造店,336,石川県,河北郡津幡町,金沢周辺,17,0.18454667989383863,0.5358529653641942,0.5162854433966471,0.3968209892571475,0.3483725759042156,0.36527128853788743,,False,8.378592,5.514504,-1.7344478737655022,0.7272311890561892
4126,松嶺の富士,藤屋酒造本店,106,山形県,酒田市,庄内,6,0.3796852927660948,0.3451211098306213,0.24433696627366028,0.429135463667254,0.40073151172069654,0.5764433660436431,,False,0.56903297,5.2086596,2.257001510701379,1.7682486506718886
4132,Ohmine Junmai,大嶺酒造,1326,山口県,美祢市,長門,35,0.5149030297316326,0.5612369993332702,0.20731739274400007,0.2572326291123893,0.14285454491025615,0.5388240461753854,89.0,False,-0.00725271,10.090924,1.9875022974356145,-2.294246692952906
4173,多賀治,十八盛酒造,642,岡山県,倉敷市,備中,33,0.4061043091447831,0.5851916625819115,0.2919727125195047,0.28206377040492103,0.27395396378790055,0.5027635611622195,,False,1.772897,9.455751,0.942418754648317,-1.175468886993999
4195,二兎,丸石醸造,987,愛知県,岡崎市,西三河,23,0.3979657541389901,0.5571171802785849,0.31837516138804894,0.3470121259112725,0.24407755528065023,0.49988968189083255,43.0,False,2.1261408,8.236733,0.66190421485241,-0.9345987874189843
4246,柏盛,片山酒造,1390,栃木県,日光市,県北,9,0.23324637230399575,0.6083371823835685,0.3369176653871445,0.4249028293304752,0.3677639577470622,0.3823816759415871,,False,7.207234,6.058278,-1.0358133744339857,0.391267210101504
4247,咲耶美,貴娘酒造,196,群馬県,吾妻郡中之条町,北毛,10,0.528802675212569,0.4136169906829352,0.13644770181191115,0.20488597823178714,0.24671097940634737,0.6540842215961453,,False,-1.734784,9.252583,3.9573355407990496,-0.9253824336699864
4258,苗場山,苗場酒造,1391,新潟県,中魚沼郡津南町,中越,15,0.32579537199508435,0.5374270313276062,0.40453402082221884,0.40184088117262734,0.341959876642389,0.4036943603365274,,False,4.753455,7.0164485,-0.4814478886473673,0.22292092810627454
4261,明蜂 㐂久盛,信州銘醸,397,長野県,上田市,東信,20,0.3094893671090024,0.6140680206729636,0.3194792837304195,0.46683369757012894,0.32462598660261693,0.3189891103715529,,False,6.0239277,7.6241407,-1.1869439636316625,-0.037825939346961976
4264,明石鯛,明石酒類醸造,1565,兵庫県,明石市,播磨,28,0.30817804912815616,0.6139125568829772,0.3807221932089922,0.4528717809457512,0.23994786364543175,0.34716054915574834,,False,6.775323,7.363741,-1.3876967478334215,-0.6360272592854155
4283,千曲錦,千曲錦酒造,1145,長野県,佐久市,東信,20,0.35382373156383584,0.5698908555256602,0.36088767787691717,0.3967263698730202,0.32546590455730495,0.395567182846544,,False,4.583571,7.677912,-0.36737224183853934,-0.1866426665932535
4312,東の麓,東の麓酒造,1368,山形県,南陽市,置賜,6,0.30677462913678083,0.5738362575191304,0.3259373125508808,0.4608534834264121,0.3542434750734229,0.36399419218331663,,False,5.5196543,6.5737257,-0.7492418831557722,0.3857054994458676
4390,泰斗,千代の園酒造,1099,熊本県,山鹿市,県北,43,0.3475601893511821,0.45776426363346673,0.2900839270836473,0.33803096188140025,0.4351191651377166,0.5309533782785467,,False,0.21551938,5.3634706,1.4833118399539367,1.0468252597927927
4439,御慶事,青木酒造,1403,茨城県,古河市,県西,8,0.3860375160382978,0.5504487087858997,0.2866767478668755,0.37651752344070133,0.3505058538348056,0.4485285926326251,,False,2.4591148,8.066264,0.563931932334657,-0.06669850274276212
4611,吉の川,吉の川酒造店,1128,福島県,喜多方市,会津,7,0.2210335190445524,0.430659073710135,0.28667242214410804,0.6094019153863947,0.34347432144788975,0.4406251968524332,,False,4.946454,4.241852,-0.3342382721680238,2.083920790233027
4831,鈴正宗,矢尾酒造,1435,滋賀県,蒲生郡日野町,湖東,25,0.424361289970268,0.6660006863820177,0.28305886298161304,0.3118491321990385,0.20340736165340378,0.3970060772493487,,False,3.1885126,10.347961,-0.052835804664988245,-2.0806961316635584
6558,江戸開城,東京港醸造,1499,東京都,港区,23区,13,0.4597645918981966,0.5171131865789659,0.19905686993127203,0.3069066348131705,0.29049851885167083,0.5504595924213129,,False,-0.279439,8.297528,2.0952037961178727,-0.712581545877715
6574,珠韻,秀鳳酒造場,104,山形県,山形市,村山,6,0.339142268260557,0.6217496853008191,0.3251250570719173,0.399664544420148,0.34103741829664536,0.341562994521353,,False,5.1893377,7.8860016,-0.7771309754006351,-0.33566855200281087
6674,花越路,村祐酒造,1141,新潟県,新潟市,下越,15,0.24733719036481713,0.5417208935514465,0.34486290715663587,0.5878525567855122,0.1844712827704102,0.38318674342089387,,False,5.808307,5.382024,-1.4444215152819881,0.19514174112580102
6705,山川光男,山川光男プロジェクト,1529,山形県,,,6,0.3836860410809917,0.5094281287556562,0.3141963674613889,0.38433113924609996,0.29508279787220176,0.5096708388674815,,False,1.7865865,7.011047,0.8434428520805712,-0.12909923381200308
6839,三好,阿武の鶴酒造,1535,山口県,阿武郡阿武町,長門,35,0.4181320706112589,0.5411677296889378,0.2595173532957652,0.3460665853234382,0.2980898447329918,0.5062945449021343,,False,1.3100487,8.436212,1.1921892784324983,-0.549836119307135
7142,桜顔,桜顔酒造,1101,岩手県,盛岡市,県央（盛岡周辺）,3,0.35695331917372036,0.5471583057853575,0.3086500742319578,0.4256385956218189,0.31049090103758903,0.4476208600004252,,False,3.2999182,6.796932,0.1490964768789902,-0.022090573006987864
7308,水府自慢,明利酒類,167,茨城県,水戸市,県央,8,0.5060672280252366,0.5202005059128554,0.16452080860142054,0.23365670240133635,0.23756559727590493,0.5789537376318362,,False,-0.8411847,9.641584,2.741698166444264,-1.478841853502373
7548,羽水,せんきん,1168,栃木県,さくら市,県北,9,0.3946046978167616,0.6361519472920648,0.3491455548497907,0.25164771000997377,0.1476451206958853,0.48225466542846607,,False,2.8249948,9.945355,0.22666227127186378,-2.3739814118329647
7920,天弓,東の麓酒造,1368,山形県,南陽市,置賜,6,0.4262769018378844,0.5650470749701287,0.2444852045061176,0.4188612747983349,0.33207780674449355,0.39181163018327914,,False,3.3890274,7.9657416,0.4013569473655822,-0.25235742867589783
7946,無想,大洋酒造,258,新潟県,村上市,下越,15,0.35635007085062503,0.3718729940157472,0.19814535143084938,0.29920420734029496,0.5177358624050077,0.5812830137914511,,False,0.050158877,4.030424,2.832429179531571,1.9712567799042782
7994,今西,今西酒造,600,奈良県,桜井市,北西部（奈良盆地）,29,0.39309172928465447,0.5761047415567272,0.2315173657273588,0.4549991877495755,0.22154724274823695,0.4515246248748801,,False,2.8173847,7.7598433,0.327508019211735,-0.7528074112918581
8607,春心,西出酒造,1204,石川県,小松市,加賀,17,0.33307331618061636,0.6444510807544384,0.40755659339584827,0.37200156077509783,0.23976680173051668,0.3343191787966478,,False,8.251273,7.199105,-1.3617854400632192,-1.2217652103108618
8621,吾有事,奥羽自慢,1613,山形県,鶴岡市,庄内,6,0.4648688499322665,0.5256757790029906,0.201047773762351,0.2776096998645175,0.2847488913050745,0.5558710676398952,,False,-0.21605556,8.422832,2.1805927656328725,-0.9265533536514439
8685,上川大雪,上川大雪酒造,1585,北海道,上川郡上川町,道北,1,0.37115276644539374,0.5298237439763767,0.2963837532209746,0.36395905141856455,0.3531002877139014,0.48635695822337427,93.0,False,1.445441,6.4328084,0.79471785660467,0.08520413283923838
8725,燦爛,外池酒造店,1474,栃木県,芳賀郡益子町,県央,9,0.4637312318044762,0.5687044891274857,0.3072087065170792,0.2707839420329036,0.23039360249355212,0.49065894876443034,,False,1.6692501,9.773393,1.104696426610582,-1.602824556980663
9517,岩手誉,岩手銘醸,1514,岩手県,奥州市,県南,3,0.3237046794621483,0.5517649717530815,0.39368885528701886,0.41511805648504774,0.2867795010912716,0.4256927279122157,,False,4.6045585,7.2701306,-0.5061200296936629,-0.15096821489492773
9941,高砂,木屋正酒造,488,三重県,名張市,伊賀,24,0.422960112756172,0.5480777457942323,0.29021350684684755,0.43882642802351957,0.24112426287009503,0.43102448184473946,,False,2.983783,7.607881,0.2837153816371866,-0.6484749558032649
10872,楽器正宗,大木代吉本店,148,福島県,西白河郡矢吹町,中通り,7,0.5063099765097512,0.5290610713193075,0.15970569681424757,0.26041732768768616,0.232780578217198,0.5623474893258693,28.0,False,-0.7358126,9.678678,2.5458365785370116,-1.4676870995289264
12119,農口尚彦研究所,農口尚彦研究所,1629,石川県,小松市,加賀,17,0.23669876400263823,0.5996164709528092,0.54082848542937,0.3468364516928956,0.2747503451789931,0.3100887870126906,,False,9.479159,5.906682,-2.152671762179478,-0.5144157283876377
14134,忍者,瀬古酒造,1436,滋賀県,甲賀市,湖南,25,0.31117435082024797,0.5545387380827183,0.3888695830370893,0.3856740096679825,0.3760169222577584,0.3928162308105504,,False,4.8966146,6.9622803,-0.5122302546072288,0.3304887498638257
14452,WAKAZE,WAKAZE (三軒茶屋),1812,東京都,世田谷区,23区,13,0.40551499021980847,0.547723822810711,0.4564414954203087,0.28066584786664756,0.12797810583042057,0.48173193184641133,,False,3.8318992,9.648486,0.07879982067589868,-1.923987419339066
14953,神川,上川大雪酒造,1585,北海道,上川郡上川町,道北,1,0.3337192881936708,0.5303516448166073,0.25330246133171663,0.4819986911350181,0.4030160936301815,0.38529433246587097,,False,3.5053468,5.2650337,0.0016381205097075518,0.971014007242811
14995,倉本,倉本酒造,1550,奈良県,奈良市,北西部（奈良盆地）,29,0.50500302543395,0.5285278958637257,0.2619757822640577,0.23884263745502188,0.21098359535040828,0.5435430195762788,,False,-0.3247823,9.711525,2.01999017219922,-1.7173048811752323
15162,土田,土田酒造,189,群馬県,利根郡川場村,北毛,10,0.16897637245460767,0.6474886382831466,0.5474019498852345,0.4283104513123259,0.1195939222671139,0.23410255265921504,,False,10.700598,5.5880337,-3.53037890304225,-1.2439730581903758
17000,花笑み,大地酒造,1837,大分県,佐伯市,南部,44,0.4358449776131599,0.5447051864650899,0.30678312064036367,0.4461332829086827,0.24463197057734046,0.40042455602790467,,False,3.0610085,7.7052526,0.09975051468145887,-0.6342886768486641
18590,揖斐川,杉原酒造,1280,岐阜県,揖斐郡大野町,岐阜・西濃,21,0.21039627877573405,0.6932242212519699,0.508446162807134,0.39750718256527023,0.12032153712479969,0.21015911111957827,,False,10.671743,5.638298,-3.4239986712642474,-1.7730631414643279
19567,光栄菊,光栄菊酒造,1836,佐賀県,小城市,東部（佐賀平野）,41,0.5259385792443705,0.49560416064811313,0.16767291478126556,0.22954114751401627,0.14913598555068658,0.6121439698888007,23.0,False,-0.87267697,9.721303,2.998322744111913,-1.9641334279995941
20824,風翠,五十嵐酒造,875,埼玉県,飯能市,西部,11,0.38928658204583805,0.2997585668515775,0.15329398615830825,0.31610435889411803,0.5421429042541803,0.5841753316435357,,False,0.025885625,3.902891,3.5043575031168097,2.535416574229893
23993,会津士魂,名倉山酒造,125,福島県,会津若松市,会津,7,0.33580031083947925,0.6332491339984399,0.3354478551278265,0.2910384126929261,0.35760348140981607,0.40140355559117447,,False,3.3245254,9.029732,-0.2166306113931438,-0.6846550619180298
25669,WAKAZE,WAKAZE,1848,その他,,,0,0.5449549937092967,0.5741735879618747,0.44709749632114676,0.20963835343853027,0.15128738214912085,0.3265217653873894,,False,2.5786054,10.531988,0.020451982197496485,-2.7100886545964338
27164,ハナグモリ,木花之醸造所,1841,東京都,台東区,23区,13,0.41317993998917935,0.4482139917529004,0.33201062725337,0.17736357989380525,0.290225342313504,0.6344027974280663,,False,-0.76174664,8.025872,2.468934751099204,-0.6294163122702117
27502,天賦,西酒造,1844,鹿児島県,日置市,本土,46,0.44921816809417225,0.6182602820145197,0.27392456049196695,0.37036723113453796,0.2195530732828645,0.39439467340534706,,False,3.1288047,9.876948,0.1359788286338656,-1.558673679940988
27505,若葉,若葉,1256,岐阜県,瑞浪市,東濃,21,0.20883688243165968,0.5076968128041338,0.5510219270652001,0.49802422851348427,0.24373778761897308,0.2959217758095198,,False,9.211783,4.7124653,-2.4721940743989412,0.508879928975655
27560,どぶろく,東京駅酒造場,1845,東京都,千代田区,23区,13,0.5143208144214803,0.43877485270671357,0.14905763170565844,0.3425098833734338,0.19079735093053848,0.6058183734294734,,False,-1.1061443,8.859401,2.9638611086094233,-0.8927916321101641
30227,天美,長州酒造,1850,山口県,下関市,長門,35,0.548730541543422,0.49777800560273855,0.15307010826758943,0.2528540765685036,0.18916840884283967,0.5726792478596799,40.0,False,-0.9412309,9.734351,2.919898619912517,-1.7231580410699032
31938,森嶋,森島酒造,159,茨城県,日立市,県北,8,0.42769714877505294,0.4333988396345462,0.20999780228345105,0.3718621568568299,0.34617820071305244,0.5718572439150349,87.0,False,-0.49608213,6.879445,2.283047798182219,0.5064224428335266
31939,天下錦,福持酒造場,1460,三重県,名張市,伊賀,24,0.3893043048181151,0.5833289164322277,0.3591503634464827,0.3755909642135586,0.2181219994238288,0.4365028876294256,,False,4.056985,9.180513,-0.13413039738950017,-1.1452615891609434
32118,彩來,北西酒造,1673,埼玉県,上尾市,県央・さいたま,11,0.5171564335052707,0.5495289900595528,0.21328467345497418,0.29858876505336723,0.17714919343657248,0.5143342036906728,76.0,False,0.18087077,10.1109915,1.8094094394561435,-1.8704069360338227
32457,天花,大納川,879,秋田県,横手市,県南,5,0.46971005727391724,0.5246845769144163,0.2755231706887797,0.33680526686211576,0.27504700676872784,0.4889549013344455,,False,1.2650188,8.812055,1.318490215101413,-0.8202566644037966
33447,菱湖,峰乃白梅酒造,1596,新潟県,新潟市,下越,15,0.4350841495920877,0.5048194991599695,0.20934304864073644,0.2906518866246129,0.3836801553790963,0.5294766880583466,,False,-0.19982016,7.593924,2.0659033096482364,-0.026419260342857905
34324,雅楽代,天領盃酒造,1152,新潟県,佐渡市,佐渡,15,0.4604130555214306,0.403170456339425,0.16947837168258453,0.3234595651328661,0.29933495716066505,0.634446984481745,67.0,False,-1.3795817,8.26932,3.1631634422126993,0.12930510857423883
35681,郷宝,箱館醸蔵,1857,北海道,亀田郡七飯町,道南,1,0.3359978372153093,0.5484547688256329,0.29634139458852915,0.40539105857492785,0.36234894445427196,0.45038420251242833,,False,3.1922219,6.3885374,0.2575261705969329,0.3032261627020162
36653,長瀞,藤崎摠兵衛商店,1607,埼玉県,大里郡寄居町,北部,11,0.42434020976016207,0.5720495455159934,0.3018524344181992,0.3928670951370668,0.23154731862981498,0.4400239726257645,,False,2.8067877,8.905047,0.30379383611651856,-1.0331948949816985
36678,十一正宗,森戸酒造,1329,栃木県,矢板市,県北,9,0.5974204794985208,0.3078151254151509,0.12892812870557907,0.3618490798769919,0.403436550265452,0.48787329315302314,,False,-0.8963835,7.8208,3.6100549910468875,1.0260299975017633
37710,十勝,上川大雪酒造,1585,北海道,上川郡上川町,道北,1,0.3209737815101974,0.555982764359632,0.371277812150235,0.428377167478402,0.32388597087966586,0.4019983380233284,,False,4.8866525,6.9341307,-0.5527621895764381,0.1207781333638524
37850,楽の世,丸井合名,1670,愛知県,江南市,尾張,23,0.19324957592864844,0.6534708550976963,0.6171564839793892,0.30510250235213193,0.12392739648998155,0.21518080927713593,,False,11.046813,5.590815,-3.477704185599474,-1.8148234657392472
38872,福和蔵,井村屋,1858,三重県,多気郡多気町,伊勢志摩・南勢,24,0.4876597676719236,0.6101272808053261,0.19387633583876668,0.28170982239762676,0.22674887660318138,0.4707113144347506,,False,1.3702345,10.271155,1.3823831739778576,-1.8857114006204014
39164,HINEMOS,RiceWine,1859,神奈川県,小田原市,県西,14,0.5071028964288989,0.4962208788787294,0.23605930921258847,0.1932267718378691,0.2243646972383447,0.5943159022023391,,False,-1.0050865,9.529156,2.723854535834858,-1.589748658415197
40392,わ,男山酒造店,1861,福島県,大沼郡会津美里町,会津,7,0.42430288364491764,0.47108908257567267,0.29658942206073646,0.5318806361476552,0.2297981166900071,0.41757953540276443,,False,4.277138,5.2893806,0.24382608991056443,0.08977401635671822
40606,Islander,Islander Sake Brewery,1866,その他,,,0,0.3826964687114623,0.0,0.8544868645747976,0.07623018378310134,0.0320154571298403,0.34140823172570134,,False,11.000237,4.95555,0.5661376025261258,0.10370339092501557
41721,ゆきのまゆ（醸す森）,苗場酒造,1391,新潟県,中魚沼郡津南町,中越,15,0.5119222763676429,0.5206843373880937,0.2062184235582196,0.22907385487330018,0.14688463507642896,0.5918170650922512,,False,-0.7160515,9.817272,2.540206507186618,-2.1028749769885997
42112,よこやま,重家酒造,762,長崎県,壱岐市,離島（壱岐・対馬）,42,0.5131406360140068,0.5710506474940329,0.2107014087147607,0.28334182403636143,0.2406501333721035,0.47749103247405417,69.0,False,0.828204,10.064007,1.6411658618511342,-1.6489416382180975
42260,七力,盛田庄兵衛,15,青森県,上北郡七戸町,南部（県南）,2,0.31805148215026335,0.5052425089172139,0.2745199920618693,0.3271916168005256,0.5006174446206463,0.45884622247585655,,False,1.2814689,4.5029354,0.9545305314903316,1.2329122387517877
43675,生粋左馬,有賀醸造,1440,福島県,白河市,中通り,7,0.41210427685444534,0.4473652006133955,0.19717140554179866,0.36646428388588104,0.26577333779692336,0.6214711100826599,,False,-1.1714908,8.204171,2.3846024429400714,-0.0380578308057963
43968,飛鸞,森酒造場,1792,長崎県,平戸市,県北,42,0.4903407177617768,0.4853795704488474,0.18446471564083589,0.29054689834189895,0.22244589824493427,0.5966956879324754,56.0,False,-0.8449854,9.185242,2.6421073815428264,-1.1014727110610787
43969,フィランド,森酒造場,1792,長崎県,平戸市,県北,42,0.6476684389272872,0.5144546990430322,0.2642889449084315,0.19492469447083507,0.03946719183329667,0.4543787117630703,,False,-0.46615487,10.109186,2.123688341570439,-3.3817567845365653
44077,千利休,利休蔵,1465,大阪府,堺市,泉州,27,0.31634261871567443,0.5808501217214885,0.34068539777393514,0.4047732122388544,0.262594136748391,0.46225199774913195,,False,3.9408262,8.085337,-0.24006910280771177,-0.4708969774028578
45799,産土,花の香酒造,1140,熊本県,玉名郡和水町,県北,43,0.5304777434140392,0.39275305755458834,0.19496106637510652,0.25603683109610764,0.15834044719116264,0.6600772879196178,25.0,False,-1.7125397,9.149399,3.55248915248608,-1.1937398612279164
45805,吉田蔵u,吉田酒造店,329,石川県,白山市,加賀,17,0.4610845321904814,0.42725958404485487,0.18564645209262465,0.33630668409141473,0.19118153486571748,0.6486394466911098,,False,-1.3308754,8.771524,2.8750543279983276,-0.6594582589378212
46410,黒田武士,大里酒造,1520,福岡県,嘉麻市,筑豊,40,0.38195272646470824,0.5649745054457026,0.29754371003122043,0.297685503900557,0.36199780862986713,0.4761560572733081,,False,1.1826893,7.9747715,0.8371856094326888,-0.3575531442412442
46682,敷嶋,伊東,1871,愛知県,半田市,知多,23,0.3486578850044536,0.5206189775501142,0.3843865834967213,0.3271039229802041,0.352951101912245,0.4775657620647714,,False,3.5915015,6.8767343,0.4162533575745267,0.054965857215060386
48330,日日 武者修行,日々醸造,1880,京都府,京都市伏見区,伏見,26,0.5253711114269567,0.48303783025488545,0.19126183315984965,0.32976072485204505,0.16960226418479193,0.5626468673381523,,False,-0.6018933,9.05667,2.3981947471043714,-1.4082884615771307
49330,W (ダブリュー),渡辺酒造店,431,岐阜県,飛騨市,飛騨,21,0.48411251954315765,0.6121285181320564,0.33111243750059893,0.29576470379984615,0.21319825566209982,0.3851857256081376,,False,3.031234,10.388201,0.22826799356695177,-1.9800299414826918
50048,稲とアガベ,稲とアガベ醸造所,1883,秋田県,男鹿市,中央（秋田周辺）,5,0.6148723351946116,0.464759638296713,0.25612801451292655,0.15257422883228167,0.15392846890630862,0.5416235421034559,,False,-1.0259032,9.838763,2.990174149055494,-2.3825234509065676
50495,志賀泉,志賀泉酒造,407,長野県,中野市,北信,20,0.4896728337152654,0.5582914480842246,0.17324838561949138,0.3544182080425952,0.23501555217458006,0.4875157390705192,,False,0.6058484,9.325805,1.5950109115770146,-1.246853974773121
51069,日日,日々醸造,1880,京都府,京都市伏見区,伏見,26,0.4732282594337157,0.37545114456104745,0.16367341482698972,0.38542011943932375,0.1937122046981877,0.649791796718266,,False,-1.4190948,8.668842,3.1224705558042256,-0.17758269400363078
51338,富士大観,森島酒造,159,茨城県,日立市,県北,8,0.441657020038076,0.4985640756775952,0.20524806510580662,0.3041407858670585,0.3639961869812994,0.5378209080171551,,False,-0.26199943,7.5719905,2.116363463244203,-0.08393790965349705
52815,寿々兜,望月酒造,1884,滋賀県,甲賀市,湖南,25,0.20067817823392872,0.6227320425905453,0.5296636803126317,0.35840612851123915,0.2692084850522547,0.3007678445094359,,False,9.715252,5.816185,-2.4495564257480074,-0.5151491600911239
53059,le lac,白馬錦酒造,399,長野県,大町市,中信,20,0.36444875235403806,0.5697282404522537,0.304738222471576,0.3101847572401027,0.36158891913003355,0.47197491950515863,,False,1.5462358,7.8922687,0.6485398082961726,-0.28392265326651267
53060,羽田,羽田酒造,1139,京都府,京都市右京区,京都市街,26,0.31860292453873784,0.4400566633450112,0.25773530588233606,0.3303074240763809,0.4923042332309904,0.5356756193496487,,False,0.23236108,4.55684,1.7174949953542122,1.607969875476825
53486,金雀,堀江酒場,1072,山口県,岩国市,周防,35,0.5404279470527891,0.5987667371947317,0.22256922699046908,0.2541164618004729,0.17567354423379486,0.45215328968027363,,False,1.1453831,10.508152,1.448497284586773,-2.438348368527815
53566,初桜,安井酒造場,1450,滋賀県,甲賀市,湖南,25,0.34844470669435385,0.5998592316618647,0.44650783862329285,0.4211427332229002,0.19429250546156013,0.32291664433672834,,False,8.131502,7.174349,-1.5387613328631407,-1.1228979530721044
55585,真上,村井醸造,1891,茨城県,桜川市,県西,8,0.391429076735179,0.5915267652215122,0.2933592424107581,0.31238785604322405,0.29168221348403833,0.4776557678273915,,False,2.051084,9.113889,0.6423062265865201,-0.9431638298583178
56450,湖濱,佐藤酒造,1237,滋賀県,長浜市,湖北,25,0.27855371743189494,0.5906506053313693,0.47500949027169215,0.27951591911916995,0.3265423164222964,0.4039141488273381,,False,8.529815,6.345412,-0.8757173112131674,-0.5011581213393205
58195,無窮天穏,板倉酒造,1057,島根県,出雲市,出雲,32,0.14633271916703763,0.5765975953040454,0.3853713437672097,0.6625182164410156,0.10780093498341124,0.21693189506005373,,False,8.471577,4.0384345,-3.3968177325710984,0.11954627512721021
58582,紫宙,紫波酒造店,937,岩手県,紫波郡紫波町,県央（盛岡周辺）,3,0.4565066335522536,0.5782638155610231,0.22997573167561156,0.33031150607082094,0.22084709223755133,0.4964319558442097,,False,1.1012112,9.47333,1.211143135420449,-1.4492481804056763
59656,善吉,中善酒造店,405,長野県,木曽郡木曽町,中信,20,0.41547576876428993,0.5374676084481909,0.21217341187508623,0.4339318215103076,0.2910939171108015,0.4695299824652584,,False,2.0693915,7.263123,0.9368147881065726,-0.22593101918874312
60003,八恵久比岐,頚城酒造,304,新潟県,上越市,上越,15,0.37673371647501297,0.44454980793952054,0.25345896320344824,0.4942406895114732,0.3197715602579154,0.4996779154466753,,False,3.894833,4.884109,1.0284152272355753,0.8775683322877131
60496,彌彦,弥彦酒造,1239,新潟県,西蒲原郡弥彦村,下越,15,0.37226646121830786,0.3616808874212102,0.2401751725293603,0.5497813837470253,0.4270058490895568,0.4339665182421438,,False,3.917244,4.527418,1.0810763120908622,2.287180425363564
61442,UGO,相原酒造,660,広島県,呉市,安芸（広島湾岸）,34,0.5910618476718175,0.4943444058289767,0.12713857845431586,0.21421278738260435,0.1933356426696066,0.5539309465233861,,False,-1.0117905,9.717285,3.2591202922106906,-1.9585180605408903
61817,宣機の一本,白瀧酒造,243,新潟県,南魚沼郡湯沢町,中越,15,0.4371507666824138,0.5017904317373572,0.24981358510825527,0.5798449584690795,0.25763821173984536,0.3034816608802928,,False,4.7435055,5.3267355,-0.3413613489847345,0.21400881042155936
62277,田中仙禽,白糸酒造,730,福岡県,糸島市,福岡地域,40,0.431492691206356,0.6168666915370224,0.27297607064362894,0.36876678809544294,0.1830500066985005,0.4350601776870394,,False,3.088658,9.849996,0.24377320131704427,-1.7169408090726268
62279,イットキー,玉川酒造,303,新潟県,魚沼市,中越,15,0.5197996672012062,0.6241867670007435,0.3563991875878598,0.23808836104506495,0.11821971811482787,0.3775140203344952,,False,2.486374,10.577191,0.2268872048623363,-2.9961860515796457
62280,笹の川,笹の川酒造,146,福島県,郡山市,中通り,7,0.26273203202361756,0.5710050140698867,0.3852672506348028,0.49567872989373996,0.3275438535881242,0.3217326833749717,,False,6.4394736,5.934188,-1.5488750671204403,0.49800857129093506
64236,奥出雲前綿屋,田部竹下酒造,1896,島根県,雲南市,出雲,32,0.38191219069680765,0.5728679022663856,0.309788610668472,0.37727026085485604,0.326287949884485,0.425675681575613,,False,3.0165462,8.26485,0.18495156145750416,-0.3508787446513057
64513,越路乃紅梅,頚城酒造,304,新潟県,上越市,上越,15,0.450059460358781,0.5580014453931378,0.2852216843750853,0.27214503479312474,0.2955373711263055,0.49327903072011137,,False,1.5696974,9.4443,1.290713854759108,-1.0647813371699526
64670,十石,松山酒造,1898,京都府,京都市伏見区,伏見,26,0.4584974140161856,0.48559652615105153,0.20707479244527746,0.4654539628022765,0.29091900018746975,0.45805557447304024,,False,2.1774495,6.620519,1.220822177892147,0.05519738125891139
66004,八甲田おろし,鳩正宗,1763,青森県,十和田市,南部（県南）,2,0.2546588884098169,0.41071053877188746,0.2013227744355473,0.6904961104463903,0.3767299795697124,0.32745150532707373,,False,4.950262,4.0629425,-0.5129452825644264,2.6190686502401714
66005,佐藤企,鳩正宗,1763,青森県,十和田市,南部（県南）,2,0.24637929317424778,0.5131593491823911,0.32890177731104364,0.4889320881478217,0.4139716461297901,0.3966878325627115,,False,3.985222,3.731723,-0.5683240260963721,1.4614945829972934
66397,雨降,吉川醸造,1144,神奈川県,伊勢原市,湘南,14,0.4530574626128922,0.5050674330293698,0.28106627457638556,0.26502116610731996,0.3761153179300518,0.4989475143671276,,False,-0.049886428,7.590745,1.724924464856566,-0.26460033273938705
66443,豊久仁,豊国酒造 (会津),137,福島県,河沼郡会津坂下町,会津,7,0.40661164508890674,0.5403012389134675,0.4981505549718125,0.281237788193627,0.18300160580334388,0.42661842980970055,,False,4.0167856,9.678361,-0.2894989277541117,-1.555148614198212
66665,IWA5,白岩,1900,富山県,中新川郡立山町,呉東,16,0.5022781825894023,0.5218609346540277,0.4664171335902043,0.30929834786877963,0.10855796792986738,0.3877918891297114,,False,3.7175653,9.719877,-0.05000930287595269,-2.141996883789124
66997,帆波,魚津酒造,314,富山県,魚津市,呉東,16,0.4461129523299079,0.5465342790424239,0.2290328018267207,0.359280969917966,0.19644087287928214,0.5311832634785333,,False,0.7216721,9.296533,1.3793537742765225,-1.2592852027899466
67217,りんごぽむぽむ,八戸酒類,14,青森県,八戸市,南部（県南）,2,0.39121530648201863,0.06663766947349033,0.0,0.08114083480334157,0.8780060864841721,0.25501270949795346,,False,-0.13261434,3.0503418,4.789629272864308,5.314433769151609
67218,あおりんごぽむぽむ,八戸酒類,14,青森県,八戸市,南部（県南）,2,0.42415079027230795,0.09063886038481621,0.046843877827222456,0.03206520183226034,0.7607614469198966,0.4794790912244542,,False,-0.11961248,3.0860803,5.762781147530751,4.116475559559036
67374,稲村屋,鳴海醸造店,1188,青森県,黒石市,津軽,2,0.38348823778543945,0.5076126414511289,0.3279038216599338,0.41360674440571144,0.41355717372025985,0.38163488638573856,,False,2.3831253,5.2098026,0.1832990180279169,0.718951661247342
67760,五稜,上川大雪酒造,1585,北海道,上川郡上川町,道北,1,0.4167353008282709,0.6214830545380335,0.25798377717506427,0.267714943031491,0.33791786307999216,0.43321484250799863,,False,2.1115978,9.573278,0.7368065608541752,-1.081208621102104
67908,翔空,LAGOON BREWERY,1902,新潟県,新潟市,下越,15,0.5523994792156453,0.6299006360666434,0.2568175150006363,0.13187217737918555,0.12436194835187173,0.4463951194507159,,False,1.3305944,10.647824,1.489753449085018,-3.4494368112775873
68118,龍水泉,市野屋,385,長野県,大町市,中信,20,0.4534443355931438,0.47777181066975327,0.1985954502346703,0.2940706356076957,0.35625490607544297,0.5597205389874393,,False,-0.504405,7.776093,2.4284910155954766,-0.07781407784761758
68505,岩豊,新潟第一酒造,291,新潟県,上越市,上越,15,0.19209650887943855,0.7152907641240493,0.4997613609094876,0.32849211146282936,0.1525959482894421,0.26552597885969687,,False,10.598354,5.742936,-3.0173438175252882,-1.8857271533526263
69046,七歩蛇,河津酒造,1540,熊本県,阿蘇郡小国町,阿蘇・県東,43,0.38525100641192744,0.5547006772157377,0.31458988076440686,0.4518200220260378,0.25175039230160523,0.42119168480397867,,False,3.2748463,7.5073,-0.09158530672594631,-0.4490758579243395
69047,浦里,浦里酒造店,153,茨城県,つくば市,県南,8,0.4534072870376265,0.5700877660721574,0.2256277720253134,0.35792896688613346,0.1848900245890101,0.5061782423200647,,False,0.8127481,9.400782,1.1742595799664057,-1.5097482525889057
69049,彗,遠藤酒造場,402,長野県,須坂市,北信,20,0.4073434804295036,0.5688643161823949,0.2718662359963791,0.40219100909662137,0.3205410970830759,0.41478816971280136,,False,3.2612677,8.024441,0.3381247285969412,-0.3497845736591392
69487,三光天賦,三光正宗,1421,岡山県,新見市,備中,33,0.0734858284660212,0.4650755081863433,0.6857479323189651,0.5313387955280686,0.08595028286056403,0.13544744834477812,,False,11.179068,4.965843,-4.568320590722681,0.3535668585133115
69509,ゆうま,七曜酒造,1903,福岡県,遠賀郡岡垣町,北九州・京築,40,0.5220431284525529,0.337325203578267,0.10333329604811639,0.1735190918101893,0.14976728583225776,0.7419338204085255,,False,-1.8312492,9.17375,4.873940295474096,-1.1212435121686275
69950,鏡野,アリサワ,714,高知県,香美市,東部,39,0.5322617814722088,0.5222962198564968,0.13134212217033583,0.07587660150115752,0.1982867799608531,0.6177203217385907,,False,-1.0331526,9.764332,3.644558173215287,-2.3818812304254235
69951,narai,杉の森酒造,1904,長野県,塩尻市,中信,20,0.5045243024933906,0.558287594568902,0.20345438698320692,0.29480222722283583,0.12407405966471234,0.538584976493113,,False,0.08981096,10.080768,1.8322536800974754,-2.218500260671217
69954,川中島幻舞,酒千蔵野,387,長野県,長野市,北信,20,0.3725571015018376,0.6262772709339001,0.35694300641793353,0.40403725241183147,0.23424658567848197,0.35135752726095765,,False,5.1619945,8.992374,-0.9048191989120911,-1.1509434355643766
70448,阿武の鶴,阿武の鶴酒造,1535,山口県,阿武郡阿武町,長門,35,0.4861174481892031,0.5153668160582945,0.17070310769477395,0.3749685956129416,0.33138999529165303,0.46746822760478207,,False,0.8765246,7.1729026,1.7466965400831005,-0.2890708864308822
70449,讃岐くらうでぃ,川鶴酒造,692,香川県,観音寺市,西讃,37,0.273203970475347,0.5098479653615495,0.15950271279426093,0.24494061004763507,0.022085463894768058,0.7612423117368811,,False,-1.3752483,9.077256,2.4993244510925505,-1.8525527352059887
71579,杜來,六花酒造,921,青森県,弘前市,津軽,2,0.39832806664008497,0.5040279642574067,0.2534161456951297,0.3467189654407454,0.4239646153911278,0.4723460421918269,,False,0.8758845,6.2578588,1.2953090471987316,0.5457638371271163
72187,日本魂,江井ヶ嶋酒造,565,兵庫県,明石市,播磨,28,0.09547354324637358,0.572291768330093,0.7116551409649983,0.36194707541450805,0.09546695793732049,0.12959270550754362,,False,11.261292,5.016634,-4.582123889668364,-0.9590598682708441
72735,山三,山三酒造,1425,長野県,上田市,東信,20,0.4663954880078006,0.5009009419540789,0.22767841535582495,0.31799292986917477,0.24481937750349292,0.5645174959632012,,False,-0.41841197,8.878157,2.048006451228408,-0.8925013899766774
72736,真田六文銭,山三酒造,1425,長野県,上田市,東信,20,0.26115644598688864,0.3879757621640239,0.30812046761948775,0.3600052603703232,0.5037794225461167,0.5503965861553716,,False,0.41112754,3.995901,1.494821856622108,2.3031649574623434
73784,つきよしの,若林醸造,1321,長野県,上田市,東信,20,0.5223349373343936,0.5269085349667192,0.23680402202270173,0.33552376050426586,0.2890684756914667,0.44420793179710416,,False,1.2604626,9.132523,1.4904631097632768,-0.9289488369950308
76068,船中八策,司牡丹酒造,719,高知県,高岡郡佐川町,中部,39,0.1573111151226154,0.27036148312255204,0.16156453216489855,0.24933252808215828,0.7896880491981917,0.43621194257230606,,False,0.008438408,3.1545587,2.4205587321437214,4.876266374842499
76070,花芽実,大田酒造,476,三重県,伊賀市,伊賀,24,0.46151097700411864,0.47172805040097815,0.17375468169773753,0.3918501220143187,0.3130174305044485,0.5317547792314334,,False,0.54682946,7.0451636,2.0933868529804496,0.0210615118298851
76668,大号令,馬上酒造場,1677,広島県,安芸郡熊野町,安芸（広島湾岸）,34,0.24970688660314577,0.6208690459781468,0.4440078725326435,0.3682204184334184,0.3056189910249609,0.35501530027843636,,False,8.415625,6.255509,-1.5555857139046867,-0.3848971412368533
76670,La Jomon,秀鳳酒造場,104,山形県,山形市,村山,6,0.42702582981098897,0.5870510376651106,0.33780466014923305,0.3814266400739789,0.18307516330635817,0.42415237150608953,,False,3.7059095,9.527066,-0.02647846595995505,-1.4960509471206378
78228,髙龗,高千代酒造,285,新潟県,南魚沼市,中越,15,0.4802593514926036,0.49984405734180176,0.1954738729865377,0.31666518057588805,0.2976371742813392,0.540769927529529,,False,-0.43065074,8.439676,2.204612232198093,-0.598777494000236
79465,死神,加茂福酒造,1069,島根県,邑智郡邑南町,石見,32,0.10431199749407546,0.5711522666722477,0.7460979027005691,0.24527062295786428,0.15631099171033874,0.1471435028268438,,False,11.128461,5.119063,-4.159462527710082,-1.037240676530939
79489,Re:vive,平六醸造,1915,岩手県,紫波郡紫波町,県央（盛岡周辺）,3,0.3847972049223041,0.5816355749639659,0.38173510990783255,0.4222976473088804,0.12128560548777848,0.41816739933048525,,False,4.4643836,9.177947,-0.6122510707689721,-1.564246853038583
79490,layer,平六醸造,1915,岩手県,紫波郡紫波町,県央（盛岡周辺）,3,0.39545253664691465,0.6907232745748512,0.5075119560379177,0.21427918770327842,0.1741119133830192,0.1808859724633438,,False,10.909945,5.9525504,-2.1529588729303146,-2.759541834006127
80602,比翼鶴,比翼鶴酒造,1157,福岡県,久留米市,筑後,40,0.15058893267692788,0.5898952139512654,0.4445808661353604,0.5814997216477157,0.25829648722293563,0.16381532831474685,,False,8.8411,4.2179165,-3.5404039479028597,0.6419305878314177
80603,七曜,七曜酒造,1903,福岡県,遠賀郡岡垣町,北九州・京築,40,0.4080537731742556,0.5120651380080224,0.22930213504209881,0.43112640433620913,0.2519163407505677,0.5190087901444334,,False,1.8742113,7.1376667,1.1633942184665031,-0.3000744975548972
81363,尾州壽,藤市酒造,834,愛知県,稲沢市,尾張,23,0.24644685402001712,0.6243252491794815,0.42858043006775004,0.5013693876183534,0.14538316921834457,0.3054393845115333,,False,7.241999,7.0016723,-2.3951564253220194,-0.9104845792350303
81523,本老の松,東飯田酒造店,1447,長野県,長野市,北信,20,0.41568247292032307,0.6524849391795138,0.32929513644601904,0.2817167923804373,0.25295922633022994,0.38688949025404906,,False,3.438908,10.335053,-0.12981177180270828,-1.7829631799969445
81583,まるいし,丸石醸造,987,愛知県,岡崎市,西三河,23,0.3684899296119456,0.5479819305729774,0.33087252620812124,0.4880850083855141,0.1909057994414299,0.4240074849217797,,False,5.360766,6.838667,-0.37976435653957774,-0.6014977470185228
82385,福無量,沓掛酒造,1439,長野県,上田市,東信,20,0.3857182559154622,0.5721269180375688,0.25964314520034965,0.41596939569335645,0.35576841210540877,0.39607569056347947,,False,3.3371751,7.864846,0.1941062542030134,-0.016564511021425855
82386,互,沓掛酒造,1439,長野県,上田市,東信,20,0.3411824106550801,0.528619496162396,0.36322558395799226,0.3582896000085749,0.3834911105036344,0.4436060152718433,,False,3.5800188,6.825983,0.20836055089538613,0.34295670429479064
82624,山縣,山縣本店,1388,山口県,周南市,周防,35,0.2454223679111802,0.4443644622409175,0.36347478909190556,0.38089704668478114,0.5623554853162538,0.38583404681590355,,False,1.5571074,3.2665088,0.06929190776659008,2.4210231011306798
82625,防長鶴,山縣本店,1388,山口県,周南市,周防,35,0.38041478368509757,0.49317302462538654,0.2832806494158522,0.31443489265019575,0.4778106822266288,0.45237670589497053,,False,1.1152955,4.7561774,1.2044815537960925,0.8870979141433235
82742,LIBROM,LIBROM,1897,福岡県,福岡市,福岡地域,40,0.5627153473488897,0.5037205295031759,0.2437949106984357,0.17285405915261293,0.10533359255860654,0.5737659941524618,,False,-0.75436836,9.881985,2.6900259225732377,-2.6597444977631044
82917,からはし,ほまれ酒造,149,福島県,喜多方市,会津,7,0.42083348254304337,0.6448632259665616,0.25753880145922436,0.34741109446178725,0.2504686880853513,0.39660475696000635,,False,3.208812,9.89396,0.09271612191876656,-1.5034371154188535
84876,セトイチ,瀬戸酒造店,1762,神奈川県,足柄上郡開成町,県西,14,0.3796233064415187,0.5110031230273795,0.2788155798404958,0.5003666044660376,0.2952308046513902,0.42366951627524746,,False,4.207931,5.6186795,0.16797058165049755,0.30645731708886276
86768,N-888,新潟銘醸,276,新潟県,小千谷市,中越,15,0.5080707469638248,0.5908704171257431,0.3048471229818278,0.3107682829592529,0.19089125494151646,0.408396989396818,,False,2.7587857,10.326989,0.5904249892126326,-2.0084926104465115
88375,アルゴ,月桂冠,526,京都府,京都市伏見区,伏見,26,0.3745483170928767,0.38236084414337873,0.23292968699843958,0.3285776369077546,0.23949540173465397,0.702805942644012,,False,-1.6319741,8.713268,2.882807301225036,0.19525672247074588
90474,甍,甍酒蔵,1923,長野県,北安曇郡松川村,中信,20,0.4497246265154284,0.4957258699388265,0.22166309557948508,0.34872604072062535,0.33791194548506337,0.5167927629706983,,False,0.26041806,7.1878653,1.8043388353434546,-0.10643552649458837
91737,MIYOI,足立農醸,1925,大阪府,高槻市,北摂,27,0.6586194175637299,0.442078056695929,0.16469330144597644,0.2213299786641146,0.09122002732089567,0.5351219657376313,,False,-0.9569635,9.885722,3.3626532365128874,-2.506233675966874
91738,山に雲が,川澤酒造,1926,高知県,吾川郡いの町,中部,39,0.5487836763138958,0.5366441013606215,0.1344484918168984,0.2556977157436693,0.2675424109230199,0.5057795217833412,,False,-0.14792478,9.848244,2.5654928368808667,-1.461680211108332
94340,S風の森,油長酒造,589,奈良県,御所市,北西部（奈良盆地）,29,0.4646924661818919,0.52060128126812,0.285927825692099,0.357879315347711,0.16516789903354726,0.5252832160709775,,False,0.4682911,9.204469,1.2524999287141287,-1.3895320484765268
96015,喜平 静岡蔵謹醸,静岡平喜酒造,1082,静岡県,静岡市,中部,22,0.6013060760538692,0.43098284997791375,0.19178161269405797,0.3407265190804428,0.226622825835368,0.49844972962556316,,False,-0.7428577,8.847904,2.6568052663064097,-0.9673815651945774
101142,理八,田部竹下酒造,1896,島根県,雲南市,出雲,32,0.5437639656702365,0.5520642293977807,0.15896991112246409,0.28031318939007993,0.21437844001230807,0.49974073671012503,,False,0.31767505,10.108286,2.18386176147267,-1.7941678082485095
101451,KAWABU,河武醸造,1612,三重県,多気郡多気町,伊勢志摩・南勢,24,0.4814627783815254,0.5814844149838256,0.2271675012219704,0.24289926916950833,0.18095964522330477,0.535460499374324,,False,0.17416553,10.034572,1.74070235346257,-2.12075833618264
101454,鉾杉,河武醸造,1612,三重県,多気郡多気町,伊勢志摩・南勢,24,0.31837809360541885,0.5889692661953887,0.35641270719492224,0.5282851803830984,0.18875491729175714,0.33167291798579224,,False,6.683822,7.0438833,-1.5013757406462078,-0.5556943906790307
101781,回,男山酒造店,1861,福島県,大沼郡会津美里町,会津,7,0.37727955672498575,0.5021906836549387,0.18201402551203535,0.4269052096783665,0.37575686362329314,0.4988930438820966,,False,1.4095978,6.2752404,1.36552216880928,0.6525833580363049
102370,会津男山,男山酒造店,1861,福島県,大沼郡会津美里町,会津,7,0.5183738405893777,0.5696196190758458,0.3150066023378028,0.27400215246695797,0.17640364783144308,0.44877328899493807,,False,1.9424584,10.302554,0.9937632127175282,-2.1386556545022466
102795,奥六,岩手銘醸,1514,岩手県,奥州市,県南,3,0.305308582902565,0.5653052656730342,0.4039351512676594,0.4147357804829737,0.2813809435352834,0.41577880703700276,,False,4.780689,7.304567,-0.748581541695704,-0.2077400636346675
105109,九尾,天鷹酒造,178,栃木県,大田原市,県北,9,0.44730464302603884,0.6144930317641003,0.3211749056774093,0.30286329044249066,0.2632023596068759,0.3976957321917601,,False,3.258035,10.249581,0.21684954456075733,-1.5178335344101668
109880,NEW ENGI,玉村本店,1123,長野県,下高井郡山ノ内町,北信,20,0.2998472828954235,0.48191911208900673,0.2841860342803949,0.3447276602455129,0.49390288042259517,0.48405233109187196,,False,1.4003237,4.320465,1.0120319528777673,1.4634936716126903
109882,越弌,越後鶴亀,296,新潟県,新潟市,下越,15,0.5347308733575143,0.4303265625224331,0.15629899295604133,0.18717135164911686,0.15163153251171413,0.6681521764814178,,False,-1.7306571,9.325794,3.82193522180061,-1.7164278979702123
112894,スキー正宗,武蔵野酒造,1427,新潟県,上越市,上越,15,0.4265430652441939,0.4998218488051486,0.2581238963707434,0.41113401588153076,0.28369823744635425,0.5020909460709617,,False,1.5926756,7.0215216,1.1811183541233976,-0.1775042650558895
115658,嵐童,杉勇蕨岡酒造場,111,山形県,飽海郡遊佐町,庄内,6,0.4445064929214442,0.6477834983107023,0.17664625974998657,0.3027611132118875,0.2562421639240628,0.4407519458125839,,False,1.6764951,10.338266,0.9225373157102015,-1.6969600341003892
117990,寳娘,大澤本家酒造,1364,兵庫県,西宮市,灘五郷,28,0.15295309771539284,0.573017212214218,0.5128445288763742,0.4860322095410204,0.2958999166546004,0.2479174141111413,,False,9.468447,4.8213167,-2.9781616012170837,0.6029667034857835
119670,桃の里,赤磐酒造,1489,岡山県,赤磐市,備前,33,0.5201395106723933,0.5084988712445203,0.19771117708902425,0.2597966259365594,0.18726226757709602,0.5737879696616756,,False,-0.7827617,9.710503,2.529698159170135,-1.6917474649923443
119671,神池,鴨庄酒造,1341,兵庫県,丹波市,丹波,28,0.457338181928355,0.6540696595937197,0.21084355967782079,0.2593027764433493,0.210759749273745,0.4548868642933605,,False,1.605248,10.568517,0.9433917926444034,-2.237272430150164
121331,亀萬,亀萬酒造,1260,熊本県,葦北郡津奈木町,県南,43,0.3274441780269183,0.5767975320715013,0.33739461236277823,0.39677992624403663,0.3205663855945116,0.4313382377876086,,False,3.9536293,7.702219,-0.22201123638663914,-0.15255933221920795
122916,於多福,柄酒造,1399,広島県,東広島市,西条（東広島）,34,0.34194611261600943,0.43700082740451524,0.22154279259095944,0.37657911564931656,0.4207746424876297,0.5693494479331246,,False,0.3421271,5.133496,1.929084578894506,1.2767402843542726
