brand,name,brewer,pref,city,reg,cls,rice_list,smv,acidity,amino,alcohol,polish,sweetness,rank,umap_x,umap_y,pca_x,pca_y,tango,n_imputed
金閣,荒武者,キンシ正宗,京都府,京都市伏見区,伏見,本醸造,[],11.0,1.3,1.2,16.5,60.0,-0.93,,9.077289,1.543619,1.2015692198291368,0.4514595219848261,False,0
金閣,,キンシ正宗,京都府,京都市伏見区,伏見,本醸造,['国内産米'],1.0,1.5,1.3,16.5,65.0,-0.24,,8.76187,1.6136497,0.26905209020115384,1.0163537281063126,False,0
松屋久兵衛,,キンシ正宗,京都府,京都市伏見区,伏見,純米大吟醸,['山田錦'],1.0,1.2,1.1,16.5,35.0,0.11,,3.294969,4.1575356,1.2986239288182284,-1.6353067002475274,False,0
金鵄正宗,純米大吟醸 祝,キンシ正宗,京都府,京都市伏見区,伏見,純米大吟醸,['祝'],1.0,1.2,1.1,16.5,45.0,0.11,,4.192332,4.493702,1.0633062270995117,-1.006402672232084,False,0
切子,純米大吟醸,キンシ正宗,京都府,京都市伏見区,伏見,純米大吟醸,['祝'],1.0,1.2,1.1,16.5,45.0,0.11,,4.1393156,4.5166864,1.0633062270995117,-1.006402672232084,False,0
金鵄正宗,純米吟醸,キンシ正宗,京都府,京都市伏見区,伏見,純米吟醸,['祝'],1.5,1.2,1.2,15.5,55.0,0.06,,13.94842,7.759707,0.44362277310919845,-0.24111266773269557,False,0
金鵄正宗,特別純米,キンシ正宗,京都府,京都市伏見区,伏見,特別純米,['五百万石'],1.5,1.4,1.3,15.5,60.0,-0.17,,14.872305,3.2995894,0.1070822003123962,0.4762133505929711,False,0
金鵄正宗,純米酒,キンシ正宗,京都府,京都市伏見区,伏見,純米,['国内産米'],4.0,1.5,1.3,15.5,60.0,-0.52,,14.843884,3.288228,0.14193162910622767,0.5551209679723955,False,1
銀閣,荒武者,キンシ正宗,京都府,京都市伏見区,伏見,普通酒,[],11.0,1.3,1.2,15.5,60.0,-0.93,,14.518417,4.6946917,0.7779969408254981,0.2589492321973766,False,1
桃山,荒武者,キンシ正宗,京都府,京都市伏見区,伏見,普通酒,[],8.5,1.3,1.2,15.5,60.0,-0.7,,14.550769,4.603471,0.6290028016177031,0.22084127914633156,False,1
銀閣,,キンシ正宗,京都府,京都市伏見区,伏見,普通酒,[],1.0,1.3,1.4,15.5,60.0,-0.01,,10.185933,0.121833354,0.2008357817752837,0.7490667713155686,False,1
金鵄正宗,純米吟醸生原酒,キンシ正宗,京都府,京都市伏見区,伏見,純米吟醸,['祝'],1.5,1.2,1.1,17.5,55.0,0.06,,7.230719,2.9598246,1.2813596322259928,-0.1773667638189824,False,0
酒呑童子,丹後の秋 紅葉姫,ハクレイ酒造,京都府,宮津市,丹後,純米吟醸,['五百万石'],4.0,2.0,1.0,16.45,55.0,-1.1,,7.9109006,3.4434683,0.06303749627777513,-0.3362719760789116,True,0
香田,香田３５磨き,ハクレイ酒造,京都府,宮津市,丹後,大吟醸,['山田錦'],5.0,1.3,0.9,17.45,35.0,-0.38,,3.892671,4.1066566,1.8064481084092272,-1.9931988870617718,True,0
酒呑童子,斗瓶取り雫酒 青瓶,ハクレイ酒造,京都府,宮津市,丹後,大吟醸,['山田錦'],5.0,1.3,0.9,17.45,35.0,-0.38,,3.8722847,4.1096935,1.8064481084092272,-1.9931988870617718,True,0
酒呑童子,斗瓶取り雫酒 黒瓶,ハクレイ酒造,京都府,宮津市,丹後,大吟醸,['山田錦'],5.0,1.5,0.9,17.45,35.0,-6.65,,3.9089277,4.1569138,1.5781586875813,-1.9115995584050132,True,1
香田,香田５０磨き,ハクレイ酒造,京都府,宮津市,丹後,純米大吟醸,['山田錦'],2.0,1.3,1.3,15.45,50.0,-0.1,,4.073643,10.226122,0.4651648263364531,-0.1954942656300149,True,0
香田,特別純米酒 香田,ハクレイ酒造,京都府,宮津市,丹後,特別純米,['山田錦'],4.0,1.4,1.2,14.45,60.0,-0.4,,13.394259,3.948421,-0.19808225232411264,-0.00908917629399247,True,0
酒呑童子,純米 京女,ハクレイ酒造,京都府,宮津市,丹後,特別純米,"['五百万石', '京の輝き']",-1.0,1.5,1.5,14.45,60.0,-0.06,,10.277422,-0.42077136,-0.5819921444822173,0.9193186089158556,True,0
酒呑童子,純米 酒呑童子,ハクレイ酒造,京都府,宮津市,丹後,特別純米,"['山田錦', '日本晴']",5.0,1.5,1.5,15.45,60.0,-0.61,,10.130027,-0.47466663,0.19916606862012973,1.2032879860258134,True,0
酒呑童子,大辛口 酒呑童子,ハクレイ酒造,京都府,宮津市,丹後,本醸造,"['五百万石', '日本晴']",12.0,1.2,1.1,15.45,60.0,-0.91,,14.452013,4.661321,0.9211529940819145,-0.09750744106114313,True,0
白嶺,日本酒スパークリング,ハクレイ酒造,京都府,宮津市,丹後,リキュール,['五百万石'],-4.0,2.5,1.8,15.0,60.0,-0.94,,10.32505,-1.5760337,-1.6410443655477567,2.351290394905051,True,0
白嶺,純米吟醸 初搾り,ハクレイ酒造,京都府,宮津市,丹後,純米吟醸,['五百万石'],5.0,2.0,1.1,16.45,60.0,-1.19,,8.328947,2.1816251,0.014383999992018,0.31469789481041455,True,0
白嶺,特別純米 香田生酒,ハクレイ酒造,京都府,宮津市,丹後,特別純米,['山田錦'],3.0,1.7,1.3,14.45,70.0,-0.66,,11.666128,0.6313298,-0.826024042077355,1.0482453391473572,True,0
酒呑童子,純米生酛原酒,ハクレイ酒造,京都府,宮津市,丹後,純米,"['京の輝き', '五百万石']",5.0,1.5,1.5,17.0,65.0,-0.61,,8.337191,-0.00036676117,0.7380442502164118,1.816130949204082,True,0
酒呑童子,夏の純米吟醸,ハクレイ酒造,京都府,宮津市,丹後,純米吟醸,['山田錦'],-2.0,1.9,1.5,15.45,50.0,-0.43,,9.128318,-1.6332439,-0.43927866109883434,0.630880346780961,True,0
酒呑童子,吟醸生酛,ハクレイ酒造,京都府,宮津市,丹後,純米吟醸,['五百万石'],12.0,1.7,1.4,17.0,60.0,-1.49,,8.513744,0.551582,1.035189571139186,1.3687058567348585,True,0
八重垣,黒乃無,ヤヱガキ酒造,兵庫県,姫路市,播磨,純米大吟醸,['山田錦'],-4.0,1.3,1.3,16.0,40.0,0.46,,2.2762153,4.3460097,0.575861347408463,-0.809976721584869,False,0
八重垣,青乃無,ヤヱガキ酒造,兵庫県,姫路市,播磨,純米大吟醸,"['山田錦', '五百万石']",1.0,1.2,1.3,15.0,50.0,0.11,,4.1341276,9.963587,0.3291043555156616,-0.33816674158316445,False,0
八重垣,特別純米 山田錦,ヤヱガキ酒造,兵庫県,姫路市,播磨,特別純米,['山田錦'],3.0,1.5,1.5,15.0,65.0,-0.43,,10.763635,-0.5764136,-0.22829561915710184,1.4006240071883467,False,0
八重垣,純米,ヤヱガキ酒造,兵庫県,姫路市,播磨,純米,['国内産米'],1.0,1.7,1.5,15.0,65.0,-0.47,,10.782821,-0.6359639,-0.575780351351265,1.4517369734042693,False,0
八重垣,純米 無濾過生原酒,ヤヱガキ酒造,兵庫県,姫路市,播磨,純米,"['キヌヒカリ', '兵庫北錦']",2.0,2.1,2.1,17.0,65.0,-1.03,,10.30954,-1.7125679,-0.06917078597382535,3.9428474454802216,False,0
八重垣,純米 生酒,ヤヱガキ酒造,兵庫県,姫路市,播磨,純米,"['キヌヒカリ', '山田錦']",1.0,1.8,1.7,15.0,65.0,-0.59,,10.637881,-1.2109591,-0.6711096639842625,2.135085989055021,False,0
八重垣,純米吟醸 ひやおろし,ヤヱガキ酒造,兵庫県,姫路市,播磨,純米吟醸,['雄町'],-4.0,1.5,1.2,15.0,60.0,0.22,,13.93029,3.1472456,-0.5560434547510194,0.015645697654140037,False,0
八重垣,本醸造,ヤヱガキ酒造,兵庫県,姫路市,播磨,本醸造,"['キヌヒカリ', '兵庫北錦']",2.5,1.5,1.5,15.0,70.0,-0.38,,11.178599,-0.53332585,-0.3757532978580192,1.7074544305858594,False,0
八重垣,褒紋 純米大吟醸,ヤヱガキ酒造,兵庫県,姫路市,播磨,純米大吟醸,['兵庫北錦'],2.0,1.2,1.5,16.0,50.0,0.01,,8.746223,-1.9458508,0.8310896879833847,0.5121360807470755,False,0
八重垣,褒紋 純米吟醸,ヤヱガキ酒造,兵庫県,姫路市,播磨,純米吟醸,['雄町'],-5.0,1.5,1.5,16.0,60.0,0.32,,9.673129,-0.45369032,-0.16384573475904934,1.1567368332047305,False,0
獺祭,純米吟醸４５,旭酒造,山口県,岩国市,周防,純米大吟醸,['山田錦'],3.0,1.3,1.2,16.0,45.0,-0.2,13.0,3.1213493,7.199215,0.865978387440448,-0.7100971146954078,False,1
獺祭,純米大吟醸 磨き二割三分,旭酒造,山口県,岩国市,周防,純米大吟醸,['山田錦'],5.0,1.2,0.8,15.5,23.0,-0.27,13.0,3.2432554,4.745401,1.3676004179380727,-3.485353125755396,False,0
獺祭,純米大吟醸 磨き二割三分 遠心分離,旭酒造,山口県,岩国市,周防,純米大吟醸,['山田錦'],4.0,1.1,0.8,15.5,23.0,-0.06,13.0,3.2543015,4.7475386,1.422147472668918,-3.541395971304193,False,0
獺祭,純米大吟醸 三割九分,旭酒造,山口県,岩国市,周防,純米大吟醸,['山田錦'],6.0,1.1,1.2,15.5,39.0,-0.24,13.0,1.7351401,3.82062,1.20246525684714,-1.219564461393903,False,1
獺祭,純米大吟醸 三割九分 遠心分離,旭酒造,山口県,岩国市,周防,純米大吟醸,['山田錦'],6.0,1.1,1.2,15.5,39.0,-0.24,13.0,1.745759,3.8329484,1.20246525684714,-1.219564461393903,False,1
獺祭,純米大吟醸 磨き二割三分 正月一番乗り,旭酒造,山口県,岩国市,周防,純米大吟醸,['山田錦'],5.0,1.1,1.2,16.0,23.0,-0.15,13.0,0.65142643,3.749815,1.7311620634157878,-2.144798942545305,False,1
獺祭,純米吟醸 ５０ 遠心分離 おりがらみ,旭酒造,山口県,岩国市,周防,純米吟醸,['山田錦'],3.0,1.5,1.2,15.5,50.0,-0.43,13.0,2.3405166,9.63014,0.3082439762513431,-0.41030091692465226,False,2
獺祭,純米吟醸 ５０ 遠心分離,旭酒造,山口県,岩国市,周防,純米吟醸,['山田錦'],3.0,1.5,1.2,15.5,50.0,-0.43,13.0,2.3771012,9.559051,0.3082439762513431,-0.41030091692465226,False,2
獺祭,純米大吟醸 ５０,旭酒造,山口県,岩国市,周防,純米大吟醸,['山田錦'],5.0,1.3,1.2,15.5,50.0,-0.38,13.0,3.5787067,9.856646,0.6557287084455065,-0.4614138831405748,False,1
獺祭,無濾過非加熱生原酒 ５０,旭酒造,山口県,岩国市,周防,,['山田錦'],5.0,1.5,1.2,16.5,50.0,-0.61,13.0,6.135515,3.2284255,0.851011566621218,-0.18730426469636668,False,1
獺祭,初心,旭酒造,山口県,岩国市,周防,,"['山田錦', '日本晴']",6.0,1.3,1.2,16.0,58.0,-0.47,13.0,9.629501,2.0995502,0.7388583422554705,0.1532076653859226,False,1
一ノ蔵,特別純米酒 ひやおろし,一ノ蔵,宮城県,大崎市,県北（大崎・栗原）,特別純米,['蔵の華'],0.0,1.7,1.2,16.0,55.0,-0.38,94.0,12.6600275,8.605125,-0.004711122983477204,0.0362760269722986,False,0
一ノ蔵,純米大吟醸 笙鼓,一ノ蔵,宮城県,大崎市,県北（大崎・栗原）,純米大吟醸,['山田錦'],-2.0,1.2,1.3,15.0,35.0,0.38,94.0,0.777686,3.9241931,0.5032879410443825,-1.3272523272675834,False,0
一ノ蔵,松山天,一ノ蔵,宮城県,大崎市,県北（大崎・栗原）,純米大吟醸,['山田錦'],-1.0,1.3,1.4,15.0,40.0,0.18,94.0,1.757012,4.7493916,0.3404897343446615,-0.6354827920498787,False,0
一ノ蔵,玄昌,一ノ蔵,宮城県,大崎市,県北（大崎・栗原）,大吟醸,['山田錦'],2.0,1.0,1.2,15.0,35.0,0.24,94.0,0.81110066,3.675056,0.9605602857142986,-1.6691536067038564,False,0
一ノ蔵,大吟醸,一ノ蔵,宮城県,大崎市,県北（大崎・栗原）,大吟醸,['山田錦'],2.0,1.1,1.1,15.0,40.0,0.13,94.0,2.0891652,4.2068715,0.7193490255504935,-1.6351766040289413,False,0
一ノ蔵,純米吟醸 蔵の華,一ノ蔵,宮城県,大崎市,県北（大崎・栗原）,純米吟醸,['蔵の華'],1.0,1.6,1.2,15.0,50.0,-0.36,94.0,1.8945578,9.109321,-0.1368821850306761,-0.4962427599308338,False,0
一ノ蔵,有機米仕込 特別純米酒,一ノ蔵,宮城県,大崎市,県北（大崎・栗原）,特別純米,['ひとめぼれ'],2.0,1.5,1.6,15.0,55.0,-0.34,94.0,9.2771635,-1.7022026,-0.04316787423102015,1.0777514736136722,False,0
一ノ蔵,特別純米 樽酒,一ノ蔵,宮城県,大崎市,県北（大崎・栗原）,特別純米,"['ササニシキ', '蔵の華']",2.0,1.5,1.5,15.0,55.0,-0.34,94.0,9.183132,-1.7741058,-0.05257557312150327,0.7564767979524853,False,0
一ノ蔵,円融,一ノ蔵,宮城県,大崎市,県北（大崎・栗原）,特別純米,['ササニシキ'],2.0,1.8,1.8,15.0,60.0,-0.68,94.0,10.176092,-1.492289,-0.48444545855130305,2.1571518319289043,False,0
一ノ蔵,特別純米酒 超辛口,一ノ蔵,宮城県,大崎市,県北（大崎・栗原）,特別純米,['蔵の華'],9.0,1.4,1.3,15.0,55.0,-0.87,94.0,14.432131,4.1366396,0.45993732929332065,0.17983005084465992,False,0
一ノ蔵,特別純米酒 辛口,一ノ蔵,宮城県,大崎市,県北（大崎・栗原）,特別純米,"['ササニシキ', '蔵の華']",2.0,1.5,1.5,15.0,55.0,-0.34,94.0,9.180141,-1.8088117,-0.05257557312150327,0.7564767979524853,False,0
一ノ蔵,特別純米酒,一ノ蔵,宮城県,大崎市,県北（大崎・栗原）,特別純米,['ササニシキ'],-9.0,1.6,1.7,15.0,55.0,0.58,94.0,9.762547,-1.514719,-0.8034790982687994,1.272150820178639,False,0
一ノ蔵,無鑑査本醸造 超辛口,一ノ蔵,宮城県,大崎市,県北（大崎・栗原）,本醸造,['トヨニシキ'],9.5,1.1,1.3,15.0,65.0,-0.56,94.0,11.377624,1.8131135,0.5968525866580537,0.6939566764851743,False,0
一ノ蔵,無鑑査本醸造 辛口,一ノ蔵,宮城県,大崎市,県北（大崎・栗原）,本醸造,['トヨニシキ'],5.0,1.2,1.3,15.0,65.0,-0.27,94.0,11.381875,1.80427,0.21451842567005894,0.6661620253216725,False,0
一ノ蔵,無鑑査本醸造 甘口,一ノ蔵,宮城県,大崎市,県北（大崎・栗原）,本醸造,['トヨニシキ'],-4.0,1.2,1.5,15.0,65.0,0.57,94.0,10.606209,-0.27741912,-0.30304507769703753,1.1715227456602828,False,0
一ノ蔵,本醸造 辛口,一ノ蔵,宮城県,大崎市,県北（大崎・栗原）,本醸造,['トヨニシキ'],5.0,1.2,1.3,15.0,65.0,-0.27,94.0,11.33814,1.8616878,0.21451842567005894,0.6661620253216725,False,0
一ノ蔵,特別純米生酒 ひゃっこい,一ノ蔵,宮城県,大崎市,県北（大崎・栗原）,特別純米,"['ササニシキ', '蔵の華']",2.0,1.4,1.5,15.0,55.0,-0.22,94.0,9.245896,-1.7551298,0.061569137292460406,0.715677133624106,False,0
一ノ蔵,すず音,一ノ蔵,宮城県,大崎市,県北（大崎・栗原）,清酒,['トヨニシキ'],-80.0,3.5,0.35,5.0,55.0,5.4,94.0,14.613186,-1.5749936,-11.5663888746934,-5.297232443532344,False,0
一ノ蔵,ひめぜん,一ノ蔵,宮城県,大崎市,県北（大崎・栗原）,特別純米,['トヨニシキ'],-65.0,5.0,0.6,8.0,65.0,2.12,94.0,14.637436,-1.6055689,-11.325676313137677,-2.4469681737696267,False,0
一ノ蔵,ひめぜん きりり,一ノ蔵,宮城県,大崎市,県北（大崎・栗原）,特別純米,['トヨニシキ'],-45.0,6.0,0.8,10.0,65.0,-1.05,94.0,14.613151,-1.5807827,-10.409210347826708,-0.7065379751802018,False,0
一ノ蔵,ひめぜんＵｍｅ,一ノ蔵,宮城県,大崎市,県北（大崎・栗原）,リキュール,['トヨニシキ'],-90.0,1.5,0.7,8.45,65.0,1.81,94.0,14.506697,-1.4419563,-8.620537616284782,-3.848131649707814,False,1
一ノ蔵,本醸造生原酒 しぼりたて,一ノ蔵,宮城県,大崎市,県北（大崎・栗原）,本醸造,['やまのしずく'],-4.0,1.6,1.9,17.0,65.0,0.11,94.0,9.007754,-0.9493683,0.12515143421631794,3.004840685193444,False,0
一ノ蔵,特別純米生原酒 しぼりたて,一ノ蔵,宮城県,大崎市,県北（大崎・栗原）,特別純米,['ササニシキ'],-4.0,1.7,1.9,17.0,55.0,-0.01,94.0,9.030159,-0.98253816,0.24632442552107112,2.41673632150638,False,0
一ノ蔵,本醸造生酒 ひゃっこい,一ノ蔵,宮城県,大崎市,県北（大崎・栗原）,本醸造,['トヨニシキ'],5.0,1.2,1.3,15.0,65.0,-0.27,94.0,11.381163,1.810934,0.21451842567005894,0.6661620253216725,False,0
一ノ蔵,特別純米生酒 ひゃっこい,一ノ蔵,宮城県,大崎市,県北（大崎・栗原）,特別純米,"['ササニシキ', '蔵の華']",2.0,1.4,1.5,15.0,55.0,-0.22,94.0,9.254035,-1.7568008,0.061569137292460406,0.715677133624106,False,0
一ノ蔵,特別純米生酒 ふゆみずたんぼ,一ノ蔵,宮城県,大崎市,県北（大崎・栗原）,特別純米,['ササニシキ'],-2.0,1.7,1.7,16.0,55.0,-0.2,94.0,9.629582,-1.1970268,-0.0768679398972977,1.6121630428373939,False,0
一ノ蔵,大吟醸 技,一ノ蔵,宮城県,大崎市,県北（大崎・栗原）,大吟醸,['山田錦'],2.0,1.1,1.1,15.0,40.0,0.13,94.0,2.1390452,4.255356,0.7193490255504935,-1.6351766040289413,False,0
一ノ蔵,すず音 ＧＡＬＡ,一ノ蔵,宮城県,大崎市,県北（大崎・栗原）,純米,['トヨニシキ'],-35.0,6.0,1.25,9.0,65.0,-2.03,94.0,14.627169,-1.592462,-10.19447142499199,0.6991195877118671,False,0
一ノ蔵,Ｍａｄｅｎａ,一ノ蔵,宮城県,大崎市,県北（大崎・栗原）,清酒,['トヨニシキ'],-40.0,4.5,0.9,18.0,65.0,0.2,94.0,13.940122,-0.7200181,-5.001065482282069,0.6190399599569817,False,0
一ノ蔵,すず音Ｗａｂｉ,一ノ蔵,宮城県,大崎市,県北（大崎・栗原）,清酒,"['トヨニシキ', '春陽']",-75.0,3.5,0.15,5.0,65.0,4.89,94.0,14.659202,-1.6216489,-11.522533695777494,-5.234661860737183,False,0
越後鶴亀,ひやおろし 純米吟醸,越後鶴亀,新潟県,新潟市,下越,純米吟醸,"['こしいぶき', '山田錦']",3.0,1.5,1.2,15.45,60.0,-0.43,,16.180756,3.5117707,0.05174766058244424,0.20897759660141838,False,0
越後鶴亀,超特醸 純米大吟醸 木箱入,越後鶴亀,新潟県,新潟市,下越,純米大吟醸,['山田錦'],1.0,1.5,1.0,16.45,40.0,-0.24,,3.7542725,4.7143106,0.807944633876314,-1.529355883405227,False,0
越後鶴亀,特醸 純米大吟醸,越後鶴亀,新潟県,新潟市,下越,純米大吟醸,['山田錦'],1.0,1.5,1.0,15.5,40.0,-0.24,,3.070818,5.2440434,0.4055509688228574,-1.712240658703304,False,0
越後鶴亀,純米酒,越後鶴亀,新潟県,新潟市,下越,純米,"['山田錦', '五百万石']",3.0,1.6,1.4,15.5,60.0,-0.54,,10.009501,0.07180896,-0.022403038100370993,0.9019521267415427,False,0
越後鶴亀,しぼりたて 純米吟醸生原酒,越後鶴亀,新潟県,新潟市,下越,純米吟醸,"['こしいぶき', '五百万石']",0.0,1.6,1.2,16.45,60.0,-0.27,,9.243356,2.179098,0.18238226212276507,0.39655800705599314,False,0
越後鶴亀,父の日限定 純米大吟醸,越後鶴亀,新潟県,新潟市,下越,純米大吟醸,['山田錦'],1.0,1.5,1.0,15.45,40.0,-0.24,,3.0796826,5.222793,0.3843723548726752,-1.7218661731926765,False,0
越後鶴亀,ワイン酵母仕込み 純米吟醸,越後鶴亀,新潟県,新潟市,下越,純米吟醸,"['こしいぶき', '五百万石', '山田錦']",-32.0,4.0,1.3,13.0,60.0,-0.01,,13.909866,-0.7888227,-5.91613243334421,0.5450823277782052,False,0
越後鶴亀,はるのさけ 純米 生一本,越後鶴亀,新潟県,新潟市,下越,純米,"['こしいぶき', '山田錦']",1.0,1.4,1.0,15.45,60.0,-0.13,,10.081138,4.676352,0.02788166184920558,-0.5048577814901695,False,0
越後鶴亀,招福神 純米 金箔入,越後鶴亀,新潟県,新潟市,下越,純米,"['こしいぶき', '山田錦']",3.0,1.6,1.4,15.45,60.0,-0.54,,10.031701,-0.0549303,-0.04358165205055323,0.8923266122521701,False,0
華鳩,特別純米 華Ｃｏｌｏｍｂｅ 瓶囲い,榎酒造,広島県,呉市,安芸（広島湾岸）,特別純米,"['こいもみじ', '八反錦']",0.0,1.5,1.2,15.0,60.0,-0.15,,14.173909,3.2005074,-0.31765283201854705,0.07661842253581212,False,1
華鳩,華Ｃｏｌｏｍｂｅ,榎酒造,広島県,呉市,安芸（広島湾岸）,純米吟醸,['こいおまち'],1.1,1.6,1.2,15.0,55.0,-0.37,,13.519182,8.951539,-0.24858127032172259,-0.18026642780107033,False,1
華鳩,華Ｃｏｌｏｍｂｅ,榎酒造,広島県,呉市,安芸（広島湾岸）,特別純米,"['八反錦', 'こいもみじ']",0.0,1.5,1.2,14.5,60.0,-0.15,,13.564858,3.474611,-0.5294389715203665,-0.019636722357912664,False,1
華鳩,しおり ８年貯蔵,榎酒造,広島県,呉市,安芸（広島湾岸）,,['中生新千本'],-48.0,3.5,1.2,16.0,60.0,2.15,,13.91699,-0.69370604,-5.0376622340838475,0.3534493003107822,False,1
華鳩,初しぼり 華ｃｏｌｏｍｂｅ 純米吟醸生原酒,榎酒造,広島県,呉市,安芸（広島湾岸）,純米吟醸,['八反錦'],2.0,1.6,1.2,16.5,55.0,-0.45,,7.084084,2.6406958,0.4404150382985417,0.12221786997848018,False,1
華鳩,貴醸酒の生にごり酒,榎酒造,広島県,呉市,安芸（広島湾岸）,,['こいもみじ'],-60.0,2.9,1.2,16.0,65.0,4.05,,13.96049,-0.6776168,-5.185624690656841,0.2401851537032119,False,1
華鳩,純米吟醸 生酒,榎酒造,広島県,呉市,安芸（広島湾岸）,純米吟醸,['八反錦'],2.0,1.6,1.2,15.5,60.0,-0.45,,17.87005,3.619798,-0.10081609156445528,0.24415959419875227,False,1
華鳩,生酛純米酒,榎酒造,広島県,呉市,安芸（広島湾岸）,純米,['中生新千本'],3.0,1.6,1.2,15.0,80.0,-0.54,,11.903255,0.7566595,-0.7236399788205898,1.4209556865563322,False,1
華鳩,無垢之酒,榎酒造,広島県,呉市,安芸（広島湾岸）,純米吟醸,['八反錦'],2.0,1.6,1.2,16.5,55.0,-0.45,,7.0833387,2.57045,0.4404150382985417,0.12221786997848018,False,1
華鳩,夏の貴醸酒にごり,榎酒造,広島県,呉市,安芸（広島湾岸）,,['コシヒカリ'],-55.0,2.6,1.2,13.5,65.0,3.89,,13.945752,-0.7034604,-5.604132978508456,-0.2872736576484597,False,1
奥の松,純米吟醸原酒 ひやおろし,奥の松酒造,福島県,二本松市,中通り,純米吟醸,['コシヒカリ'],5.0,1.3,0.9,17.0,55.0,-0.38,,7.5351253,3.452426,1.1452051794201568,-0.8220204614352374,False,0
奥の松,大吟醸雫酒 十八代伊兵衛,奥の松酒造,福島県,二本松市,中通り,大吟醸,['山田錦'],1.0,1.1,0.9,17.0,40.0,0.22,,3.8990645,4.329157,1.4880805300936868,-1.907948556996833,False,0
奥の松,純米大吟醸スパークリング,奥の松酒造,福島県,二本松市,中通り,純米大吟醸,['あきたこまち'],-25.0,2.5,1.3,11.0,50.0,1.06,,13.700909,-0.503322,-4.398605043641489,-0.9741349761949003,False,0
奥の松,大吟醸（さくらラベル）,奥の松酒造,福島県,二本松市,中通り,大吟醸,['五百万石'],5.0,1.3,0.9,15.0,50.0,-0.38,,7.9695454,5.451404,0.4157194722722377,-1.521493055017858,False,0
奥の松,純米吟醸原酒,奥の松酒造,福島県,二本松市,中通り,純米吟醸,['コシヒカリ'],5.0,1.3,0.9,17.0,55.0,-0.38,,7.5182285,3.4577847,1.1452051794201568,-0.8220204614352374,False,0
奥の松,特別純米,奥の松酒造,福島県,二本松市,中通り,特別純米,['あきたこまち'],0.0,1.4,1.4,15.0,60.0,-0.03,,10.255227,0.02550988,-0.18469272382361718,0.6783681095298052,False,0
奥の松,純米吟醸原酒 しぼりたて,奥の松酒造,福島県,二本松市,中通り,純米吟醸,['コシヒカリ'],-3.0,1.5,1.0,16.0,55.0,0.13,,7.835134,4.4832783,0.025969933014129528,-0.7336021966680865,False,0
奥の松,純米吟醸 生原酒,奥の松酒造,福島県,二本松市,中通り,純米吟醸,['コシヒカリ'],3.0,1.5,1.1,17.0,60.0,-0.43,,7.7783327,2.1498544,0.6988769941476015,0.18609387011077944,False,0
奥の松,大吟醸雫酒 十八代伊兵衛 金賞受賞酒,奥の松酒造,福島県,二本松市,中通り,大吟醸,['山田錦'],1.2,1.3,0.8,17.45,40.0,-0.03,,3.9765697,4.2062693,1.452910467063537,-2.057945637352825,False,0
奥の松,あだたら 吟醸原酒,奥の松酒造,福島県,二本松市,中通り,吟醸,['めんこいな'],4.0,1.3,1.2,17.0,60.0,-0.29,,7.7331834,1.851384,0.9961717695491299,0.4410123983356247,False,1
黄桜,超特撰 大吟醸,黄桜,京都府,京都市伏見区,伏見,大吟醸,['山田錦'],3.0,1.2,0.9,17.0,35.0,-0.08,,3.8906248,4.1642165,1.6107899819053177,-2.151114544235339,False,0
黄桜,華祥風 大吟醸,黄桜,京都府,京都市伏見区,伏見,大吟醸,['山田錦'],0.0,1.1,1.0,16.0,35.0,0.31,,3.3435597,4.5133166,1.1319771451567713,-2.108879366351236,False,0
黄桜,伏水蔵 純米吟醸,黄桜,京都府,京都市伏見区,伏見,純米吟醸,['山田錦'],1.0,1.3,1.3,16.0,60.0,-0.01,,9.880625,1.610195,0.40321422238661997,0.5240472405481077,False,0
黄桜,特撰 純米吟醸,黄桜,京都府,京都市伏見区,伏見,純米吟醸,"['山田錦', '雄町']",1.0,1.4,1.5,16.0,60.0,-0.13,,9.683901,-0.44690666,0.30788490975362276,1.2073962561988594,False,0
黄桜,京の滴 純米吟醸 祝米,黄桜,京都府,京都市伏見区,伏見,純米吟醸,['祝'],2.0,1.5,1.6,16.0,60.0,-0.34,,9.554526,-0.8888017,0.26274555391326027,1.5847137774088433,False,0
黄桜,特撰 花きざくら,黄桜,京都府,京都市伏見区,伏見,純米吟醸,[],1.0,1.4,1.3,14.0,60.0,-0.13,,13.356069,3.5614936,-0.5580750460346209,0.17982632530158782,False,0
黄桜,京のとくり 純米吟醸,黄桜,京都府,京都市伏見区,伏見,純米吟醸,[],-8.0,1.1,1.2,12.0,60.0,1.06,,12.7326355,3.2395823,-1.6085720728385535,-0.7860565539033978,False,0
黄桜,涼の樽酒 純米吟醸,黄桜,京都府,京都市伏見区,伏見,純米吟醸,[],1.0,1.2,1.3,15.0,60.0,0.11,,13.512235,4.5286775,0.09378665379694494,0.29073728643227875,False,0
黄桜,蔵の詩,黄桜,京都府,京都市伏見区,伏見,純米,[],0.0,1.4,1.5,15.0,65.0,-0.03,,10.682369,-0.48980033,-0.29294387579249237,1.3140947991987133,False,0
黄桜,呑,黄桜,京都府,京都市伏見区,伏見,普通酒,[],-1.0,1.1,1.0,14.0,60.0,0.41,,12.228138,3.8059971,-0.36305932283041575,-0.9368830571079451,False,1
黄桜,生酛山廃,黄桜,京都府,京都市伏見区,伏見,本醸造,[],0.0,1.5,1.2,15.0,70.0,-0.15,,11.633127,1.1611887,-0.5529705337372637,0.7055224505512553,False,0
黄桜,辛口一献,黄桜,京都府,京都市伏見区,伏見,普通酒,[],4.0,1.2,1.0,14.0,60.0,-0.17,,12.078018,3.708028,-0.1792157548287889,-0.8198674866774757,False,1
黄桜,Ｓ 純米大吟醸,黄桜,京都府,京都市伏見区,伏見,純米大吟醸,['山田錦'],1.0,1.4,1.1,16.0,50.0,-0.13,,6.832719,4.544164,0.505571815910407,-0.7066064744613287,False,0
黄桜,ＳＵＰＥＲ ＰＲＥＭＩＵＭ,黄桜,京都府,京都市伏見区,伏見,純米大吟醸,['山田錦'],-5.0,1.1,0.9,15.0,35.0,0.78,,3.1617591,4.864998,0.4010088888470592,-2.6988802379019616,False,0
黄桜,黒獅子,黄桜,京都府,京都市伏見区,伏見,普通酒,['五百万石'],4.0,1.2,1.3,16.0,60.0,-0.17,,9.93125,1.668467,0.696151899849938,0.5289771198809824,False,1
大山,特別純米 ひやおろし,加藤嘉八郎酒造,山形県,鶴岡市,庄内,特別純米,['出羽の里'],1.0,1.6,0.95,16.5,60.0,-0.36,,8.441258,3.4532793,0.23963928452985753,-0.381759986387182,False,0
大山,純米大吟醸 吟雅凛匠,加藤嘉八郎酒造,山形県,鶴岡市,庄内,純米大吟醸,['山田錦'],2.0,1.8,0.95,16.45,40.0,-0.68,,3.9167788,4.998693,0.5204043088722996,-1.5523510470302644,False,0
大山,純米大吟醸,加藤嘉八郎酒造,山形県,鶴岡市,庄内,純米大吟醸,"['美山錦', '雪女神']",2.0,1.8,1.0,16.0,45.0,-0.68,,4.1800566,5.1652417,0.21684178190654568,-1.1638913255963017,False,0
大山,槽掛け雫酒,加藤嘉八郎酒造,山形県,鶴岡市,庄内,大吟醸,['山田錦'],-0.5,1.85,0.8,16.45,40.0,-0.51,,3.7890077,4.987255,0.3002262661217979,-2.051971181408899,False,0
大山,吟水花,加藤嘉八郎酒造,山形県,鶴岡市,庄内,純米吟醸,['出羽燦々'],3.0,1.7,1.3,15.45,55.0,-0.66,,12.809076,8.953281,-0.04947521049564144,0.2973995869116418,False,0
大山,純米吟醸 封印酒,加藤嘉八郎酒造,山形県,鶴岡市,庄内,純米吟醸,['美山錦'],2.0,1.65,0.95,15.45,40.0,-0.51,,3.2026129,5.257081,0.26804909548960637,-1.806060833310283,False,0
大山,純米吟醸,加藤嘉八郎酒造,山形県,鶴岡市,庄内,純米吟醸,"['出羽燦々', '美山錦']",2.5,1.5,1.15,15.45,50.0,-0.38,,2.3217497,9.608479,0.25256268501436024,-0.5881853598548272,False,0
大山,特別純米 にごり酒,加藤嘉八郎酒造,山形県,鶴岡市,庄内,特別純米,['はえぬき'],5.5,1.8,1.0,14.45,60.0,-1.01,,11.140906,5.023756,-0.5840800082362563,-0.46557509847222067,False,0
大山,特別純米 超辛口,加藤嘉八郎酒造,山形県,鶴岡市,庄内,特別純米,['はえぬき'],12.0,1.8,0.95,15.45,60.0,-1.6,,10.512709,4.889151,0.22217318326240812,-0.3346214685826473,False,0
大山,特別純米 十水,加藤嘉八郎酒造,山形県,鶴岡市,庄内,特別純米,['はえぬき'],-6.0,1.9,1.2,15.45,60.0,-0.05,,13.722163,2.3210793,-0.9412100822214726,0.23498762293117328,False,0
大山,ＭＯＴＯＺＡＫＥ純米,加藤嘉八郎酒造,山形県,鶴岡市,庄内,純米,['はえぬき'],4.5,1.65,1.05,15.45,65.0,-0.74,,11.056056,3.4491236,-0.16184332070890692,0.1255818654405568,False,0
大山,特別純米酒,加藤嘉八郎酒造,山形県,鶴岡市,庄内,特別純米,['はえぬき'],3.5,1.55,1.1,15.45,60.0,-0.53,,11.707614,5.050767,0.015066434326538352,-0.08427565628536877,False,0
大山,辛口 純米酒,加藤嘉八郎酒造,山形県,鶴岡市,庄内,純米,['はえぬき'],4.5,1.65,1.05,15.45,65.0,-0.74,,11.045432,3.4518692,-0.16184332070890692,0.1255818654405568,False,0
大山,赤 純米,加藤嘉八郎酒造,山形県,鶴岡市,庄内,純米,['はえぬき'],4.5,1.65,1.05,15.45,65.0,-0.74,,11.025933,3.429412,-0.16184332070890692,0.1255818654405568,False,0
大山,純米酒,加藤嘉八郎酒造,山形県,鶴岡市,庄内,純米,['はえぬき'],4.5,1.65,1.05,15.45,65.0,-0.74,,11.066184,3.4696703,-0.16184332070890692,0.1255818654405568,False,0
大山,特別本醸造 超辛口,加藤嘉八郎酒造,山形県,鶴岡市,庄内,特別本醸造,['はえぬき'],9.5,1.25,0.95,15.45,60.0,-0.74,,9.939839,4.7127104,0.700974951331413,-0.5971275754397785,False,0
大山,本醸造,加藤嘉八郎酒造,山形県,鶴岡市,庄内,本醸造,['はえぬき'],4.5,1.25,0.95,15.45,65.0,-0.28,,10.196207,4.0970836,0.28532782205646423,-0.3588914675341469,False,0
大山,飛切,加藤嘉八郎酒造,山形県,鶴岡市,庄内,本醸造,['はえぬき'],5.0,1.3,0.95,15.45,65.0,-0.38,,10.241976,4.107695,0.25805429469104146,-0.33087004475974824,False,0
大山,燗麗辛口 本醸造,加藤嘉八郎酒造,山形県,鶴岡市,庄内,本醸造,"['はえぬき', 'ひとめぼれ']",6.5,1.25,0.95,15.45,70.0,-0.46,,10.461082,3.7760658,0.2868642825633421,-0.013953091085589236,False,0
大山,本醸造 生酒,加藤嘉八郎酒造,山形県,鶴岡市,庄内,本醸造,['はえぬき'],5.0,1.3,1.0,14.45,65.0,-0.38,,11.762822,3.1052852,-0.1608141348673557,-0.3627429967166045,False,0
大山,本醸造 しぼりたて,加藤嘉八郎酒造,山形県,鶴岡市,庄内,本醸造,['はえぬき'],3.0,1.65,0.9,16.5,65.0,-0.6,,8.514512,3.364744,0.1793995403845122,-0.1770591156050276,False,0
大山,特別純米 しぼりたて,加藤嘉八郎酒造,山形県,鶴岡市,庄内,特別純米,['出羽の里'],2.5,2.0,0.9,16.5,60.0,-0.96,,8.20483,3.329421,-0.13224692304656124,-0.35633389507363067,False,0
大山,本醸造 生酒,加藤嘉八郎酒造,山形県,鶴岡市,庄内,本醸造,['はえぬき'],5.0,1.3,0.8,14.45,65.0,-0.38,,9.608221,4.940337,-0.1796295326483219,-1.0052923480389768,False,0
大山,特別純米 生酒,加藤嘉八郎酒造,山形県,鶴岡市,庄内,特別純米,['出羽の里'],1.5,1.65,0.9,15.45,65.0,-0.46,,10.56327,3.741045,-0.3547478360939858,-0.4020596917124768,False,0
大山,純米大吟醸 瑞祥,加藤嘉八郎酒造,山形県,鶴岡市,庄内,純米大吟醸,['出羽燦々'],1.0,1.95,1.25,17.45,50.0,-0.76,,6.3164573,2.7506661,0.5060672615246077,0.27884361302833816,False,0
大山,特別限定 大吟醸,加藤嘉八郎酒造,山形県,鶴岡市,庄内,大吟醸,"['山田錦', '美山錦', '雪女神']",1.0,1.8,1.0,16.45,45.0,-0.59,,4.2387543,5.1283264,0.3478516517750647,-1.0925048764123675,False,0
大山,純米吟醸 封印酒 生酒,加藤嘉八郎酒造,山形県,鶴岡市,庄内,純米吟醸,['美山錦'],4.0,1.85,1.15,16.0,50.0,-0.93,,1.3005719,8.293734,0.17541743554216632,-0.3166411034917752,False,0
大山,特別純米酒 夏純米銀河,加藤嘉八郎酒造,山形県,鶴岡市,庄内,特別純米,['はえぬき'],-5.75,1.55,0.9,13.0,60.0,0.33,,12.674301,3.297853,-1.5927793620821844,-1.3394746438758596,False,0
大山,フラワーボトル 純米酒,加藤嘉八郎酒造,山形県,鶴岡市,庄内,純米,['はえぬき'],5.5,1.4,1.3,15.0,70.0,-0.54,,11.556774,1.0680783,-0.10163101817566753,1.0698349585963618,False,0
大山,特別純米酒 藍色ラベル,加藤嘉八郎酒造,山形県,鶴岡市,庄内,特別純米,['はえぬき'],3.5,1.55,1.1,15.45,60.0,-0.53,,11.787096,5.055976,0.015066434326538352,-0.08427565628536877,False,0
大山,特別純米酒 樽酒 春ラベル,加藤嘉八郎酒造,山形県,鶴岡市,庄内,特別純米,['はえぬき'],2.5,1.4,1.0,15.0,60.0,-0.27,,10.208197,4.829463,-0.07332938017775446,-0.5686226400638946,False,0
嘉美心,旨口ひやおろし,嘉美心酒造,岡山県,浅口市,備中,純米吟醸,['アケボノ'],-5.0,1.6,1.1,16.45,58.0,0.2,,9.258055,2.6342976,-0.07795017483956501,-0.1267133803103714,False,0
嘉美心,純米大吟醸,嘉美心酒造,岡山県,浅口市,備中,純米大吟醸,['山田錦'],4.0,1.3,1.0,15.45,35.0,-0.29,,3.1274886,4.8132715,0.909113593609315,-2.0721879721959025,False,0
嘉美心,うまさけ三昧 桃花源,嘉美心酒造,岡山県,浅口市,備中,特別純米,['アケボノ'],-6.0,1.3,1.2,14.45,35.0,0.64,,1.0568995,4.1807694,-0.09161984444453819,-1.77458072286516,False,0
嘉美心,渚のうた,嘉美心酒造,岡山県,浅口市,備中,特別純米,['アケボノ'],-2.5,1.25,1.1,14.45,58.0,0.37,,12.685891,3.7825806,-0.37659410719017455,-0.616424831983553,False,0
嘉美心,秘宝本醸造,嘉美心酒造,岡山県,浅口市,備中,特別本醸造,['アケボノ'],-4.5,1.3,1.0,15.45,58.0,0.5,,7.915935,4.563432,-0.13869719365023697,-0.7552757481339365,False,0
嘉美心,木陰の魚,嘉美心酒造,岡山県,浅口市,備中,清酒,['アケボノ'],-55.0,4.65,1.3,8.45,70.0,1.51,,14.60421,-1.5712614,-10.191390702931963,0.21266918732560408,False,0
嘉美心,しゅわしゅわ,嘉美心酒造,岡山県,浅口市,備中,清酒,['アケボノ'],-50.0,3.65,0.7,5.45,70.0,2.17,,14.605819,-1.5695921,-10.07911835073055,-2.624290473185565,False,0
嘉美心,桃花源 しぼりたて白桃酵母,嘉美心酒造,岡山県,浅口市,備中,純米吟醸,['アキヒカリ'],-6.0,1.6,1.2,16.45,58.0,0.29,,9.385577,2.5272794,-0.12814013163219995,0.1793181141303964,False,0
嘉美心,純米吟醸 生,嘉美心酒造,岡山県,浅口市,備中,純米吟醸,['アケボノ'],-2.0,1.5,1.2,16.0,58.0,0.04,,9.53002,2.3968966,0.033787675962598865,0.11286154427933698,False,0
嘉美心,純米大吟醸,嘉美心酒造,岡山県,浅口市,備中,純米大吟醸,['山田錦'],-4.0,1.4,1.0,15.45,35.0,0.34,,3.0527291,5.065204,0.31818763773040687,-2.1533337576308678,False,0
嘉美心,３５％ 山田錦 大吟醸,嘉美心酒造,岡山県,浅口市,備中,大吟醸,['山田錦'],2.0,1.25,0.8,15.45,35.0,-0.05,,3.328363,4.901379,0.8281752396690945,-2.765623518123301,False,0
嘉美心,夏の純米吟醸 涼想い,嘉美心酒造,岡山県,浅口市,備中,純米吟醸,['朝日'],-2.5,1.5,1.1,14.45,58.0,0.08,,12.834474,3.7401764,-0.6619558832250835,-0.5144256711626048,False,0
嘉美心,純米吟醸 祝酒,嘉美心酒造,岡山県,浅口市,備中,純米吟醸,['アケボノ'],-2.5,1.25,1.1,14.0,58.0,0.37,,12.74691,3.712358,-0.5672016327418117,-0.7030544623879051,False,0
嘉美心,純米大吟醸 （心）,嘉美心酒造,岡山県,浅口市,備中,純米大吟醸,['アケボノ'],-3.0,1.4,1.2,15.45,50.0,0.25,,2.4209592,9.436684,0.04362413861641619,-0.5521851830649124,False,0
嘉美心,純米吟醸 （心）,嘉美心酒造,岡山県,浅口市,備中,純米吟醸,['アケボノ'],-3.0,1.5,0.8,15.45,58.0,0.13,,8.8997965,4.564149,-0.29640552873445325,-1.2933609989689232,False,0
嘉美心,純米 （心）,嘉美心酒造,岡山県,浅口市,備中,純米,['アケボノ'],-2.5,1.5,0.8,15.45,70.0,0.08,,10.400092,3.6675966,-0.5489879429553541,-0.5310545747401826,False,0
賀茂泉,造賀 純米生詰 ひやおろし,賀茂泉酒造,広島県,東広島市,西条（東広島）,純米,['山田錦'],0.0,1.8,1.2,15.0,65.0,-0.5,,12.947824,1.9399838,-0.7777458141197962,0.5134694295286716,False,1
賀茂泉,山吹色の酒,賀茂泉酒造,広島県,東広島市,西条（東広島）,純米吟醸,"['広島八反', '中生新千本']",1.0,1.6,1.2,15.0,60.0,-0.36,,14.18574,3.0728233,-0.3721998867493927,0.13266126808460948,False,1
賀茂泉,朱泉 本仕込,賀茂泉酒造,広島県,東広島市,西条（東広島）,純米吟醸,"['広島八反', '中生新千本']",1.0,1.8,1.2,16.0,58.0,-0.59,,9.036387,2.18147,-0.1298534882299378,0.2809900809257289,False,1
賀茂泉,緑泉 本仕込,賀茂泉酒造,広島県,東広島市,西条（東広島）,純米吟醸,"['広島八反', '中生新千本']",1.0,1.8,1.2,15.0,60.0,-0.59,,14.2267275,2.5769134,-0.6004893075773198,0.21426059674136805,False,1
賀茂泉,造賀,賀茂泉酒造,広島県,東広島市,西条（東広島）,純米,['山田錦'],0.0,1.8,1.2,15.0,65.0,-0.5,,12.961609,1.9436791,-0.7777458141197962,0.5134694295286716,False,1
賀茂泉,ＣＯＫＵＮ,賀茂泉酒造,広島県,東広島市,西条（東広島）,純米,['酒造好適米'],-60.0,5.0,1.2,8.0,70.0,1.61,,14.623164,-1.5937126,-11.088900692238546,-0.12865219969269753,False,1
賀茂泉,ＣＯＫＵＮ ＋,賀茂泉酒造,広島県,東広島市,西条（東広島）,リキュール,['酒造好適米'],-60.0,5.0,1.2,8.0,70.0,1.61,,14.632482,-1.60272,-11.088900692238546,-0.12865219969269753,False,1
賀茂泉,純米吟醸 搾りたて生酒,賀茂泉酒造,広島県,東広島市,西条（東広島）,純米吟醸,"['中生新千本', '広島八反']",-1.5,1.6,1.2,15.0,58.0,-0.13,,14.026546,3.0713477,-0.4741304856134445,-0.03122749056952422,False,1
賀茂泉,青泉 純米吟醸生酒,賀茂泉酒造,広島県,東広島市,西条（東広島）,純米吟醸,"['中生新千本', '広島八反']",0.0,1.8,1.2,15.0,58.0,-0.5,,14.196322,2.6250074,-0.6130234229166945,0.07323660991786138,False,1
賀茂泉,造賀 純米生酒,賀茂泉酒造,広島県,東広島市,西条（東広島）,純米,['山田錦'],0.0,1.7,1.2,15.0,65.0,-0.38,,12.8692665,1.9107175,-0.6636011037058325,0.4726697652002923,False,1
白真弓,Ｊａｎｐａｎ,蒲酒造場,岐阜県,飛騨市,飛騨,清酒,"['ひだほまれ', 'ひとめぼれ']",-22.0,2.4,1.7,11.5,60.0,0.88,,13.52833,-0.556422,-4.091568132833137,1.0410527786918873,False,0
白真弓,純米吟醸 ひだほまれ,蒲酒造場,岐阜県,飛騨市,飛騨,純米吟醸,['ひだほまれ'],-1.0,1.3,1.2,15.5,55.0,0.18,,13.938825,7.91432,0.1804839234874397,-0.23842095645536132,False,0
白真弓,やんちゃ酒,蒲酒造場,岐阜県,飛騨市,飛騨,本醸造,"['ひだほまれ', 'ひとめぼれ']",2.0,1.4,1.4,15.7,60.0,-0.22,,10.02588,0.101508334,0.23100318284516577,0.8436116748218558,False,0
西の関,秘蔵酒,萱島酒造,大分県,国東市,北部,大吟醸,['山田錦'],5.0,1.2,1.0,17.0,35.0,-0.27,,3.7854257,4.137129,1.739392992162037,-1.799353506133317,False,0
西の関,袋取り雫酒,萱島酒造,大分県,国東市,北部,大吟醸,['山田錦'],4.0,1.3,1.0,17.0,35.0,-0.29,,3.6964092,4.1211305,1.5656506260649552,-1.7737970230253557,False,0
西の関,滴酒,萱島酒造,大分県,国東市,北部,大吟醸,['山田錦'],5.0,1.2,1.0,16.0,35.0,-0.27,,3.2821681,4.522512,1.3158207131583983,-1.9918637959207666,False,0
西の関,美吟 純米,萱島酒造,大分県,国東市,北部,純米吟醸,"['山田錦', '美山錦']",0.5,1.3,1.5,16.0,50.0,0.04,,8.807146,-1.9023011,0.6275484940447438,0.5300709732448278,False,0
西の関,美吟 吟醸,萱島酒造,大分県,国東市,北部,吟醸,['山田錦'],3.0,1.2,1.2,16.0,50.0,-0.08,,3.7604876,9.99097,0.8624642469950533,-0.4364447650160654,False,0
西の関,手造り純米酒,萱島酒造,大分県,国東市,北部,純米,"['ヒノヒカリ', '八反錦']",-2.0,1.4,2.0,15.0,60.0,0.15,,10.0331335,-1.6345053,-0.24744184184695456,2.575529801056087,False,0
西の関,上撰 本醸造 辛口,萱島酒造,大分県,国東市,北部,本醸造,"['八反錦', 'ヒノヒカリ']",2.5,1.2,1.8,15.0,60.0,-0.03,,9.905894,-1.3064703,0.23022163177403757,1.9199754365688373,False,0
蓬莱泉・明眸,蓬莱泉 和醸良酒,関谷醸造,愛知県,北設楽郡設楽町,東三河,清酒,"['夢山水', 'チヨニシキ']",8.0,1.1,1.2,15.0,60.0,-0.43,,14.268463,4.8401346,0.6157072551022518,0.03536521498563916,False,1
蓬莱泉・明眸,明眸 純米造り,関谷醸造,愛知県,北設楽郡設楽町,東三河,純米,"['酒造好適米', '一般米']",6.0,1.1,1.3,15.0,60.0,-0.24,,14.046313,4.5524807,0.5059196426264988,0.32615352820598964,False,0
亀泉,純米吟醸原酒 高育６３号 ひやおろし,亀泉酒造,高知県,土佐市,中部,純米吟醸,['風鳴子'],3.0,1.7,1.0,16.5,55.0,-0.66,33.0,7.6302385,3.6017637,0.3670525857867301,-0.46428863579509505,False,0
亀泉,麓,亀泉酒造,高知県,土佐市,中部,純米吟醸,['吟の夢'],5.0,1.5,1.1,15.45,50.0,-0.61,33.0,2.2605402,9.731044,0.39685297477691395,-0.7107147446343747,False,0
亀泉,純米酒,亀泉酒造,高知県,土佐市,中部,純米,['土佐錦'],5.0,1.4,1.0,15.0,60.0,-0.5,33.0,10.137807,4.817843,0.0756647590300407,-0.5305146870128495,False,0
亀泉,純米吟醸生原酒 ＣＥＬ－２４,亀泉酒造,高知県,土佐市,中部,純米吟醸,['八反錦'],-10.0,1.8,1.0,14.0,50.0,0.44,33.0,8.350211,5.619572,-1.4631334951575068,-1.4173780658084953,False,0
亀泉,純米吟醸生原酒 高育６３号,亀泉酒造,高知県,土佐市,中部,純米吟醸,['風鳴子'],3.0,1.6,1.0,16.5,55.0,-0.54,33.0,7.5073557,3.588901,0.4811972962006935,-0.5050883001234743,False,0
亀泉,酒家長春萬寿亀泉,亀泉酒造,高知県,土佐市,中部,純米大吟醸,['山田錦'],2.5,1.5,1.0,16.45,35.0,-0.38,33.0,3.564466,4.46522,1.0149999682603494,-1.8209431255823216,False,0
亀泉,貴賓,亀泉酒造,高知県,土佐市,中部,純米大吟醸,['山田錦'],4.0,1.5,1.0,16.45,40.0,-0.52,33.0,3.788072,4.6986694,0.9867376009256682,-1.4836263397439728,False,0
菊姫,純米ひやおろし,菊姫,石川県,白山市,加賀,純米,['山田錦'],-2.0,1.8,1.4,18.0,65.0,-0.31,74.0,7.9580913,0.23173118,0.39259110930585006,1.7030632877725567,False,0
菊姫,山廃吟醸,菊姫,石川県,白山市,加賀,吟醸,['山田錦'],4.0,1.4,1.3,17.0,55.0,-0.4,74.0,7.299476,2.2501636,1.009093608885008,0.4886347243174689,False,0
菊姫,吟醸 加陽菊酒,菊姫,石川県,白山市,加賀,吟醸,['山田錦'],5.5,1.1,1.1,17.0,55.0,-0.2,74.0,7.1115837,3.1385658,1.4221088258706092,-0.2534488481594143,False,0
菊姫,山廃純米酒,菊姫,石川県,白山市,加賀,純米,['山田錦'],-1.0,2.5,1.9,16.45,70.0,-1.22,74.0,10.500527,-1.6876497,-1.0739815967713602,3.6263385624347357,False,0
菊姫,金劔,菊姫,石川県,白山市,加賀,純米,['山田錦'],-3.0,1.7,1.5,15.45,65.0,-0.1,74.0,10.413644,-0.5177675,-0.6235634485321002,1.4773938789269494,False,0
菊姫,大吟醸,菊姫,石川県,白山市,加賀,大吟醸,['山田錦'],5.5,1.1,1.0,17.0,50.0,-0.2,74.0,6.8282156,3.5056925,1.5303599778394845,-0.8891755378283225,False,0
雲乃井,純米吟醸 雲乃井,吉田金右衛門商店,福井県,福井市,嶺北,純米吟醸,['五百万石'],2.0,1.6,1.5,15.5,55.0,-0.45,,9.093839,-1.7690939,0.04506585596635239,0.8935316071745895,False,0
雲乃井,うららの雲乃井,吉田金右衛門商店,福井県,福井市,嶺北,純米吟醸,['五百万石'],-1.0,1.6,1.5,15.5,55.0,-0.17,,9.073164,-1.7961091,-0.13372711108300178,0.8478020635133354,False,0
腰古井,露しぐれ,吉野酒造,千葉県,勝浦市,九十九里・外房,吟醸,['五百万石'],5.0,1.5,1.1,15.45,55.0,-0.61,,14.038119,8.886906,0.2791941239175556,-0.39626273062665307,False,0
菊秀,純米吟醸 無尽蔵 ひやおろし,橘倉酒造,長野県,佐久市,東信,純米吟醸,['ひとごこち'],2.5,1.5,1.5,16.0,59.0,-0.38,,9.718224,-0.52787805,0.30666845303620777,1.2081702895563216,False,0
菊秀,純米酒,橘倉酒造,長野県,佐久市,東信,純米,['美山錦'],2.0,1.5,1.1,15.45,59.0,-0.34,,11.792375,5.0043554,0.006274076180714736,-0.1904306630817298,False,0
菊秀,たまゆら,橘倉酒造,長野県,佐久市,東信,純米,['一般米'],-80.0,1.5,0.8,8.0,70.0,0.18,,14.473266,-1.4110554,-8.323419736974113,-3.1466027782390777,False,1
菊秀,純米吟醸 無尽蔵 槽場直詰,橘倉酒造,長野県,佐久市,東信,純米吟醸,['ひとごこち'],4.0,1.55,1.25,17.0,59.0,-0.58,,7.698565,1.6368005,0.7390456131313341,0.6407584941856219,False,0
菊秀,純米吟醸 無尽蔵 槽取壱番,橘倉酒造,長野県,佐久市,東信,純米吟醸,['ひとごこち'],4.0,1.5,1.25,16.0,59.0,-0.52,,9.477554,1.5135319,0.37254568933467713,0.42784837223398264,False,0
菊秀,純米吟醸 無尽蔵 夏吟醸 生酒,橘倉酒造,長野県,佐久市,東信,純米吟醸,['ひとごこち'],4.0,1.7,1.3,16.0,59.0,-0.75,,9.448045,1.2125939,0.14896011795199157,0.6700850387213345,False,0
久米桜,八郷,久米桜酒造,鳥取県,西伯郡伯耆町,西部（伯耆）,特別純米,['山田錦'],5.0,2.0,1.8,15.45,60.0,-1.19,,10.317007,-1.4432601,-0.34333438677823885,2.371110334651269,False,0
真澄,純米吟醸 ひやおろし,宮坂醸造,長野県,諏訪市,南信,純米吟醸,"['美山錦', 'ひとごこち']",-1.0,1.7,1.8,15.0,55.0,-0.29,53.0,9.937926,-1.563947,-0.4314348643273352,1.756170609931549,False,0
真澄,純米大吟醸 山花 箱入,宮坂醸造,長野県,諏訪市,南信,純米大吟醸,['山田錦'],3.0,1.9,1.2,16.0,45.0,-0.89,53.0,1.5846304,7.8798747,0.18111012495666656,-0.46529912872513207,False,0
真澄,辛口生一本,宮坂醸造,長野県,諏訪市,南信,純米吟醸,"['美山錦', '山田錦']",3.0,1.6,0.9,15.45,55.0,-0.54,53.0,8.352234,5.028502,0.02703870435638952,-1.0284987800614824,False,0
真澄,奥伝寒造り,宮坂醸造,長野県,諏訪市,南信,純米,"['ひとごこち', '美山錦']",1.0,1.7,1.1,15.45,60.0,-0.47,53.0,11.588681,5.0604534,-0.3051447705022021,-0.06118411284384492,False,0
真澄,本醸造 特撰,宮坂醸造,長野県,諏訪市,南信,本醸造,"['山田錦', 'ひとごこち']",3.0,1.1,0.8,15.45,55.0,0.04,53.0,8.959835,4.85431,0.5883545575357244,-1.5537717773645652,False,0
真澄,純米吟醸 あらばしり,宮坂醸造,長野県,諏訪市,南信,純米吟醸,"['山恵錦', 'ひとごこち']",-2.0,2.0,1.2,17.0,55.0,-0.54,53.0,7.1328635,2.2817402,-0.042768286587965436,0.32069894730405,False,0
真澄,純米吟醸 生酒,宮坂醸造,長野県,諏訪市,南信,純米吟醸,"['美山錦', 'ひとごこち']",-1.0,1.4,0.7,14.0,55.0,0.06,53.0,9.1410265,5.0819087,-0.6160576998843973,-2.0927601051140874,False,0
信濃錦,一瓢 ひやおろし,宮島酒店,長野県,伊那市,南信,特別純米,['美山錦'],10.0,1.8,1.3,16.5,61.0,-1.42,,9.050178,0.89903444,0.5571239407948123,1.0243797408690354,False,0
信濃錦,れとろらべる ひやおろし,宮島酒店,長野県,伊那市,南信,純米吟醸,['美山錦'],-1.0,1.7,1.3,15.5,50.0,-0.29,,1.6133382,8.721964,-0.14902836841857312,-0.06839963748837923,False,0
信濃錦,斗瓶取り雫酒 青瓶,宮島酒店,長野県,伊那市,南信,純米大吟醸,['美山錦'],1.0,1.6,1.2,16.5,40.0,-0.36,,2.9932752,3.802369,0.7337939351934987,-0.8363813532651028,False,0
信濃錦,斗瓶取り雫酒 黒瓶,宮島酒店,長野県,伊那市,南信,純米大吟醸,['美山錦'],1.0,1.6,1.2,16.5,40.0,-0.36,,2.9930823,3.8051565,0.7337939351934987,-0.8363813532651028,False,0
信濃錦,れとろらべる,宮島酒店,長野県,伊那市,南信,純米吟醸,['美山錦'],1.0,1.6,1.2,15.5,50.0,-0.36,,1.8710691,9.31518,0.07490395447114329,-0.399987615037109,False,0
信濃錦,命まるごと,宮島酒店,長野県,伊那市,南信,特別純米,['美山錦'],5.0,2.0,1.4,16.0,80.0,-1.19,,11.8216715,-0.18793435,-0.618635832325603,2.449700347420507,False,0
信濃錦,芳醇 純米酒,宮島酒店,長野県,伊那市,南信,特別純米,['美山錦'],3.0,1.6,1.3,15.5,61.0,-0.54,,14.782037,3.1997304,-0.055342507162725756,0.6435678538819011,False,0
信濃錦,一瓢,宮島酒店,長野県,伊那市,南信,特別純米,['美山錦'],10.0,1.7,1.3,15.5,61.0,-1.31,,12.450494,1.1688617,0.24769637220513727,0.7910697867532065,False,0
信濃錦,純米 極辛口,宮島酒店,長野県,伊那市,南信,純米,['美山錦'],13.0,1.7,1.3,15.5,70.0,-1.58,,12.487027,0.8225367,0.21470340770764654,1.4028129556283595,False,0
信濃錦,純米酒 将棊頭,宮島酒店,長野県,伊那市,南信,純米,['美山錦'],-2.0,1.8,1.3,15.5,70.0,-0.31,,12.519991,0.46587208,-0.7934061379530881,1.2149649016504687,False,0
信濃錦,かかし純米,宮島酒店,長野県,伊那市,南信,純米,['美山錦'],5.0,1.7,1.4,15.5,70.0,-0.85,,11.5393915,-0.31435755,-0.25267013886681494,1.6021421815262014,False,0
信濃錦,純米 美山錦仕込,宮島酒店,長野県,伊那市,南信,純米,['美山錦'],5.0,1.8,1.4,15.5,80.0,-0.96,,11.780217,-0.088450946,-0.6021325509994953,2.271845873870024,False,0
信濃錦,一瓢 しぼりたて,宮島酒店,長野県,伊那市,南信,特別純米,['美山錦'],10.0,1.8,1.3,16.0,61.0,-1.42,,9.133127,0.8935255,0.3453378012929929,0.9281245959753106,False,0
信濃錦,れとろらべる しぼりたて,宮島酒店,長野県,伊那市,南信,純米吟醸,['美山錦'],-1.0,1.8,1.3,17.0,50.0,-0.4,,6.2829485,2.7448921,0.3721853396729213,0.26116546152117437,False,0
信濃錦,一瓢 生酒,宮島酒店,長野県,伊那市,南信,特別純米,['美山錦'],10.0,1.9,1.4,16.5,61.0,-1.54,,8.896613,0.68926674,0.45238692927133184,1.3864540808586006,False,0
信濃錦,スパークリング大自然 入道雲,宮島酒店,長野県,伊那市,南信,純米吟醸,['美山錦'],1.0,1.8,1.4,17.5,60.0,-0.59,,8.148194,0.22192657,0.47725678771274316,1.3380856725323642,False,0
信濃錦,無垢之酒,宮島酒店,長野県,伊那市,南信,純米吟醸,['山恵錦'],0.0,1.8,1.4,17.5,50.0,-0.5,,6.3371844,2.650416,0.6529768337483417,0.693938463296503,False,0
京姫,匠 純米大吟醸,京姫酒造,京都府,京都市伏見区,伏見,純米大吟醸,['山田錦'],1.0,1.5,1.1,15.5,45.0,-0.24,,2.9392438,6.489044,0.2972998168539822,-1.0765139690343957,False,0
京姫,匠 純米大吟醸 生貯蔵,京姫酒造,京都府,京都市伏見区,伏見,純米大吟醸,['国内産米'],-1.0,1.6,1.3,15.5,45.0,-0.17,,2.6283672,7.187284,0.08277519285474864,-0.4236513158244802,False,0
京姫,匠 山田錦大吟醸,京姫酒造,京都府,京都市伏見区,伏見,大吟醸,['山田錦'],2.0,1.5,1.2,15.5,50.0,-0.34,,2.3741584,9.562435,0.24864632056822505,-0.42554409814507027,False,0
京姫,匠 大吟醸 生貯蔵,京姫酒造,京都府,京都市伏見区,伏見,大吟醸,['山田錦'],3.0,1.3,1.0,16.5,50.0,-0.2,,6.870775,4.172747,0.9412902783019427,-0.9419393071163338,False,0
京姫,匠 大吟醸原酒 新酒しぼりたて,京姫酒造,京都府,京都市伏見区,伏見,大吟醸,['山田錦'],2.0,1.4,1.2,17.0,50.0,-0.22,,6.250347,3.167624,0.9981494494876468,-0.17757832779227528,False,0
京姫,大吟醸原酒 袋吊り 斗壜取り雫酒,京姫酒造,京都府,京都市伏見区,伏見,大吟醸,['山田錦'],3.0,1.2,1.1,18.0,40.0,-0.08,,3.8144872,4.055048,1.9355188078305643,-1.0016028891177955,False,0
京姫,純米大吟醸,京姫酒造,京都府,京都市伏見区,伏見,純米大吟醸,['山田錦'],1.0,1.5,1.1,15.5,45.0,-0.24,,2.9662228,6.5184493,0.2972998168539822,-1.0765139690343957,False,0
京姫,匠 純米吟醸,京姫酒造,京都府,京都市伏見区,伏見,純米吟醸,['国内産米'],0.0,1.5,1.3,15.5,60.0,-0.15,,15.036201,3.285376,-0.0964589936262446,0.4941482430907234,False,0
京姫,匠 純米吟醸原酒 ひやおろし,京姫酒造,京都府,京都市伏見区,伏見,純米吟醸,['山田錦'],0.5,1.5,1.6,17.5,60.0,-0.2,,8.452638,-0.41661143,0.8087074888940412,1.8506144402593905,False,0
京姫,純米大吟醸 紫,京姫酒造,京都府,京都市伏見区,伏見,純米大吟醸,['国内産米'],1.0,1.5,1.1,15.0,45.0,-0.24,,2.916668,6.535824,0.08551367735216288,-1.1727691139281204,False,0
玉乃光,純米大吟醸 備前雄町 有機肥料使用雄町１００％,玉乃光酒造,京都府,京都市伏見区,伏見,純米大吟醸,['雄町'],4.0,1.4,1.2,16.0,45.0,-0.4,,3.0764425,7.1571336,0.8114313327096027,-0.6540542691466105,False,1
玉乃光,純米大吟醸 備前雄町１００％,玉乃光酒造,京都府,京都市伏見区,伏見,純米大吟醸,['雄町'],3.0,1.5,0.9,16.0,50.0,-0.43,,7.203243,4.6910324,0.49180701908171315,-1.277869799014486,False,0
玉乃光,純米大吟醸 播州久米産山田錦,玉乃光酒造,京都府,京都市伏見区,伏見,純米大吟醸,['山田錦'],3.0,1.4,1.2,16.0,39.0,-0.31,,2.1263459,4.5652685,0.8930242980577145,-1.0466398671762944,False,1
玉乃光,純米大吟醸 京の琴 祝１００％,玉乃光酒造,京都府,京都市伏見区,伏見,純米大吟醸,['祝'],1.5,1.4,0.9,16.4,40.0,-0.17,,3.766766,4.604468,0.9213018592911714,-1.8934341472739562,False,0
玉乃光,純米大吟醸 こころの京,玉乃光酒造,京都府,京都市伏見区,伏見,純米大吟醸,['祝'],3.5,1.7,1.4,16.0,50.0,-0.71,,8.781056,-1.9152995,0.3403549205477606,0.4177244985584124,False,0
玉乃光,純米大吟醸 酒鵬,玉乃光酒造,京都府,京都市伏見区,伏見,純米大吟醸,['五百万石'],3.0,1.5,1.2,15.45,60.0,-0.43,,16.136082,3.492359,0.05174766058244424,0.20897759660141838,False,0
玉乃光,純米大吟醸 短稈渡船,玉乃光酒造,京都府,京都市伏見区,伏見,純米大吟醸,['短稈渡船'],3.0,1.4,1.2,16.0,50.0,-0.31,,2.959299,9.773832,0.6341748261671262,-0.3548454363593068,False,1
玉乃光,純米大吟醸 有機肥料使用 美山錦１００％,玉乃光酒造,京都府,京都市伏見区,伏見,純米大吟醸,['美山錦'],2.0,1.5,1.0,16.45,50.0,-0.34,,6.9315124,4.4160295,0.6322245878407153,-0.8852086741693659,False,0
玉乃光,純米吟醸 凛然山田錦,玉乃光酒造,京都府,京都市伏見区,伏見,純米吟醸,['山田錦'],3.0,1.8,1.2,16.0,60.0,-0.78,,8.948061,2.0134318,-0.057721717207445025,0.4372572489696536,False,1
玉乃光,純米吟醸 祝１００％,玉乃光酒造,京都府,京都市伏見区,伏見,純米吟醸,['祝'],2.0,1.8,1.2,16.0,60.0,-0.68,,8.951677,2.0408502,-0.11731937289056309,0.4220140677492356,False,1
玉乃光,純米吟醸 ＣＬＡＳＳＩＣ,玉乃光酒造,京都府,京都市伏見区,伏見,純米吟醸,['国内産米'],1.0,1.5,1.2,16.0,60.0,-0.24,,9.466571,2.222789,0.1655171026682097,0.28437189354367964,False,1
玉乃光,純米吟醸 酒楽,玉乃光酒造,京都府,京都市伏見区,伏見,純米吟醸,['国内産米'],3.0,1.6,1.2,14.0,60.0,-0.54,,13.273585,3.4872906,-0.6765768543867953,-0.02936265926200401,False,1
玉乃光,純米吟醸 酒魂,玉乃光酒造,京都府,京都市伏見区,伏見,純米吟醸,"['日本晴', '山田錦']",3.5,1.6,1.4,15.0,60.0,-0.59,,10.329574,-0.03504034,-0.2043903497606313,0.8133185724580269,False,0
玉乃光,純米吟醸 しぼりたて 生原酒,玉乃光酒造,京都府,京都市伏見区,伏見,純米吟醸,['美山錦'],2.0,1.6,1.4,17.45,60.0,-0.45,,8.147595,0.27042013,0.7439652502736062,1.2621040106066512,False,0
玉乃光,純米吟醸 夏生 祝１００％,玉乃光酒造,京都府,京都市伏見区,伏見,純米吟醸,['祝'],0.5,1.6,1.4,16.0,60.0,-0.31,,9.823015,0.13224618,0.040388962193653184,0.9600993185842224,False,0
玉乃光,純米吟醸 蔵元直送なまざけ,玉乃光酒造,京都府,京都市伏見区,伏見,純米吟醸,['国内産米'],3.0,1.6,1.2,16.0,60.0,-0.54,,9.234952,1.8419214,0.1705677036204821,0.35565792031289506,False,1
玉乃光,純米吟醸 冷蔵酒,玉乃光酒造,京都府,京都市伏見区,伏見,純米吟醸,['国内産米'],3.0,1.8,1.2,14.0,60.0,-0.78,,13.322963,3.3004732,-0.9048662752147224,0.05223666939475455,False,1
香露,純米吟醸,熊本県酒造研究所,熊本県,熊本市,熊本市周辺,純米吟醸,['山田錦'],0.5,1.6,1.0,16.0,45.0,-0.31,,4.0948505,5.1796064,0.3557347192097957,-1.2683554260836871,False,0
香露,大吟醸,熊本県酒造研究所,熊本県,熊本市,熊本市周辺,大吟醸,[],3.5,1.4,1.2,16.5,38.0,-0.36,,2.934186,3.9385946,1.1581410355729647,-1.005653534473905,False,0
香露,特別純米酒,熊本県酒造研究所,熊本県,熊本市,熊本市周辺,特別純米,"['山田錦', '華錦']",-4.0,1.8,1.9,15.0,58.0,-0.12,,10.061437,-1.62676,-0.7855601534157849,2.261186614664493,False,0
香露,本醸造 上撰,熊本県酒造研究所,熊本県,熊本市,熊本市周辺,本醸造,"['山田錦', 'いただき']",0.0,1.5,1.6,15.0,58.0,-0.15,,9.773788,-1.2592119,-0.23295849611287128,1.2359363195774689,False,0
久美の浦,純米吟醸,熊野酒造,京都府,京丹後市,丹後,純米吟醸,"['五百万石', '京の輝き']",3.0,1.6,1.5,15.5,60.0,-0.54,,10.030403,-0.58769524,-0.012995339209887869,1.2232268024027293,True,0
久美の浦,特別純米 ＫＥＮＲＯ,熊野酒造,京都府,京丹後市,丹後,特別純米,['山田錦'],0.0,1.7,1.2,16.0,55.0,-0.38,,12.705883,8.636978,-0.004711122983477204,0.0362760269722986,True,0
吟客,純米大吟醸 原酒,熊野酒造,京都府,京丹後市,丹後,純米大吟醸,['山田錦'],-3.0,1.6,1.3,16.3,40.0,0.01,,2.92334,3.8039064,0.4200965555507821,-0.6145814604430782,True,0
吟客ＫＵＲＯ,大吟醸原酒,熊野酒造,京都府,京丹後市,丹後,大吟醸,['祝'],-3.0,1.6,1.3,16.3,40.0,0.01,,2.838663,3.8650177,0.4200965555507821,-0.6145814604430782,True,0
久美の浦,純米大吟醸,熊野酒造,京都府,京丹後市,丹後,純米大吟醸,['山田錦'],0.0,1.2,1.2,15.8,50.0,0.2,,3.8653724,10.093692,0.5989568241449716,-0.5206763666348092,True,0
杜氏の独り言,純米吟醸,熊野酒造,京都府,京丹後市,丹後,純米吟醸,['コシヒカリ'],3.0,1.2,1.2,15.5,60.0,-0.08,,14.181352,5.021941,0.41536040577451727,0.09620411810565309,True,0
久美の浦,祝 純米酒,熊野酒造,京都府,京丹後市,丹後,純米,['祝'],6.0,1.7,1.7,15.5,65.0,-0.94,,10.682053,-1.205766,-0.04719053565288921,2.2667573757224564,True,0
久美の浦,特別本醸造,熊野酒造,京都府,京丹後市,丹後,特別本醸造,"['五百万石', '酒造好適米']",3.0,1.3,1.5,15.6,60.0,-0.2,,9.971022,-0.5602302,0.37179601993236666,1.1200788383963363,True,0
久美の浦,純米原酒 浮玉,熊野酒造,京都府,京丹後市,丹後,純米,"['五百万石', '日本晴']",1.0,1.8,1.8,18.0,60.0,-0.59,,8.569798,-0.6658515,0.726673722776495,2.719439520070835,True,0
久美の浦,秀醸,熊野酒造,京都府,京丹後市,丹後,普通酒,['五百万石'],1.0,1.3,1.3,15.8,70.0,-0.01,,11.299249,0.9129625,0.08318206486717586,1.1144492106060613,True,0
久美の浦,豊醸,熊野酒造,京都府,京丹後市,丹後,普通酒,[],1.0,1.3,1.3,15.3,70.0,-0.01,,11.456657,0.9334572,-0.12860407463464346,1.0181940657123365,True,0
久美の浦,しぼりたて生原酒,熊野酒造,京都府,京丹後市,丹後,普通酒,[],1.0,1.6,1.6,19.5,70.0,-0.36,,7.892241,-0.036401216,1.3361884626101972,2.912960302788321,True,0
じょうの酒,純米吟醸原酒,熊野酒造,京都府,京丹後市,丹後,純米,[],5.0,2.2,1.2,18.0,60.0,-1.43,,8.112909,1.7662584,0.45203931051021395,1.015962848298906,True,1
なつの冷や,,熊野酒造,京都府,京丹後市,丹後,普通酒,[],2.0,1.9,1.7,20.0,70.0,-0.8,,7.933166,-0.06705161,1.2745458254437272,3.4681322975487876,True,0
あき,ひやおろし 原酒,熊野酒造,京都府,京丹後市,丹後,,[],2.0,1.9,1.7,20.0,70.0,-0.8,,7.8854265,-0.037114087,1.2745458254437272,3.4681322975487876,True,0
久美の浦,特別本醸造 冷酒,熊野酒造,京都府,京丹後市,丹後,特別本醸造,[],2.0,1.2,1.2,15.0,60.0,0.01,,13.458109,4.5200405,0.14397661058957986,-0.015294208008489681,True,1
月の井,純米吟醸 生酒,月の井酒造店,茨城県,東茨城郡大洗町,県央,純米吟醸,['山田錦'],0.0,1.5,1.0,16.0,50.0,-0.15,,6.9521284,4.5703588,0.32242175092284203,-1.002324667014554,False,0
月の井,特別純米 ひやおろし,月の井酒造店,茨城県,東茨城郡大洗町,県央,特別純米,"['五百万石', '美山錦']",4.0,1.5,1.0,16.0,60.0,-0.52,,9.024607,3.8032565,0.3254946719365977,-0.31244791411743866,False,0
月の井,純米 無濾過生原酒,月の井酒造店,茨城県,東茨城郡大洗町,県央,純米,['五百万石'],3.0,1.5,1.0,17.0,60.0,-0.43,,7.892089,2.9099188,0.6894692952571183,-0.1351808055504072,False,0
月の井,全国新酒鑑評会金賞受賞酒 大吟醸,月の井酒造店,茨城県,東茨城郡大洗町,県央,大吟醸,['山田錦'],4.5,1.3,1.1,15.8,40.0,-0.33,,2.3761234,4.3499064,0.978911567133273,-1.361461090491178,False,0
月の井,純米吟醸 無濾過原酒,月の井酒造店,茨城県,東茨城郡大洗町,県央,純米吟醸,['山田錦'],1.0,1.7,1.2,17.0,50.0,-0.47,,6.3415637,2.8581152,0.596117662562638,-0.07042251602755543,False,1
月の井,純米吟醸,月の井酒造店,茨城県,東茨城郡大洗町,県央,純米吟醸,[],1.0,1.7,1.2,17.0,50.0,-0.47,,6.21671,2.9617503,0.596117662562638,-0.07042251602755543,False,1
月の井,純米,月の井酒造店,茨城県,東茨城郡大洗町,県央,純米,"['五百万石', '美山錦']",3.0,1.5,1.2,15.5,60.0,-0.43,,16.144384,3.4796023,0.07292627453262647,0.21860311109079097,False,1
月の井,大吟醸 吟凜,月の井酒造店,茨城県,東茨城郡大洗町,県央,大吟醸,['山田錦'],5.5,1.2,1.2,15.0,40.0,-0.31,,1.8021327,3.998456,0.8232038089179264,-1.2197511297679131,False,1
月の井,純米大吟醸 書,月の井酒造店,茨城県,東茨城郡大洗町,県央,純米大吟醸,['山田錦'],3.5,1.6,1.2,15.0,45.0,-0.59,,2.691043,7.0464478,0.12977080503647748,-0.7725868208875104,False,1
和の月,８０ 有機米純米酒 火入れ,月の井酒造店,茨城県,東茨城郡大洗町,県央,純米,['美山錦'],-4.0,1.9,1.2,15.0,80.0,-0.24,,12.291598,0.56437385,-1.4832576998443068,1.4366524109985437,False,0
和の月,６０ 有機米純米吟醸酒,月の井酒造店,茨城県,東茨城郡大洗町,県央,純米吟醸,['美山錦'],5.0,1.8,1.2,16.0,60.0,-0.96,,8.951593,1.972119,0.06147359415879112,0.46774361141048965,False,1
彦市,純米吟醸,月の井酒造店,茨城県,東茨城郡大洗町,県央,純米吟醸,['越神楽'],0.5,1.5,2.3,16.0,59.0,-0.2,,10.08385,-1.7618587,0.2627347327938366,3.747881332404975,False,0
鯛より,吟醸,月の井酒造店,茨城県,東茨城郡大洗町,県央,吟醸,['美山錦'],3.5,1.3,1.1,15.5,55.0,-0.24,,13.873735,7.9923315,0.43926567517098786,-0.49110131662466605,False,0
月桂冠,超特撰 鳳麟 純米大吟醸,月桂冠,京都府,京都市伏見区,伏見,純米大吟醸,"['山田錦', '五百万石']",2.0,1.5,1.2,16.5,50.0,,,6.1494074,3.190157,0.6722185995718638,-0.23303380835762075,False,2
月桂冠,山田錦 純米,月桂冠,京都府,京都市伏見区,伏見,純米,['山田錦'],3.5,1.5,1.2,14.5,55.0,,,13.637568,8.348049,-0.20318832577009488,-0.2807376020941712,False,2
凌駕,純米大吟醸,松乃井酒造場,新潟県,十日町市,中越,純米大吟醸,['越淡麗'],4.0,1.5,1.2,15.4,45.0,-0.52,,2.8137307,7.0842752,0.44314325489345585,-0.7287607786907008,False,1
凌駕,純米吟醸,松乃井酒造場,新潟県,十日町市,中越,純米吟醸,['越淡麗'],6.0,1.5,1.2,15.5,50.0,-0.71,,2.1674314,9.746402,0.4870369433006973,-0.3645713732633982,False,2
凌駕,特別純米,松乃井酒造場,新潟県,十日町市,中越,特別純米,['たかね錦'],5.0,1.6,1.2,15.5,55.0,-0.73,,14.593645,10.169339,0.19563572634425724,-0.024562876147715292,False,2
凌駕,吟醸,松乃井酒造場,新潟県,十日町市,中越,吟醸,"['五百万石', 'こしいぶき']",4.0,1.5,1.2,15.5,58.0,-0.52,,16.05925,3.6640007,0.17958747055948787,0.10806548670812036,False,2
凌駕,特別純米 無濾過 しぼりたて生,松乃井酒造場,新潟県,十日町市,中越,特別純米,['たかね錦'],3.0,1.5,1.2,15.5,55.0,-0.43,,13.970122,8.583677,0.1905851253919848,-0.09584890291693066,False,2
凌駕,吟醸 無濾過生原酒,松乃井酒造場,新潟県,十日町市,中越,吟醸,"['五百万石', 'こしいぶき']",4.0,1.3,1.2,15.5,58.0,-0.29,,14.579767,4.9560595,0.40787689138741506,0.02646615805136179,False,2
凌駕,特別純米 おりおり☆生,松乃井酒造場,新潟県,十日町市,中越,特別純米,['たかね錦'],4.0,1.6,1.2,15.5,55.0,-0.64,,14.536291,10.135909,0.1360380706611392,-0.0398060573681333,False,2
凌駕,純米 １０辛 辛口生,松乃井酒造場,新潟県,十日町市,中越,純米,"['五百万石', 'こしいぶき']",10.0,1.9,1.2,15.5,65.0,-1.54,,12.610603,1.0092877,-0.08412782820075965,0.8029560509549559,False,2
凌駕,純米 夏辛,松乃井酒造場,新潟県,十日町市,中越,純米,"['五百万石', 'こしいぶき']",10.0,1.7,1.2,15.5,65.0,-1.31,,12.425554,1.1343863,0.14416159262716746,0.7213567222981973,False,2
凌駕,特別純米 夏のオリオリ,松乃井酒造場,新潟県,十日町市,中越,特別純米,['たかね錦'],4.0,1.6,1.2,15.5,55.0,-0.64,,14.557832,10.123644,0.1360380706611392,-0.0398060573681333,False,2
凌駕,吟醸 弾ける夏ラベル,松乃井酒造場,新潟県,十日町市,中越,吟醸,"['五百万石', 'こしいぶき']",4.0,1.3,1.2,15.5,58.0,-0.29,,14.584045,4.958992,0.40787689138741506,0.02646615805136179,False,2
凌駕,純米吟醸 秋だより,松乃井酒造場,新潟県,十日町市,中越,純米吟醸,['越淡麗'],4.0,1.4,1.2,15.5,50.0,-0.4,,2.7601433,9.910857,0.4819863423484249,-0.4358574000326136,False,2
凌駕,特別純米 秋だより,松乃井酒造場,新潟県,十日町市,中越,特別純米,['たかね錦'],4.0,1.6,1.2,15.5,55.0,-0.64,,14.56796,10.160465,0.1360380706611392,-0.0398060573681333,False,2
凌駕,純米吟醸 １年蔵熟,松乃井酒造場,新潟県,十日町市,中越,純米吟醸,['越淡麗'],4.0,1.5,1.2,15.5,50.0,-0.52,,2.1832485,9.737461,0.3678416319344612,-0.39505773570423425,False,2
黒龍,石田屋,黒龍酒造,福井県,吉田郡永平寺町,嶺北,純米大吟醸,['山田錦'],3.0,1.2,1.2,15.5,35.0,-0.08,18.0,0.73508555,3.6549518,1.003654660071309,-1.476055951932955,False,2
黒龍,二左衛門,黒龍酒造,福井県,吉田郡永平寺町,嶺北,純米大吟醸,['山田錦'],2.0,1.2,1.2,15.5,35.0,0.01,18.0,0.64376944,3.7778442,0.944057004388191,-1.491299133153373,False,2
黒龍,八十八号,黒龍酒造,福井県,吉田郡永平寺町,嶺北,大吟醸,['山田錦'],1.5,1.1,1.2,15.5,35.0,0.17,18.0,0.7204284,3.675763,1.0284028869605955,-1.5397203880919612,False,2
黒龍,しずく,黒龍酒造,福井県,吉田郡永平寺町,嶺北,大吟醸,['山田錦'],4.0,1.0,1.2,15.5,35.0,0.06,18.0,0.8388052,3.570921,1.2915417365823543,-1.5424120993692956,False,2
黒龍,火いら寿（ひいらず）,黒龍酒造,福井県,吉田郡永平寺町,嶺北,純米大吟醸,['山田錦'],4.0,1.1,1.2,15.5,35.0,-0.06,18.0,0.76587117,3.5842752,1.1773970261683906,-1.5016124350409161,False,2
黒龍,龍,黒龍酒造,福井県,吉田郡永平寺町,嶺北,大吟醸,['山田錦'],4.0,1.0,1.2,15.5,40.0,0.06,18.0,1.702732,3.8168511,1.173882885722996,-1.227960085361574,False,2
黒龍,大吟醸,黒龍酒造,福井県,吉田郡永平寺町,嶺北,大吟醸,['山田錦'],3.0,1.0,1.2,15.5,50.0,0.15,18.0,4.0012565,8.998621,0.8789675283211611,-0.6142992385665488,False,2
黒龍,特吟,黒龍酒造,福井県,吉田郡永平寺町,嶺北,大吟醸,['酒造好適米'],4.0,1.1,1.2,15.5,50.0,-0.06,18.0,3.9819968,9.22492,0.8244204735903156,-0.5582563930177514,False,2
黒龍,純吟,黒龍酒造,福井県,吉田郡永平寺町,嶺北,純米吟醸,['五百万石'],4.5,1.3,1.2,15.5,55.0,-0.33,18.0,14.07864,7.847516,0.5082710297445892,-0.15458345974306217,False,2
黒龍,いっちょらい,黒龍酒造,福井県,吉田郡永平寺町,嶺北,吟醸,['五百万石'],5.5,1.1,1.2,15.5,55.0,-0.2,18.0,13.920419,7.5019727,0.7961581062556343,-0.22093960717940275,False,2
黒龍,餘波,黒龍酒造,福井県,吉田郡永平寺町,嶺北,吟醸,['五百万石'],4.0,1.0,1.2,15.5,55.0,0.06,18.0,13.877045,7.3787766,0.8209063331449209,-0.2846040433384091,False,2
黒龍,垂れ口,黒龍酒造,福井県,吉田郡永平寺町,嶺北,本醸造,['五百万石'],-6.0,1.7,1.2,15.5,65.0,0.18,18.0,13.132668,1.9761689,-0.8094008983027214,0.4774658227715089,False,2
黒龍,純吟 垂れ口,黒龍酒造,福井県,吉田郡永平寺町,嶺北,純米吟醸,['五百万石'],2.0,1.7,1.2,15.5,55.0,-0.57,18.0,12.871385,8.973461,-0.09730195111906041,-0.029492755480590122,False,2
黒龍,吟十八号,黒龍酒造,福井県,吉田郡永平寺町,嶺北,吟醸,['五百万石'],5.5,1.1,1.2,15.5,55.0,-0.2,18.0,13.9033575,7.4637175,0.7961581062556343,-0.22093960717940275,False,2
黒龍,吟醸 ひやおろし,黒龍酒造,福井県,吉田郡永平寺町,嶺北,吟醸,['五百万石'],6.0,1.3,1.2,15.5,55.0,-0.47,18.0,14.043495,7.9025736,0.5976675132692661,-0.13171868791243513,False,2
黒龍,純吟 三十八号,黒龍酒造,福井県,吉田郡永平寺町,嶺北,純米吟醸,['山田錦'],1.0,1.3,1.2,15.5,50.0,-0.01,18.0,3.905353,10.325243,0.4173380857130341,-0.5223866080222469,False,2
黒龍,吟のとびら,黒龍酒造,福井県,吉田郡永平寺町,嶺北,大吟醸,['酒造好適米'],4.5,1.0,1.2,15.5,50.0,0.01,18.0,3.9953094,8.953248,0.9683640118458383,-0.5914344667359217,False,2
黒龍,貴醸酒,黒龍酒造,福井県,吉田郡永平寺町,嶺北,,['五百万石'],-35.0,1.5,1.2,15.5,55.0,3.19,18.0,13.306523,2.4046223,-2.0741257905665016,-0.6750897892928156,False,2
黒龍,九頭龍 大吟醸,黒龍酒造,福井県,吉田郡永平寺町,嶺北,大吟醸,['酒造好適米'],4.0,1.0,1.2,15.5,50.0,0.06,18.0,3.9970646,8.9819355,0.9385651840042792,-0.5990560573461308,False,2
黒龍,九頭龍 純米,黒龍酒造,福井県,吉田郡永平寺町,嶺北,純米,['五百万石'],5.5,1.4,1.2,15.5,65.0,-0.54,18.0,12.08029,1.547668,0.21840627329502701,0.5303634138211782,False,2
黒龍,九頭龍 逸品,黒龍酒造,福井県,吉田郡永平寺町,嶺北,普通酒,['酒造好適米'],3.5,1.0,1.2,15.5,65.0,0.11,18.0,11.538172,2.2570798,0.5557898035846452,0.3366783940668251,False,2
黒龍,九頭龍 純米 夏しぼり,黒龍酒造,福井県,吉田郡永平寺町,嶺北,純米,['五百万石'],10.0,1.6,1.2,15.5,65.0,-1.19,18.0,12.36527,1.1740674,0.2583063030411309,0.680557057969818,False,2
明鏡止水,純米大吟醸 Ｐｌａｔｉｎｕｍ,大澤酒造,長野県,佐久市,東信,純米大吟醸,['山田錦'],3.0,1.5,1.2,15.5,35.0,-0.43,,0.38136402,4.401625,0.6612205288294182,-1.3536569589478171,False,2
明鏡止水,純米大吟醸 斗瓶囲い,大澤酒造,長野県,佐久市,東信,純米大吟醸,['山田錦'],3.0,1.6,1.2,15.5,35.0,-0.54,,0.4130207,4.5299344,0.5470758184154545,-1.312857294619438,False,2
明鏡止水,大吟醸 斗瓶囲い,大澤酒造,長野県,佐久市,東信,大吟醸,['山田錦'],3.0,1.5,1.2,15.5,40.0,-0.43,,1.6111847,5.037951,0.5435616779700598,-1.0392049449400955,False,2
明鏡止水,純米大吟醸 磨３５,大澤酒造,長野県,佐久市,東信,純米大吟醸,['山田錦'],3.0,1.6,1.2,15.5,35.0,-0.54,,0.41133407,4.5287585,0.5470758184154545,-1.312857294619438,False,2
明鏡止水,大吟醸,大澤酒造,長野県,佐久市,東信,大吟醸,['山田錦'],2.0,1.4,1.2,15.5,40.0,-0.22,,1.8771061,4.822443,0.5981087327009055,-1.0952477904888929,False,2
明鏡止水,純米大吟醸 ｍ＇,大澤酒造,長野県,佐久市,東信,純米大吟醸,"['山田錦', '美山錦']",3.0,1.6,1.2,15.5,45.0,-0.54,,2.639156,7.0741396,0.31175811669673775,-0.6839532666039947,False,2
明鏡止水,純米吟醸,大澤酒造,長野県,佐久市,東信,純米吟醸,['美山錦'],2.0,1.6,1.2,15.5,50.0,-0.45,,1.6654055,9.495624,0.13450161015426135,-0.384744433816691,False,2
明鏡止水,吟醸,大澤酒造,長野県,佐久市,東信,吟醸,['美山錦'],3.0,1.6,1.2,15.5,50.0,-0.54,,1.5909468,9.557621,0.1940992658373794,-0.369501252596273,False,2
明鏡止水,純米 垂氷,大澤酒造,長野県,佐久市,東信,純米,['山田錦'],4.0,1.7,1.2,15.5,60.0,-0.75,,15.389342,1.5866297,-0.09576549061218256,0.3154456209679675,False,2
明鏡止水,辛口本醸造,大澤酒造,長野県,佐久市,東信,本醸造,['美山錦'],7.0,1.2,1.2,15.5,60.0,-0.45,,14.347949,4.907231,0.6537510285069896,0.15717684298732518,False,2
明鏡止水,純米 新酒生 初しぼり 日本の冬,大澤酒造,長野県,佐久市,東信,純米,['美山錦'],4.0,1.7,1.2,15.5,59.0,-0.75,,15.446817,1.6073799,-0.0722337204403109,0.25255521816642323,False,2
明鏡止水,純米吟醸 生 吟織,大澤酒造,長野県,佐久市,東信,純米吟醸,['美山錦'],4.0,1.7,1.2,15.5,50.0,-0.75,,1.0949212,8.563287,0.13955221110653407,-0.3134584070474757,False,2
明鏡止水,純米吟醸 甕口 無濾過生原酒,大澤酒造,長野県,佐久市,東信,純米吟醸,['美山錦'],2.0,1.8,1.2,15.5,50.0,-0.68,,1.3361491,8.295763,-0.0937878106736658,-0.3031451051599324,False,2
明鏡止水,純米 垂氷 甕口 生原酒,大澤酒造,長野県,佐久市,東信,純米,['山田錦'],5.0,1.8,1.2,15.5,60.0,-0.96,,14.872132,1.5871596,-0.15031254534302824,0.37148846651676487,False,2
明鏡止水,特撰純米吟醸,大澤酒造,長野県,佐久市,東信,純米吟醸,['山田錦'],3.0,1.6,1.2,15.5,50.0,-0.54,,1.5444875,9.592126,0.1940992658373794,-0.369501252596273,False,2
明鏡止水,純米 日本の夏,大澤酒造,長野県,佐久市,東信,純米,['美山錦'],4.0,1.6,1.2,15.5,60.0,-0.64,,17.958973,3.6681287,0.01837921980178089,0.2746459566395883,False,2
明鏡止水,純米大吟醸 寿来,大澤酒造,長野県,佐久市,東信,純米大吟醸,['酒造好適米'],3.0,1.6,1.2,15.5,35.0,-0.54,,0.4226104,4.552883,0.5470758184154545,-1.312857294619438,False,2
明鏡止水,特撰純米吟醸 ひやおろし,大澤酒造,長野県,佐久市,東信,純米吟醸,['山田錦'],3.0,1.6,1.2,15.5,50.0,-0.54,,1.5351979,9.570841,0.1940992658373794,-0.369501252596273,False,2
明鏡止水,純米吟醸 吟織 秋あがり,大澤酒造,長野県,佐久市,東信,純米吟醸,['美山錦'],4.0,1.6,1.2,15.5,55.0,-0.64,,14.580168,10.155756,0.1360380706611392,-0.0398060573681333,False,2
明鏡止水,純米吟醸 甕口 無濾過生詰原酒,大澤酒造,長野県,佐久市,東信,純米吟醸,['美山錦'],5.0,1.8,1.2,15.5,50.0,-0.96,,1.2357782,8.364641,0.08500515637568841,-0.25741556149867834,False,2
明鏡止水,純米 雄町,大澤酒造,長野県,佐久市,東信,純米,['雄町'],3.0,1.6,1.2,15.5,60.0,-0.54,,17.95218,3.6655552,-0.04121843588133723,0.2594027754191703,False,2
明鏡止水,ＰＡＳＳＩＯＮ－１５ ＲＵＲＩ,大澤酒造,長野県,佐久市,東信,大吟醸,['山田錦'],3.0,1.4,1.2,15.5,45.0,-0.31,,2.9919813,7.192976,0.5400475375246652,-0.7655525952607533,False,2
明鏡止水,ＰＡＳＳＩＯＮ－１５,大澤酒造,長野県,佐久市,東信,純米吟醸,['美山錦'],4.0,1.7,1.2,15.5,50.0,-0.75,,1.137218,8.476087,0.13955221110653407,-0.3134584070474757,False,2
明鏡止水,純米大吟醸 勢起 ２７ＢＹ,大澤酒造,長野県,佐久市,東信,純米大吟醸,['金紋錦'],4.0,1.6,1.2,15.5,45.0,-0.64,,2.604658,7.084005,0.3713557723798559,-0.6687100853835766,False,2
明鏡止水,純米吟醸 勢起 ２７ＢＹ,大澤酒造,長野県,佐久市,東信,純米吟醸,['金紋錦'],4.0,1.6,1.2,15.5,55.0,-0.64,,14.635683,10.128268,0.1360380706611392,-0.0398060573681333,False,2
明鏡止水,純米 勢起 ２９ＢＹ,大澤酒造,長野県,佐久市,東信,純米,['金紋錦'],2.0,1.7,1.2,15.5,65.0,-0.57,,12.950886,1.4634976,-0.33261965283777706,0.599411272534853,False,2
初亀,秘蔵純米大吟醸 亀,初亀醸造,静岡県,藤枝市,中部,純米大吟醸,['山田錦'],2.0,1.6,1.2,15.5,35.0,-0.45,,0.40703467,4.5471163,0.48747816273233635,-1.3281004758398558,False,2
初亀,大吟醸 愛,初亀醸造,静岡県,藤枝市,中部,大吟醸,['山田錦'],3.0,1.0,1.2,15.5,45.0,0.15,,3.7570026,8.395911,0.9966263791805194,-0.9287512525742704,False,2
初亀,吟醸 初しぼり 生原酒,初亀醸造,静岡県,藤枝市,中部,吟醸,"['山田錦', '雄山錦']",6.0,1.6,1.2,15.5,55.0,-0.82,,14.412776,10.293158,0.2552333820273753,-0.00931969492729725,False,2
麓井,きもと純米大吟醸 斗瓶囲い,麓井酒造,山形県,酒田市,庄内,純米大吟醸,['山田錦'],1.0,0.6,1.2,15.5,40.0,0.8,,1.2936801,3.6784384,1.451668760329496,-1.4368882863363452,False,2
麓井,圓 大吟醸 斗瓶囲い,麓井酒造,山形県,酒田市,庄内,大吟醸,['山田錦'],0.0,1.4,1.2,15.5,35.0,-0.03,,0.4972151,4.0823307,0.5965722721940276,-1.4401861669374505,False,2
麓井,きもと純米大吟醸,麓井酒造,山形県,酒田市,庄内,純米大吟醸,['山田錦'],1.0,1.6,1.2,15.5,40.0,-0.36,,1.5851367,5.2364,0.31022165618986,-1.028891643052552,False,2
麓井,圓 大吟醸,麓井酒造,山形県,酒田市,庄内,大吟醸,['山田錦'],0.0,1.4,1.2,15.5,35.0,-0.03,,0.51350534,4.032456,0.5965722721940276,-1.4401861669374505,False,2
麓井,フモトヰ 純米大吟醸 雪女神,麓井酒造,山形県,酒田市,庄内,純米大吟醸,['雪女神'],0.0,1.6,1.2,15.5,35.0,-0.27,,0.4242905,4.49083,0.36828285136610023,-1.3585868382806918,False,2
麓井,フモトヰ 生もと 純米吟醸,麓井酒造,山形県,酒田市,庄内,純米吟醸,['山田錦'],3.0,1.6,1.2,15.5,50.0,-0.54,,1.5743171,9.565588,0.1940992658373794,-0.369501252596273,False,2
麓井,生もと 純米吟醸 雄町,麓井酒造,山形県,酒田市,庄内,純米吟醸,['雄町'],5.0,1.6,1.2,15.5,50.0,-0.73,,1.5620422,9.606853,0.31329457720361553,-0.3390148901554369,False,2
麓井,吟醸 輝ら星の如く,麓井酒造,山形県,酒田市,庄内,吟醸,['山田錦'],2.0,1.3,1.2,15.5,50.0,-0.1,,3.8942554,10.278557,0.4769357413961522,-0.5071434268018289,False,2
麓井,生もと 純米 本辛 圓,麓井酒造,山形県,酒田市,庄内,純米,['美山錦'],10.0,1.5,1.2,15.5,55.0,-1.07,,13.584508,9.825017,0.6077687151738113,0.010853365625995516,False,2
麓井,特別純米 熱燗純米,麓井酒造,山形県,酒田市,庄内,特別純米,['出羽燦々'],0.0,2.3,1.2,15.5,65.0,-1.08,,13.842825,0.6272795,-1.1366832266877946,0.8137228960642928,False,2
麓井,特別純米 はえぬき,麓井酒造,山形県,酒田市,庄内,特別純米,['はえぬき'],5.0,1.7,1.2,15.5,55.0,-0.85,,12.796322,10.291423,0.0814910159302938,0.016236788180663948,False,2
麓井,純米酒 Ｔｒａｄ ＆ Ｃｕｒｒｅｎｔ,麓井酒造,山形県,酒田市,庄内,純米,['出羽燦々'],0.0,2.3,1.2,15.5,65.0,-1.08,,13.878089,0.6674282,-1.1366832266877946,0.8137228960642928,False,2
麓井,美酒辛口,麓井酒造,山形県,酒田市,庄内,普通酒,[],9.0,1.4,1.2,15.5,65.0,-0.87,,12.036246,1.4539703,0.4269980681859402,0.5837145480926413,False,2
麓井,純米吟醸 出羽燦々 おり絡み生,麓井酒造,山形県,酒田市,庄内,純米吟醸,['出羽燦々'],3.0,1.5,1.2,15.5,55.0,-0.43,,13.986234,8.609554,0.1905851253919848,-0.09584890291693066,False,2
麓井,きもと純米 本辛 圓 生原酒,麓井酒造,山形県,酒田市,庄内,純米,['美山錦'],10.0,1.6,1.2,15.5,55.0,-1.19,,13.405815,9.971727,0.4936240047598475,0.05165302995437485,False,2
麓井,生もと 純米吟醸 ＤＥＷＡ３３ しぼりたて生,麓井酒造,山形県,酒田市,庄内,純米吟醸,['出羽燦々'],3.0,1.5,1.2,15.5,55.0,-0.43,,13.981065,8.589703,0.1905851253919848,-0.09584890291693066,False,2
麓井,生もと 純米吟醸 備前雄町 生,麓井酒造,山形県,酒田市,庄内,純米吟醸,['雄町'],5.0,1.6,1.2,15.5,55.0,-0.73,,14.510451,10.2277355,0.19563572634425724,-0.024562876147715292,False,2
麓井,純米吟醸 雄町 おりがらみ 生,麓井酒造,山形県,酒田市,庄内,純米吟醸,['雄町'],5.0,1.6,1.2,15.5,50.0,-0.73,,1.5622065,9.586967,0.31329457720361553,-0.3390148901554369,False,2
麓井,フモトヰ 生もと 純米吟醸 生,麓井酒造,山形県,酒田市,庄内,純米吟醸,['山田錦'],3.0,1.6,1.2,15.5,50.0,-0.54,,1.562126,9.573159,0.1940992658373794,-0.369501252596273,False,2
麓井,フモトヰ 夏純吟,麓井酒造,山形県,酒田市,庄内,純米吟醸,['出羽燦々'],3.0,1.7,1.2,15.5,55.0,-0.66,,12.843314,8.985977,-0.037704295435942344,-0.0142495742601721,False,2
麓井,フモトヰ 吟醸 秋あがり,麓井酒造,山形県,酒田市,庄内,吟醸,['山田錦'],3.0,1.3,1.2,15.5,50.0,-0.2,,3.8935452,10.248623,0.5365333970792703,-0.4919002455814108,False,2
麓井,純米 原酒 はえぬき ひやおろし,麓井酒造,山形県,酒田市,庄内,特別純米,['はえぬき'],6.0,1.8,1.2,15.5,55.0,-1.05,,12.884089,10.183214,0.026943961199448165,0.07227963372946132,False,2
麓井,ＰＡＳＳＩＯＮ－１５ ＲＵＲＩ,麓井酒造,山形県,酒田市,庄内,純米大吟醸,['山田錦'],1.0,1.6,1.2,15.5,40.0,-0.36,,1.5817149,5.264332,0.31022165618986,-1.028891643052552,False,2
麓井,ＰＡＳＳＩＯＮ－１５,麓井酒造,山形県,酒田市,庄内,純米,['美山錦'],10.0,1.6,1.2,15.5,55.0,-1.19,,13.388663,9.97764,0.4936240047598475,0.05165302995437485,False,2
正雪,純米大吟醸 斗瓶囲い,神沢川酒造場,静岡県,静岡市,中部,純米大吟醸,['山田錦'],3.0,1.1,1.2,15.5,35.0,0.04,,0.7677827,3.6102955,1.1177993704852724,-1.5168556162613342,False,2
正雪,大吟醸 斗瓶囲い,神沢川酒造場,静岡県,静岡市,中部,大吟醸,['山田錦'],4.0,1.2,1.2,15.5,35.0,-0.17,,0.75681186,3.6177073,1.0632523157544271,-1.460812770712537,False,2
正雪,純米大吟醸 プレミアム,神沢川酒造場,静岡県,静岡市,中部,純米大吟醸,['山田錦'],1.0,1.3,1.2,15.5,35.0,-0.01,,0.5336355,3.9293823,0.7703146382911091,-1.4657426500454118,False,2
正雪,大吟醸 プレミアム,神沢川酒造場,静岡県,静岡市,中部,大吟醸,['山田錦'],5.0,1.0,1.2,15.5,35.0,-0.03,,0.85369027,3.5526452,1.3511393922654722,-1.5271689181488775,False,2
正雪,純米大吟醸,神沢川酒造場,静岡県,静岡市,中部,純米大吟醸,['山田錦'],1.0,1.3,1.2,15.5,35.0,-0.01,,0.56341684,3.901458,0.7703146382911091,-1.4657426500454118,False,2
正雪,純米大吟醸 備前雄町,神沢川酒造場,静岡県,静岡市,中部,純米大吟醸,['雄町'],4.0,1.0,1.2,15.5,45.0,0.06,,3.7442822,8.3870325,1.0562240348636376,-0.9135080713538524,False,2
正雪,純米大吟醸 天満月,神沢川酒造場,静岡県,静岡市,中部,純米大吟醸,"['山田錦', '吟ぎんが']",4.0,1.3,1.2,15.5,35.0,-0.29,,0.6036692,3.8054264,0.9491076053404635,-1.4200131063841577,False,2
正雪,大吟醸,神沢川酒造場,静岡県,静岡市,中部,大吟醸,['山田錦'],3.0,0.9,1.2,15.5,35.0,0.27,,0.9601332,3.5153542,1.3460887913131996,-1.598454944918093,False,2
正雪,大吟醸 無量寿,神沢川酒造場,静岡県,静岡市,中部,大吟醸,"['山田錦', '吟ぎんが']",5.0,1.3,1.2,15.5,35.0,-0.38,,0.6353792,3.810004,1.0087052610235814,-1.4047699251637396,False,2
正雪,純米吟醸,神沢川酒造場,静岡県,静岡市,中部,純米吟醸,['山田錦'],2.0,1.3,1.2,15.5,50.0,-0.1,,3.8516645,10.346319,0.4769357413961522,-0.5071434268018289,False,2
正雪,純米吟醸 吟ぎんが,神沢川酒造場,静岡県,静岡市,中部,純米吟醸,['吟ぎんが'],4.0,1.1,1.2,15.5,50.0,-0.06,,3.9697025,9.233586,0.8244204735903156,-0.5582563930177514,False,2
正雪,吟醸,神沢川酒造場,静岡県,静岡市,中部,吟醸,['山田錦'],5.0,1.2,1.2,15.5,50.0,-0.27,,3.7999985,9.545308,0.7698734188594701,-0.5022135474689541,False,2
正雪,特別純米 雄町,神沢川酒造場,静岡県,静岡市,中部,特別純米,['雄町'],1.0,1.2,1.2,15.5,60.0,0.11,,14.001767,4.880409,0.29616509440828115,0.06571775566481704,False,2
正雪,辛口純米 誉富士,神沢川酒造場,静岡県,静岡市,中部,純米,['誉富士'],5.0,0.9,1.2,15.5,60.0,0.08,,14.199014,5.3274937,0.8769898483826442,0.004291487561351286,False,2
正雪,特別本醸造,神沢川酒造場,静岡県,静岡市,中部,特別本醸造,['五百万石'],6.0,0.8,1.2,15.5,60.0,0.11,,14.189762,5.333203,1.0507322144797258,-0.021264995546609957,False,2
正雪,純米吟醸 うすにごり生,神沢川酒造場,静岡県,静岡市,中部,純米吟醸,['山田錦'],4.0,1.2,1.2,15.5,50.0,-0.17,,3.8417199,9.635741,0.7102757631763521,-0.5174567286893721,False,2
正雪,別撰 純米吟醸 プレミアム,神沢川酒造場,静岡県,静岡市,中部,純米吟醸,['山田錦'],5.0,1.1,1.2,15.5,50.0,-0.15,,3.9336045,9.246032,0.8840181292734336,-0.5430132117973334,False,2
正雪,純米吟醸 五百万石 イノセント,神沢川酒造場,静岡県,静岡市,中部,純米吟醸,['五百万石'],3.0,0.9,1.2,15.5,55.0,0.27,,13.8666,7.348312,0.8754533878757663,-0.3406468888872064,False,2
正雪,正雪 スパークリング,神沢川酒造場,静岡県,静岡市,中部,純米吟醸,"['五百万石', '誉富士']",-36.0,2.5,1.2,15.5,60.0,2.12,,13.822262,-0.5321311,-3.3928294012486138,0.03211568677828097,False,2
正雪,純米吟醸 別撰 プレミアム 山吹,神沢川酒造場,静岡県,静岡市,中部,純米吟醸,['山田錦'],2.0,1.1,1.2,15.5,50.0,0.13,,4.003912,9.202324,0.7052251622240794,-0.5887427554585875,False,2
正雪,純米 プレミアム,神沢川酒造場,静岡県,静岡市,中部,純米,"['山田錦', '吟ぎんが']",0.0,1.4,1.2,15.5,60.0,-0.03,,15.859698,3.5673292,0.008278017897235975,0.13207390310115757,False,2
正雪,純米吟醸 愛山,神沢川酒造場,静岡県,静岡市,中部,純米吟醸,['愛山'],5.0,1.3,1.2,15.5,50.0,-0.38,,3.5963259,9.9172,0.6557287084455065,-0.4614138831405748,False,2
正雪,純米大吟醸 山田穂,神沢川酒造場,静岡県,静岡市,中部,純米吟醸,['山田穂'],4.0,1.0,1.2,15.5,50.0,0.06,,3.9882958,9.019831,0.9385651840042792,-0.5990560573461308,False,2
正雪,特別純米 秋上がり,神沢川酒造場,静岡県,静岡市,中部,特別純米,"['山田錦', '吟ぎんが']",4.5,1.25,1.2,15.5,60.0,-0.28,,14.409162,4.9464707,0.44768453409221254,0.1394687221004698,False,2
正雪,ＰＡＳＳＩＯＮ－１５ ＲＵＲＩ,神沢川酒造場,静岡県,静岡市,中部,純米大吟醸,['雄町'],1.0,1.0,1.2,15.5,45.0,0.34,,3.6980665,8.290315,0.8774310678142834,-0.9592376150151065,False,2
正雪,ＰＡＳＳＩＯＮ－１５,神沢川酒造場,静岡県,静岡市,中部,純米吟醸,['吟ぎんが'],2.0,1.3,1.2,15.5,50.0,-0.1,,3.979378,10.4145155,0.4769357413961522,-0.5071434268018289,False,2
墨廼江,大吟醸 しずく斗瓶 やまさ,墨廼江酒造,宮城県,石巻市,三陸沿岸,大吟醸,['山田錦'],3.0,1.4,1.2,15.5,40.0,-0.31,,1.7195535,4.9024873,0.6577063883840235,-1.0800046092684747,False,2
墨廼江,純米大吟醸 熟成酒 別吟,墨廼江酒造,宮城県,石巻市,三陸沿岸,大吟醸,['山田錦'],4.0,1.7,1.2,15.5,40.0,-0.75,,1.5002398,5.431015,0.37486991282525073,-0.942362435062919,False,2
墨廼江,純米大吟醸 ＰＲＥＭＩＵＭ ３６５,墨廼江酒造,宮城県,石巻市,三陸沿岸,純米大吟醸,['山田錦'],2.0,1.7,1.2,15.5,36.5,-0.57,,0.5100872,4.675383,0.3380357970605654,-1.1929652073091601,False,2
墨廼江,純米大吟醸 原酒 玉,墨廼江酒造,宮城県,石巻市,三陸沿岸,純米大吟醸,['山田錦'],2.0,1.6,1.2,15.5,40.0,-0.45,,1.5914044,5.2748165,0.369819311872978,-1.0136484618321342,False,2
墨廼江,大吟醸 原酒 ６００Ｋ,墨廼江酒造,宮城県,石巻市,三陸沿岸,大吟醸,['山田錦'],4.0,1.3,1.2,15.5,40.0,-0.29,,1.8418592,4.0343065,0.8314487544811051,-1.105561092376436,False,2
墨廼江,純米大吟醸 谷風,墨廼江酒造,宮城県,石巻市,三陸沿岸,純米大吟醸,['山田錦'],4.0,1.7,1.2,15.5,40.0,-0.75,,1.4981672,5.450162,0.37486991282525073,-0.942362435062919,False,2
墨廼江,大吟醸 吟星四十,墨廼江酒造,宮城県,石巻市,三陸沿岸,大吟醸,['山酒4号'],3.0,1.2,1.2,15.5,40.0,-0.08,,1.8261764,3.975442,0.8859958092119506,-1.1616039379252334,False,2
墨廼江,純米吟醸 中垂れ,墨廼江酒造,宮城県,石巻市,三陸沿岸,純米吟醸,"['山田錦', '蔵の華']",3.0,1.7,1.2,15.5,50.0,-0.66,,1.0973165,8.540449,0.07995455542341597,-0.3287015882678937,False,2
墨廼江,特別純米,墨廼江酒造,宮城県,石巻市,三陸沿岸,特別純米,['五百万石'],4.0,1.7,1.2,15.5,60.0,-0.75,,15.376136,1.5617641,-0.09576549061218256,0.3154456209679675,False,2
墨廼江,特別本醸造 本辛,墨廼江酒造,宮城県,石巻市,三陸沿岸,特別本醸造,"['五百万石', '蔵の華']",8.0,1.4,1.2,15.5,60.0,-0.77,,14.588781,4.622472,0.4850592633621805,0.2540193528645017,False,2
墨廼江,特別純米 ささにごり 生,墨廼江酒造,宮城県,石巻市,三陸沿岸,特別純米,['五百万石'],4.0,1.75,1.2,15.5,60.0,-0.81,,15.281539,1.605396,-0.15283784581916443,0.3358454531321572,False,2
墨廼江,純米吟醸 生酒 ＢＹ１号,墨廼江酒造,宮城県,石巻市,三陸沿岸,純米吟醸,['五百万石'],4.0,1.6,1.2,15.5,55.0,-0.64,,14.62587,10.110842,0.1360380706611392,-0.0398060573681333,False,2
墨廼江,純米吟醸 蔵の華,墨廼江酒造,宮城県,石巻市,三陸沿岸,純米吟醸,['蔵の華'],5.0,1.5,1.2,15.5,55.0,-0.61,,14.005434,8.99284,0.3097804367582209,-0.0653625404760946,False,2
墨廼江,純米吟醸 八反錦,墨廼江酒造,宮城県,石巻市,三陸沿岸,純米吟醸,['八反錦'],3.0,1.6,1.2,15.5,55.0,-0.54,,14.548464,10.112062,0.07644041497802109,-0.05504923858855133,False,2
墨廼江,純米大吟醸 ＲＥＩＷＡ４８,墨廼江酒造,宮城県,石巻市,三陸沿岸,純米大吟醸,['山田錦'],4.0,1.65,1.2,15.5,48.0,-0.69,,1.2601879,8.552684,0.24368810665725926,-0.459639044814754,False,2
墨廼江,夏純米 大辛口,墨廼江酒造,宮城県,石巻市,三陸沿岸,純米,"['五百万石', '蔵の華']",11.5,1.7,1.2,15.5,60.0,-1.44,,12.509459,1.2762386,0.3512169270112029,0.4297694801211027,False,2
墨廼江,純米吟醸 備前雄町,墨廼江酒造,宮城県,石巻市,三陸沿岸,純米吟醸,['雄町'],3.0,1.6,1.2,15.5,55.0,-0.54,,14.567483,10.088884,0.07644041497802109,-0.05504923858855133,False,2
墨廼江,純米吟醸 五百万石,墨廼江酒造,宮城県,石巻市,三陸沿岸,純米吟醸,['五百万石'],3.0,1.6,1.2,15.5,55.0,-0.54,,14.583773,10.089752,0.07644041497802109,-0.05504923858855133,False,2
墨廼江,特別純米 ひやおろし,墨廼江酒造,宮城県,石巻市,三陸沿岸,特別純米,['五百万石'],4.0,1.7,1.2,15.5,60.0,-0.75,,15.405517,1.5897334,-0.09576549061218256,0.3154456209679675,False,2
墨廼江,純米吟醸 山田錦,墨廼江酒造,宮城県,石巻市,三陸沿岸,純米吟醸,['山田錦'],3.0,1.7,1.2,15.5,55.0,-0.66,,12.842883,9.00672,-0.037704295435942344,-0.0142495742601721,False,2
墨廼江,特別純米 中汲み,墨廼江酒造,宮城県,石巻市,三陸沿岸,特別純米,['五百万石'],4.0,1.7,1.2,15.5,60.0,-0.75,,15.420609,1.5864122,-0.09576549061218256,0.3154456209679675,False,2
墨廼江,ＰＡＳＳＩＯＮ－１５ ＲＵＲＩ,墨廼江酒造,宮城県,石巻市,三陸沿岸,純米吟醸,"['山田錦', '蔵の華']",3.0,1.7,1.2,15.5,50.0,-0.66,,1.0538816,8.538085,0.07995455542341597,-0.3287015882678937,False,2
墨廼江,ＰＡＳＳＩＯＮ－１５,墨廼江酒造,宮城県,石巻市,三陸沿岸,特別純米,['五百万石'],4.0,1.8,1.2,15.5,60.0,-0.87,,14.734887,1.6700938,-0.20991020102614624,0.35624528529634686,False,2
喜多長,純米大吟醸 愛おし,喜多酒造,滋賀県,東近江市,湖東,純米大吟醸,['山田錦'],3.0,1.8,1.2,15.5,40.0,-0.78,,1.4568245,5.492031,0.20112754672816893,-0.9168059519549577,False,2
喜多長,大吟醸 敬いし,喜多酒造,滋賀県,東近江市,湖東,大吟醸,['山田錦'],2.0,1.4,1.2,15.5,40.0,-0.22,,1.8077134,4.8672223,0.5981087327009055,-1.0952477904888929,False,2
喜多長,純米大吟醸 夢銀河,喜多酒造,滋賀県,東近江市,湖東,純米大吟醸,['山田錦'],2.0,1.8,1.2,15.5,50.0,-0.68,,1.348299,8.281283,-0.0937878106736658,-0.3031451051599324,False,2
喜多長,辛口純米吟醸,喜多酒造,滋賀県,東近江市,湖東,純米吟醸,['山田錦'],14.0,1.9,1.2,15.5,55.0,-1.9,,13.234688,9.986696,0.3895804962504293,0.23502474782118477,False,2
喜多長,純米吟醸 夢銀河,喜多酒造,滋賀県,東近江市,湖東,純米吟醸,['吟吹雪'],4.0,1.4,1.2,15.5,55.0,-0.4,,14.071582,8.223095,0.36432749148906657,-0.12140538602489195,False,2
喜多長,特別純米,喜多酒造,滋賀県,東近江市,湖東,特別純米,"['山田錦', '吟吹雪']",3.6,1.7,1.2,15.5,60.0,-0.72,,15.438051,1.5915842,-0.11960455288542984,0.3093483484798003,False,2
喜多長,辛口純米,喜多酒造,滋賀県,東近江市,湖東,純米,"['山田錦', '日本晴']",10.0,1.7,1.2,15.5,65.0,-1.31,,12.417561,1.0692203,0.14416159262716746,0.7213567222981973,False,2
喜多長,特別本醸造,喜多酒造,滋賀県,東近江市,湖東,特別本醸造,['山田錦'],4.0,1.5,1.2,15.5,60.0,-0.52,,16.235714,3.551097,0.13252393021574455,0.23384629231120901,False,2
喜多長,純米 純米にごり 新酒生酒,喜多酒造,滋賀県,東近江市,湖東,純米,"['山田錦', '日本晴']",-14.0,1.9,1.2,15.5,65.0,0.7,,13.24687,2.2162318,-1.514471564595593,0.4371197016649233,False,2
喜多長,特別純米 あらばしり,喜多酒造,滋賀県,東近江市,湖東,特別純米,"['山田錦', '吟吹雪']",3.1,1.7,1.2,15.5,60.0,-0.67,,15.449601,1.6751953,-0.14940338072698883,0.3017267578695913,False,2
喜多長,辛口純米吟醸 生,喜多酒造,滋賀県,東近江市,湖東,純米吟醸,['山田錦'],14.0,1.8,1.2,15.5,55.0,-1.79,,13.289972,9.959633,0.5037252066643928,0.19422508349280554,False,2
喜多長,純米大吟醸 夢銀河 生原酒,喜多酒造,滋賀県,東近江市,湖東,純米大吟醸,"['山田錦', '吟吹雪']",3.0,1.7,1.2,15.5,50.0,-0.66,,1.1445897,8.490322,0.07995455542341597,-0.3287015882678937,False,2
喜多長,純米 びわ湖の春,喜多酒造,滋賀県,東近江市,湖東,純米,['国内産米'],1.0,1.5,1.2,15.5,65.0,-0.24,,12.265352,1.7049791,-0.16392788769296796,0.5025687626576765,False,2
喜多長,純米吟醸 ｗｉｔｈ ｓａｋｅ ＦＬＡＴ ｐｒｏｊｅｃｔ,喜多酒造,滋賀県,東近江市,湖東,純米吟醸,['吟吹雪'],-2.8,1.6,1.2,15.5,55.0,-0.01,,12.837977,8.679085,-0.26922598798406366,-0.14345968966697586,False,2
喜多長,特別純米 滋賀渡船 生原酒,喜多酒造,滋賀県,東近江市,湖東,特別純米,[],2.0,2.3,1.2,15.5,60.0,-1.26,,14.108577,1.0360543,-0.8998290644622002,0.5297572444974072,False,2
喜多長,特別純米 若苗,喜多酒造,滋賀県,東近江市,湖東,特別純米,"['山田錦', '吟吹雪']",1.9,1.7,1.2,15.5,60.0,-0.56,,15.445014,1.8274853,-0.22092056754673056,0.2834349404050897,False,2
喜多長,純米 びわ湖の夏,喜多酒造,滋賀県,東近江市,湖東,純米,"['山田錦', '吟吹雪']",0.8,1.8,1.2,15.5,65.0,-0.57,,13.043609,1.4047433,-0.5182815500714824,0.6219191193987308,False,2
喜多長,大吟醸 金賞受賞酒,喜多酒造,滋賀県,東近江市,湖東,大吟醸,['山田錦'],4.2,1.1,1.2,15.5,40.0,-0.08,,1.7795805,3.8544164,1.0716577064456558,-1.184111784789111,False,2
喜多長,夢銀河 純米吟醸 秋あがり,喜多酒造,滋賀県,東近江市,湖東,純米吟醸,['吟吹雪'],3.0,1.7,1.2,15.5,55.0,-0.66,,12.846994,8.993994,-0.037704295435942344,-0.0142495742601721,False,2
喜多長,特別純米 ひやおろし,喜多酒造,滋賀県,東近江市,湖東,特別純米,"['山田錦', '吟吹雪']",2.3,1.7,1.2,15.5,60.0,-0.6,,15.536999,1.8048612,-0.1970815052734833,0.28953221289325687,False,2
喜多長,純米大吟醸 夢銀河 秋上がり,喜多酒造,滋賀県,東近江市,湖東,純米大吟醸,"['山田錦', '吟吹雪']",1.7,1.7,1.2,15.5,50.0,-0.54,,1.1797911,8.547542,0.0024776030353624713,-0.34851772385443713,False,2
喜多長,１９９６年醸造 長期熟成吟醸酒,喜多酒造,滋賀県,東近江市,湖東,吟醸,['日本晴'],0.2,1.4,1.2,15.5,60.0,-0.05,,15.8213215,3.5924764,0.020197549033859587,0.13512253934524118,False,2
喜多長,２００７年醸造 熟成純米酒,喜多酒造,滋賀県,東近江市,湖東,純米,['日本晴'],6.3,2.2,1.2,15.5,65.0,-1.55,,13.720832,0.8255543,-0.6470732854701876,0.8689552734245473,False,2
喜多長,ＰＡＳＳＩＯＮ－１５ ＲＵＲＩ,喜多酒造,滋賀県,東近江市,湖東,純米大吟醸,"['山田錦', '吟吹雪']",1.6,1.8,1.2,15.5,50.0,-0.65,,1.3373652,8.330661,-0.117626872946913,-0.3092423776480996,False,2
喜多長,ＰＡＳＳＩＯＮ－１５,喜多酒造,滋賀県,東近江市,湖東,特別純米,['山田錦'],2.0,1.8,1.2,15.5,60.0,-0.68,,14.608904,1.84397,-0.32910551239238245,0.32575892285551084,False,2
瀧自慢,大吟醸,瀧自慢酒造,三重県,名張市,伊賀,大吟醸,['山田錦'],4.0,1.2,1.2,15.5,40.0,-0.17,,1.945124,3.9196963,0.9455934648950688,-1.1463607567048153,False,2
瀧自慢,純米大吟醸,瀧自慢酒造,三重県,名張市,伊賀,純米大吟醸,['山田錦'],4.5,1.3,1.2,15.5,45.0,-0.33,,3.179987,7.3200884,0.7435887314633057,-0.7834874877585055,False,2
瀧自慢,純米吟醸 備前雄町,瀧自慢酒造,三重県,名張市,伊賀,純米吟醸,['雄町'],4.0,1.4,1.2,15.5,50.0,-0.4,,2.7461736,9.916108,0.4819863423484249,-0.4358574000326136,False,2
瀧自慢,純米吟醸,瀧自慢酒造,三重県,名張市,伊賀,純米吟醸,"['山田錦', '神の穂']",2.0,1.3,1.2,15.5,50.0,-0.1,,3.8700933,10.322725,0.4769357413961522,-0.5071434268018289,False,2
瀧自慢,吟醸,瀧自慢酒造,三重県,名張市,伊賀,吟醸,"['山田錦', '神の穂']",6.0,1.2,1.2,15.5,50.0,-0.36,,3.756303,9.565694,0.8294710745425882,-0.48697036624853607,False,2
瀧自慢,純米 神の穂,瀧自慢酒造,三重県,名張市,伊賀,純米,['神の穂'],2.0,1.5,1.2,15.5,60.0,-0.34,,16.051321,3.4175467,0.013328618849508419,0.20335992987037296,False,2
瀧自慢,辛口純米 滝水流,瀧自慢酒造,三重県,名張市,伊賀,純米,"['山田錦', '五百万石']",9.0,1.4,1.2,15.5,60.0,-0.87,,14.565433,4.6190753,0.5446569190452986,0.26926253408491974,False,2
瀧自慢,純米 しぼりたて生,瀧自慢酒造,三重県,名張市,伊賀,純米,['五百万石'],6.0,1.3,1.2,15.5,60.0,-0.47,,14.458691,4.8437524,0.4800086624099078,0.1827333260952865,False,2
瀧自慢,純米 にごり生酒,瀧自慢酒造,三重県,名張市,伊賀,純米,['五百万石'],6.0,1.3,1.2,15.5,60.0,-0.47,,14.476612,4.902648,0.4800086624099078,0.1827333260952865,False,2
瀧自慢,純米 にごり酒（火入れ）,瀧自慢酒造,三重県,名張市,伊賀,純米,['五百万石'],6.0,1.3,1.2,15.5,60.0,-0.47,,14.462587,4.9006267,0.4800086624099078,0.1827333260952865,False,2
瀧自慢,辛口純米 滝水流 無濾過生酒,瀧自慢酒造,三重県,名張市,伊賀,純米,"['山田錦', '五百万石']",12.0,1.2,1.2,15.5,60.0,-0.91,,14.484973,4.719997,0.9517393069225799,0.2333927490894153,False,2
瀧自慢,夏吟醸,瀧自慢酒造,三重県,名張市,伊賀,吟醸,"['山田錦', '神の穂']",6.0,1.2,1.2,15.5,50.0,-0.36,,3.736047,9.533043,0.8294710745425882,-0.48697036624853607,False,2
瀧自慢,純米吟醸 吟風５０,瀧自慢酒造,三重県,名張市,伊賀,純米吟醸,['吟風'],8.5,1.6,1.2,15.5,50.0,-1.05,,1.6025833,9.291717,0.5218863720945288,-0.2856637558839738,False,2
瀧自慢,純米吟醸 八反錦,瀧自慢酒造,三重県,名張市,伊賀,純米吟醸,['八反錦'],8.0,1.2,1.2,15.5,50.0,-0.54,,3.6585917,9.540108,0.9486663859088244,-0.45648400380770005,False,2
瀧自慢,純米吟醸 神の穂５０,瀧自慢酒造,三重県,名張市,伊賀,純米吟醸,['神の穂'],10.0,1.6,1.2,15.5,50.0,-1.19,,1.6467503,9.318274,0.6112828556192059,-0.2627989840533468,False,2
瀧自慢,純米吟醸 北雫５０,瀧自慢酒造,三重県,名張市,伊賀,純米吟醸,['北雫'],5.0,1.5,1.2,15.5,50.0,-0.61,,2.2103066,9.778378,0.42743928761757927,-0.37981455448381624,False,2
瀧自慢,純米 神の穂 秋上がり,瀧自慢酒造,三重県,名張市,伊賀,純米,['神の穂'],2.0,1.5,1.2,15.5,60.0,-0.34,,16.143858,3.5227613,0.013328618849508419,0.20335992987037296,False,2
瀧自慢,山廃純米,瀧自慢酒造,三重県,名張市,伊賀,純米,"['山田錦', '神の穂']",5.0,1.7,1.2,15.5,60.0,-0.85,,15.387062,1.5525606,-0.03616783492906452,0.33068880218838553,False,2
瀧自慢,ＰＡＳＳＩＯＮ－１５ ＲＵＲＩ,瀧自慢酒造,三重県,名張市,伊賀,大吟醸,['山田錦'],3.0,1.1,1.2,15.5,40.0,0.04,,1.7977182,3.905469,1.000140519625914,-1.2024036022536126,False,2
瀧自慢,ＰＡＳＳＩＯＮ－１５,瀧自慢酒造,三重県,名張市,伊賀,純米,['神の穂'],8.0,1.4,1.2,15.5,60.0,-0.77,,14.58204,4.6112256,0.4850592633621805,0.2540193528645017,False,2
庭のうぐいす,純米大吟醸 くろうぐ,山口酒造場,福岡県,久留米市,筑後,純米大吟醸,"['山田錦', '夢一献']",0.0,1.2,1.2,15.5,45.0,0.2,,3.3082895,7.541576,0.5895439913032381,-0.892881467578766,False,2
庭のうぐいす,大吟醸 心（こころ）,山口酒造場,福岡県,久留米市,筑後,大吟醸,['山田錦'],1.2,1.2,1.2,15.5,38.0,0.09,,1.7030603,4.0072274,0.8257835693260814,-1.3148224697250745,False,2
庭のうぐいす,純米吟醸,山口酒造場,福岡県,久留米市,筑後,純米吟醸,"['山田錦', '夢一献']",1.0,1.2,1.2,15.5,50.0,0.11,,3.8930333,10.067405,0.5314827961269978,-0.5631862723506262,False,2
庭のうぐいす,純米吟醸 ぬるはだ,山口酒造場,福岡県,久留米市,筑後,純米吟醸,"['山田錦', '夢一献']",2.0,1.6,1.2,15.5,50.0,-0.45,,1.6686975,9.490459,0.13450161015426135,-0.384744433816691,False,2
庭のうぐいす,特別純米 だるまラベル,山口酒造場,福岡県,久留米市,筑後,特別純米,['夢一献'],3.0,1.5,1.2,15.5,60.0,-0.43,,16.153845,3.530004,0.07292627453262647,0.21860311109079097,False,2
庭のうぐいす,特別純米,山口酒造場,福岡県,久留米市,筑後,特別純米,"['山田錦', '夢一献']",2.0,1.2,1.2,15.5,60.0,0.01,,14.127388,4.9624705,0.35576275009139924,0.08096093688523508,False,2
庭のうぐいす,からくち おうから,山口酒造場,福岡県,久留米市,筑後,普通酒,['山田錦'],15.0,1.3,1.2,15.5,68.0,-1.3,,12.0875435,1.4015993,0.8281334021829971,0.8230451794914032,False,2
庭のうぐいす,鶯印のどぶろく,山口酒造場,福岡県,久留米市,筑後,,['夢一献'],-74.0,4.0,1.2,15.5,60.0,4.2,,13.974547,-0.7369675,-7.369710973416554,0.06486976532808554,False,2
庭のうぐいす,特別純米 しぼりたて生,山口酒造場,福岡県,久留米市,筑後,特別純米,"['山田錦', '夢一献']",3.0,1.6,1.2,15.5,60.0,-0.54,,17.954348,3.6621866,-0.04121843588133723,0.2594027754191703,False,2
庭のうぐいす,純米吟醸 うすにごり生,山口酒造場,福岡県,久留米市,筑後,純米吟醸,"['山田錦', '夢一献']",1.0,1.6,1.2,15.5,50.0,-0.36,,1.9091759,9.342116,0.07490395447114329,-0.399987615037109,False,2
庭のうぐいす,純米吟醸 あらばしり,山口酒造場,福岡県,久留米市,筑後,純米吟醸,"['山田錦', '夢一献']",1.0,1.8,1.2,15.5,50.0,-0.59,,1.3239015,8.336427,-0.15338546635678388,-0.31838828638035044,False,2
庭のうぐいす,純米吟醸 中汲み生,山口酒造場,福岡県,久留米市,筑後,純米吟醸,"['山田錦', '夢一献']",0.0,1.6,1.2,15.5,50.0,-0.27,,1.9177041,9.197755,0.01530629878802521,-0.415230796257527,False,2
庭のうぐいす,純米吟醸 はなびえ,山口酒造場,福岡県,久留米市,筑後,純米吟醸,['山田錦'],1.0,1.5,1.2,15.5,50.0,-0.24,,2.3308365,9.520324,0.189048664885107,-0.44078727936548834,False,2
庭のうぐいす,特別純米 なつがこい,山口酒造場,福岡県,久留米市,筑後,特別純米,"['山田錦', '夢一献']",4.0,2.1,1.2,15.5,60.0,-1.22,,14.248319,1.2335607,-0.552344332268037,0.47864427828148476,False,2
庭のうぐいす,純米吟醸 いなびかり,山口酒造場,福岡県,久留米市,筑後,純米吟醸,"['山田錦', '夢一献']",0.0,2.1,1.2,15.5,50.0,-0.85,,1.3750979,8.152486,-0.5554172532817927,-0.21123247461563055,False,2
庭のうぐいす,特別純米 ひやおろし,山口酒造場,福岡県,久留米市,筑後,特別純米,"['山田錦', '夢一献']",3.0,1.5,1.2,15.5,60.0,-0.43,,16.212685,3.4839206,0.07292627453262647,0.21860311109079097,False,2
庭のうぐいす,純米吟醸 あきあがり,山口酒造場,福岡県,久留米市,筑後,純米吟醸,"['山田錦', '夢一献']",0.0,1.9,1.2,15.5,55.0,-0.61,,12.811971,8.962758,-0.4447866833132237,0.021620210735332396,False,2
庭のうぐいす,ＰＡＳＳＩＯＮ－１５ ＲＵＲＩ,山口酒造場,福岡県,久留米市,筑後,純米吟醸,['夢一献'],2.0,1.3,1.2,15.5,50.0,-0.1,,3.9061584,10.330669,0.4769357413961522,-0.5071434268018289,False,2
庭のうぐいす,ＰＡＳＳＩＯＮ－１５,山口酒造場,福岡県,久留米市,筑後,純米吟醸,['夢一献'],2.0,1.7,1.2,15.5,50.0,-0.57,,1.1567138,8.55899,0.020356899740297904,-0.34394476948831176,False,2
ゆきの美人,純米大吟醸,秋田醸造,秋田県,秋田市,中央（秋田周辺）,純米大吟醸,"['山田錦', '秋田酒こまち']",4.0,1.8,1.2,15.5,45.0,-0.87,,2.3395212,7.150513,0.14306635155192873,-0.587110756726818,False,2
ゆきの美人,純米吟醸,秋田醸造,秋田県,秋田市,中央（秋田周辺）,純米吟醸,"['山田錦', '秋田酒こまち']",9.0,1.7,1.2,15.5,55.0,-1.21,,13.23988,10.088063,0.319881638662766,0.07720951306233605,False,2
ゆきの美人,純米,秋田醸造,秋田県,秋田市,中央（秋田周辺）,純米,"['山田錦', '秋田酒こまち']",6.0,1.8,1.2,15.5,60.0,-1.05,,14.951956,1.563877,-0.09071488965991016,0.38673164773718294,False,2
ゆきの美人,純米 完全発酵,秋田醸造,秋田県,秋田市,中央（秋田周辺）,純米,['酒造好適米'],17.0,1.7,1.2,15.5,60.0,-1.94,,13.336833,9.882672,0.6790040332683523,0.513606976833402,False,2
ゆきの美人,純米吟醸 活性にごり 生,秋田醸造,秋田県,秋田市,中央（秋田周辺）,純米吟醸,['酒造好適米'],3.0,1.7,1.2,15.5,55.0,-0.66,,12.827222,8.964538,-0.037704295435942344,-0.0142495742601721,False,2
ゆきの美人,特撰純米吟醸,秋田醸造,秋田県,秋田市,中央（秋田周辺）,純米吟醸,['酒造好適米'],3.0,1.4,1.2,15.5,50.0,-0.31,,2.816244,9.873054,0.4223886866653068,-0.4511005812530316,False,2
ゆきの美人,純米吟醸 しぼりたて生,秋田醸造,秋田県,秋田市,中央（秋田周辺）,純米吟醸,"['山田錦', '秋田酒こまち']",7.0,1.5,1.2,15.5,55.0,-0.8,,13.972934,9.287781,0.42897574812445705,-0.03487617803525856,False,2
ゆきの美人,純米吟醸 ６号酵母 生詰,秋田醸造,秋田県,秋田市,中央（秋田周辺）,純米吟醸,"['山田錦', '秋田酒こまち']",5.0,1.6,1.2,15.5,55.0,-0.73,,14.49481,10.236953,0.19563572634425724,-0.024562876147715292,False,2
ゆきの美人,純米吟醸 美郷錦 生,秋田醸造,秋田県,秋田市,中央（秋田周辺）,純米吟醸,['美郷錦'],6.0,1.7,1.2,15.5,55.0,-0.94,,12.8379345,10.293508,0.14108867161341185,0.03147996940108198,False,2
ゆきの美人,純米 しぼりたて生原酒,秋田醸造,秋田県,秋田市,中央（秋田周辺）,純米,['酒造好適米'],5.0,1.7,1.2,15.5,60.0,-0.85,,15.388588,1.5559423,-0.03616783492906452,0.33068880218838553,False,2
ゆきの美人,純米吟醸 愛山麹 生,秋田醸造,秋田県,秋田市,中央（秋田周辺）,純米吟醸,"['愛山', '秋田酒こまち']",6.0,1.6,1.2,15.5,55.0,-0.82,,14.44457,10.255428,0.2552333820273753,-0.00931969492729725,False,2
ゆきの美人,純米吟醸 雄町 生,秋田醸造,秋田県,秋田市,中央（秋田周辺）,純米吟醸,['雄町'],5.0,1.7,1.2,15.5,55.0,-0.85,,12.731846,10.361767,0.0814910159302938,0.016236788180663948,False,2
ゆきの美人,純米吟醸 雄町,秋田醸造,秋田県,秋田市,中央（秋田周辺）,純米吟醸,['雄町'],6.0,1.8,1.2,15.5,55.0,-1.05,,12.863767,10.195674,0.026943961199448165,0.07227963372946132,False,2
ゆきの美人,純米吟醸 山田錦 ６号酵母,秋田醸造,秋田県,秋田市,中央（秋田周辺）,純米吟醸,['山田錦'],6.0,1.5,1.2,15.5,55.0,-0.71,,13.968337,9.0223055,0.36937809244133896,-0.050119359255676586,False,2
ゆきの美人,純米吟醸 改良信交,秋田醸造,秋田県,秋田市,中央（秋田周辺）,純米吟醸,['改良信交'],6.0,1.7,1.2,15.5,55.0,-0.94,,12.818249,10.293974,0.14108867161341185,0.03147996940108198,False,2
ゆきの美人,純米吟醸 夏吟醸 しぼりたて生,秋田醸造,秋田県,秋田市,中央（秋田周辺）,純米吟醸,"['山田錦', '秋田酒こまち']",6.0,1.7,1.2,15.5,55.0,-0.94,,12.831774,10.28253,0.14108867161341185,0.03147996940108198,False,2
ゆきの美人,純米大吟醸 山田錦 ６号酵母,秋田醸造,秋田県,秋田市,中央（秋田周辺）,純米大吟醸,['山田錦'],5.0,1.6,1.2,15.5,45.0,-0.73,,2.5776858,7.1317325,0.4309534280629739,-0.6534669041631586,False,2
ゆきの美人,純米吟醸 愛山麹 ひやおろし,秋田醸造,秋田県,秋田市,中央（秋田周辺）,純米吟醸,"['山田錦', '秋田酒こまち']",6.0,1.6,1.2,15.5,55.0,-0.82,,14.394531,10.312052,0.2552333820273753,-0.00931969492729725,False,2
ゆきの美人,純米吟醸 美郷錦,秋田醸造,秋田県,秋田市,中央（秋田周辺）,純米吟醸,['美郷錦'],9.0,1.8,1.2,15.5,50.0,-1.33,,1.3596401,8.666599,0.32339577910816064,-0.1964428366170062,False,2
ゆきの美人,純米吟醸 秋仕込み しぼりたて生,秋田醸造,秋田県,秋田市,中央（秋田周辺）,純米吟醸,"['山田錦', '秋田酒こまち']",7.0,1.8,1.2,15.5,55.0,-1.15,,12.9133,10.193987,0.08654161688256626,0.08752281494987933,False,2
ゆきの美人,純米吟醸 愛山 ６号酵母,秋田醸造,秋田県,秋田市,中央（秋田周辺）,純米吟醸,['愛山'],5.0,1.6,1.2,15.5,55.0,-0.73,,14.53239,10.210304,0.19563572634425724,-0.024562876147715292,False,2
ゆきの美人,純米吟醸 山田錦 ６号酵母 超辛,秋田醸造,秋田県,秋田市,中央（秋田周辺）,純米吟醸,['山田錦'],17.0,1.5,1.2,15.5,55.0,-1.71,,13.376188,9.915355,1.0249523049556382,0.11755563416892169,False,2
金澤屋,純米吟醸,喜多の華酒造場,福島県,喜多方市,会津,純米吟醸,"['五百万石', 'タカネミノリ']",-4.0,1.6,1.2,15.5,50.0,0.11,,2.1211576,9.251328,-0.22308432394444708,-0.4762035211391991,False,2
金澤屋,特別純米 辛口 ＋１０,喜多の華酒造場,福島県,喜多方市,会津,特別純米,"['美山錦', 'チヨニシキ']",10.0,1.3,1.2,15.5,50.0,-0.84,,3.5123153,9.616025,0.9537169868610967,-0.3851979770384847,False,2
金澤屋,純米吟醸 原酒,喜多の華酒造場,福島県,喜多方市,会津,純米吟醸,['五百万石'],-1.0,1.5,1.2,15.5,50.0,-0.06,,2.2206795,9.38209,0.06985335351887088,-0.47127364180632436,False,2
金澤屋,特別純米 辛口 ＋１０ 生,喜多の華酒造場,福島県,喜多方市,会津,特別純米,"['美山錦', 'チヨニシキ']",10.0,1.3,1.2,15.5,50.0,-0.84,,3.604588,9.612129,0.9537169868610967,-0.3851979770384847,False,2
金澤屋,純米 なつのほし,喜多の華酒造場,福島県,喜多方市,会津,純米,['チヨニシキ'],0.0,1.5,1.2,15.5,60.0,-0.15,,15.704962,3.429773,-0.10586669251672773,0.1728735674295369,False,2
金澤屋,吟醸 なつのほし,喜多の華酒造場,福島県,喜多方市,会津,吟醸,['山田錦'],2.0,1.0,1.2,15.5,45.0,0.24,,3.738994,8.333938,0.9370287234974014,-0.9439944337946885,False,2
金澤屋,特別純米 夢の香 秋あがり,喜多の華酒造場,福島県,喜多方市,会津,特別純米,['夢の香'],-1.0,1.5,1.2,15.5,60.0,-0.06,,15.729758,3.5094824,-0.16546434819984576,0.15763038620911887,False,2
益荒男,秘蔵山廃大吟醸 時空,鹿野酒造,石川県,加賀市,加賀,大吟醸,['山田錦'],3.4,1.2,1.2,15.5,40.0,-0.12,,1.8416133,3.935498,0.9098348714851979,-1.1555066654370663,False,2
益荒男,大吟醸 斗瓶囲い,鹿野酒造,石川県,加賀市,加賀,大吟醸,['山田錦'],3.0,1.2,1.2,15.5,40.0,-0.08,,1.9130152,3.9731088,0.8859958092119506,-1.1616039379252334,False,2
益荒男,純米大吟醸 ＫＩＳＳ ＯＦ ＦＩＲＥ,鹿野酒造,石川県,加賀市,加賀,純米大吟醸,['山田錦'],3.0,1.3,1.2,15.5,50.0,-0.2,,3.8411696,10.259534,0.5365333970792703,-0.4919002455814108,False,2
益荒男,山廃純米吟醸,鹿野酒造,石川県,加賀市,加賀,純米吟醸,"['山田錦', '美山錦']",5.0,1.5,1.2,15.5,55.0,-0.61,,13.907995,9.058546,0.3097804367582209,-0.0653625404760946,False,2
益荒男,山廃吟醸,鹿野酒造,石川県,加賀市,加賀,吟醸,"['山田錦', '美山錦']",6.0,1.4,1.2,15.5,55.0,-0.59,,14.117775,8.261284,0.48352280285530264,-0.0909190235840559,False,2
益荒男,純米吟醸,鹿野酒造,石川県,加賀市,加賀,純米吟醸,"['山田錦', '美山錦']",3.0,1.4,1.2,15.5,55.0,-0.31,,14.091382,8.272404,0.3047298358059485,-0.13664856724531,False,2
益荒男,山廃純米,鹿野酒造,石川県,加賀市,加賀,純米,['五百万石'],3.0,1.8,1.2,15.5,65.0,-0.78,,13.085493,1.2980763,-0.3871667075686227,0.6554541180836504,False,2
益荒男,山廃純米 無濾過生原酒,鹿野酒造,石川県,加賀市,加賀,純米,['五百万石'],2.5,2.8,1.2,15.5,65.0,-1.89,,13.844902,0.46076068,-1.5584126395498175,1.0558291707572345,False,2
益荒男,山廃純米 無濾過生原酒 おりがらみ,鹿野酒造,石川県,加賀市,加賀,純米,['五百万石'],2.5,2.8,1.2,15.5,65.0,-1.89,,13.82948,0.47283077,-1.5584126395498175,1.0558291707572345,False,2
益荒男,益荒男 特別純米 生原酒,鹿野酒造,石川県,加賀市,加賀,特別純米,['五百万石'],4.0,1.9,1.2,15.5,58.0,-0.98,,14.550889,1.5511664,-0.27699137109636635,0.27126414402163745,False,2
益荒男,山廃純米 極,鹿野酒造,石川県,加賀市,加賀,純米,['五百万石'],4.0,2.5,1.2,15.5,65.0,-1.68,,13.813828,0.5123517,-1.1265820247832496,0.9562949496027235,False,2
益荒男,純米吟醸 生貯蔵酒,鹿野酒造,石川県,加賀市,加賀,純米吟醸,"['山田錦', '五百万石']",2.5,1.3,1.2,15.5,55.0,-0.15,,14.061004,7.8716545,0.38907571837835286,-0.18506982218389822,False,2
益荒男,山廃純米 原酒 秋上がり,鹿野酒造,石川県,加賀市,加賀,純米,['五百万石'],2.6,2.0,1.2,15.5,65.0,-0.97,,13.317282,1.1050969,-0.639295190669797,0.7309561742522418,False,2
益荒男,純米 山田錦 生,鹿野酒造,石川県,加賀市,加賀,純米,['山田錦'],3.0,1.4,1.2,15.5,60.0,-0.31,,15.677975,4.058957,0.18707098494659016,0.17780344676241164,False,2
益荒男,ＰＡＳＳＩＯＮ－１５ ＲＵＲＩ,鹿野酒造,石川県,加賀市,加賀,純米大吟醸,['山田錦'],2.0,1.4,1.2,15.5,50.0,-0.22,,2.8633878,9.771001,0.36279103098218873,-0.4663437624734496,False,2
益荒男,ＰＡＳＳＩＯＮ－１５,鹿野酒造,石川県,加賀市,加賀,純米,['五百万石'],3.0,1.8,1.2,15.5,65.0,-0.78,,13.086039,1.2922642,-0.3871667075686227,0.6554541180836504,False,2
美丈夫,純米大吟醸 夢許,濵川商店,高知県,安芸郡田野町,東部,純米大吟醸,['山田錦'],4.0,1.4,1.2,15.5,30.0,-0.4,,0.52163047,3.9229717,0.9526217457858582,-1.6936654560635,False,2
美丈夫,純米大吟醸 華,濵川商店,高知県,安芸郡田野町,東部,純米大吟醸,['山田錦'],3.0,1.5,1.2,15.5,40.0,-0.43,,1.622811,5.0243926,0.5435616779700598,-1.0392049449400955,False,2
美丈夫,大吟醸 薫,濵川商店,高知県,安芸郡田野町,東部,大吟醸,['山田錦'],3.0,1.2,1.2,15.5,40.0,-0.08,,1.865838,3.976365,0.8859958092119506,-1.1616039379252334,False,2
美丈夫,純米大吟醸 鄙,濵川商店,高知県,安芸郡田野町,東部,純米大吟醸,['山田錦'],3.0,1.5,1.2,15.5,45.0,-0.43,,2.7894168,7.0333476,0.42590282711070143,-0.7247529309323739,False,2
美丈夫,純米大吟醸 吟の夢,濵川商店,高知県,安芸郡田野町,東部,純米大吟醸,['吟の夢'],3.0,1.3,1.2,15.5,50.0,-0.2,,3.886184,10.315646,0.5365333970792703,-0.4919002455814108,False,2
美丈夫,純米大吟醸 舞,濵川商店,高知県,安芸郡田野町,東部,純米大吟醸,['しずく媛'],3.0,1.3,1.2,15.5,50.0,-0.2,,3.909124,10.371689,0.5365333970792703,-0.4919002455814108,False,2
美丈夫,純米吟醸 純麗タマラベル,濵川商店,高知県,安芸郡田野町,東部,純米吟醸,['松山三井'],4.0,1.6,1.2,15.5,55.0,-0.64,,14.613927,10.173531,0.1360380706611392,-0.0398060573681333,False,2
美丈夫,吟醸 麗,濵川商店,高知県,安芸郡田野町,東部,吟醸,['松山三井'],5.0,1.5,1.2,15.5,55.0,-0.61,,13.965304,9.0320425,0.3097804367582209,-0.0653625404760946,False,2
美丈夫,特別純米,濵川商店,高知県,安芸郡田野町,東部,特別純米,['松山三井'],4.0,1.6,1.2,15.5,60.0,-0.64,,17.907198,3.6139479,0.01837921980178089,0.2746459566395883,False,2
美丈夫,特別本醸造,濵川商店,高知県,安芸郡田野町,東部,特別本醸造,['松山三井'],6.0,1.2,1.2,15.5,60.0,-0.36,,14.289117,4.965254,0.5941533728238715,0.14193366176690717,False,2
美丈夫,特別純米 しぼりたて生原酒,濵川商店,高知県,安芸郡田野町,東部,特別純米,['五百万石'],3.0,1.8,1.2,15.5,60.0,-0.78,,14.658772,1.7469071,-0.26950785670926436,0.34100210407592885,False,2
美丈夫,純米吟醸 純麗タマラベル しぼりたて生原酒,濵川商店,高知県,安芸郡田野町,東部,純米吟醸,['五百万石'],4.0,1.6,1.2,15.5,55.0,-0.64,,14.59887,10.1500025,0.1360380706611392,-0.0398060573681333,False,2
美丈夫,純米 慎太郎,濵川商店,高知県,安芸郡田野町,東部,純米,['松山三井'],3.0,1.6,1.2,15.5,60.0,-0.54,,17.958853,3.6670368,-0.04121843588133723,0.2594027754191703,False,2
美丈夫,純米吟醸 弥太郎５５,濵川商店,高知県,安芸郡田野町,東部,純米吟醸,['松山三井'],4.0,1.6,1.2,15.5,55.0,-0.64,,14.672893,10.130906,0.1360380706611392,-0.0398060573681333,False,2
美丈夫,純米大吟醸 舞 うすにごり,濵川商店,高知県,安芸郡田野町,東部,純米大吟醸,['しずく媛'],3.0,1.6,1.2,15.5,50.0,-0.54,,1.4981135,9.630933,0.1940992658373794,-0.369501252596273,False,2
美丈夫,吟醸 麗 うすにごり,濵川商店,高知県,安芸郡田野町,東部,吟醸,['松山三井'],4.0,1.4,1.2,15.5,55.0,-0.4,,14.080642,8.201844,0.36432749148906657,-0.12140538602489195,False,2
美丈夫,純米大吟醸 舞 生,濵川商店,高知県,安芸郡田野町,東部,純米大吟醸,['しずく媛'],4.0,1.3,1.2,15.5,50.0,-0.29,,3.807656,10.183919,0.5961310527623884,-0.4766570643609928,False,2
美丈夫,吟醸 麗 中取り,濵川商店,高知県,安芸郡田野町,東部,吟醸,['国内産米'],5.0,1.5,1.2,15.5,55.0,-0.61,,13.934844,9.093113,0.3097804367582209,-0.0653625404760946,False,2
美丈夫,純米吟醸 荒ばしり,濵川商店,高知県,安芸郡田野町,東部,純米吟醸,['松山三井'],3.0,1.4,1.2,15.5,55.0,-0.31,,14.046216,8.259958,0.3047298358059485,-0.13664856724531,False,2
美丈夫,純米吟醸 弥太郎,濵川商店,高知県,安芸郡田野町,東部,純米吟醸,['吟の夢'],3.0,1.3,1.2,15.5,50.0,-0.2,,3.88148,10.353222,0.5365333970792703,-0.4919002455814108,False,2
美丈夫,特別純米 夏酒,濵川商店,高知県,安芸郡田野町,東部,特別純米,['松山三井'],4.0,1.6,1.2,15.5,60.0,-0.64,,18.01704,3.700839,0.01837921980178089,0.2746459566395883,False,2
美丈夫,特別本醸造 夏酒,濵川商店,高知県,安芸郡田野町,東部,特別本醸造,['松山三井'],6.0,1.2,1.2,15.5,60.0,-0.36,,14.316319,4.963061,0.5941533728238715,0.14193366176690717,False,2
美丈夫,純米大吟醸 鄙,濵川商店,高知県,安芸郡田野町,東部,純米大吟醸,['山田錦'],3.0,1.5,1.2,15.5,45.0,-0.43,,2.8129768,7.0681734,0.42590282711070143,-0.7247529309323739,False,2
美丈夫,純米吟醸 純麗タマラベル 秋上がり,濵川商店,高知県,安芸郡田野町,東部,純米吟醸,['松山三井'],4.0,1.6,1.2,15.5,55.0,-0.64,,14.622963,10.11818,0.1360380706611392,-0.0398060573681333,False,2
美丈夫,しゅわっ！！,濵川商店,高知県,安芸郡田野町,東部,吟醸,['松山三井'],5.0,1.3,1.2,15.5,55.0,-0.38,,14.040271,7.911694,0.5380698575861481,-0.14696186913285317,False,2
百歳,山廃純米吟醸,吉久保酒造,茨城県,水戸市,県央,純米吟醸,"['山田錦', '美山錦']",3.0,2.0,1.2,15.5,50.0,-1.01,,1.4229778,8.127455,-0.2624795758184749,-0.20630259528275577,False,2
百歳,特別純米 漆黒,吉久保酒造,茨城県,水戸市,県央,特別純米,['ひたち錦'],3.0,1.6,1.2,15.5,55.0,-0.54,,14.573923,10.099909,0.07644041497802109,-0.05504923858855133,False,2
百歳,純米,吉久保酒造,茨城県,水戸市,県央,純米,['玉栄'],3.0,1.5,1.2,15.5,60.0,-0.43,,16.20915,3.4854653,0.07292627453262647,0.21860311109079097,False,2
百歳,辛口純米,吉久保酒造,茨城県,水戸市,県央,純米,['日本晴'],8.0,1.7,1.2,15.5,70.0,-1.12,,12.600056,0.84611976,-0.092692569598427,1.005322373865083,False,2
百歳,特別本醸造,吉久保酒造,茨城県,水戸市,県央,特別本醸造,['トヨニシキ'],4.0,1.4,1.2,15.5,60.0,-0.4,,15.6821575,4.0760784,0.24666864062970825,0.19304662798282968,False,2
百歳,純米 旨み封じ込め 生原酒,吉久保酒造,茨城県,水戸市,県央,純米,['玉栄'],3.0,2.2,1.2,15.5,60.0,-1.24,,14.142356,1.1272123,-0.726086698365119,0.5042007613894461,False,2
百歳,特別純米 漆黒 生,吉久保酒造,茨城県,水戸市,県央,特別純米,['ひたち錦'],5.0,1.8,1.2,15.5,55.0,-0.96,,12.854268,10.115242,-0.0326536944836699,0.057036452509043274,False,2
百歳,百歳 漆黒 生 夜桜ラベル,吉久保酒造,茨城県,水戸市,県央,特別純米,[],1.0,1.8,1.2,15.5,55.0,-0.59,,12.810629,8.896559,-0.2710443172161422,-0.003936272372628814,False,2
百歳,超辛夏純,吉久保酒造,茨城県,水戸市,県央,純米,"['ひたち錦', '日本晴']",11.0,2.0,1.2,15.5,70.0,-1.74,,12.705496,0.8128602,-0.2563337337909637,1.173450910511475,False,2
百歳,純米 旨味封じ込め 原酒,吉久保酒造,茨城県,水戸市,県央,純米,['玉栄'],2.0,2.0,1.2,15.5,60.0,-0.92,,14.304371,1.3780622,-0.5573949332203095,0.4073582515122694,False,2
百歳,純米 ひやおろし 完熟生詰原酒,吉久保酒造,茨城県,水戸市,県央,純米,['玉栄'],3.0,2.0,1.2,15.5,60.0,-1.01,,14.378381,1.3882855,-0.49779727753719155,0.4226014327326874,False,2
堀の井,純米大吟醸 山北,高橋酒造,岩手県,紫波郡紫波町,県央（盛岡周辺）,純米大吟醸,['結の香'],1.0,1.4,1.2,15.5,40.0,-0.13,,1.8752785,4.8045154,0.5385110770177873,-1.1104909717093108,False,2
堀の井,大吟醸 紫波の匠,高橋酒造,岩手県,紫波郡紫波町,県央（盛岡周辺）,大吟醸,['山田錦'],-2.0,1.3,1.2,15.5,40.0,0.27,,1.9409596,4.679156,0.47386282038239663,-1.1970201796989441,False,2
堀の井,純米大吟醸 吟ぎんが,高橋酒造,岩手県,紫波郡紫波町,県央（盛岡周辺）,純米大吟醸,['吟ぎんが'],2.0,1.5,1.2,15.5,50.0,-0.34,,2.3517475,9.60586,0.24864632056822505,-0.42554409814507027,False,2
堀の井,純米大吟醸,高橋酒造,岩手県,紫波郡紫波町,県央（盛岡周辺）,純米吟醸,['山田錦'],0.0,1.5,1.2,15.5,50.0,-0.15,,2.2843583,9.459328,0.1294510092019889,-0.45603046058590635,False,2
堀の井,純米 原酒 堀米,高橋酒造,岩手県,紫波郡紫波町,県央（盛岡周辺）,純米,['トヨニシキ'],3.0,1.8,1.2,15.5,60.0,-0.78,,14.616466,1.8027197,-0.26950785670926436,0.34100210407592885,False,2
堀の井,純米,高橋酒造,岩手県,紫波郡紫波町,県央（盛岡周辺）,純米,['トヨニシキ'],3.0,1.6,1.2,15.5,60.0,-0.54,,17.958763,3.6661954,-0.04121843588133723,0.2594027754191703,False,2
堀の井,純米大吟醸 吟ぎんが 生,高橋酒造,岩手県,紫波郡紫波町,県央（盛岡周辺）,純米大吟醸,['吟ぎんが'],3.0,1.7,1.2,15.5,50.0,-0.66,,1.0669653,8.460619,0.07995455542341597,-0.3287015882678937,False,2
堀の井,純米 堀米 生原酒,高橋酒造,岩手県,紫波郡紫波町,県央（盛岡周辺）,純米,['トヨニシキ'],3.0,1.8,1.2,15.5,60.0,-0.78,,14.673087,1.7586914,-0.26950785670926436,0.34100210407592885,False,2
堀の井,純米 紫波,高橋酒造,岩手県,紫波郡紫波町,県央（盛岡周辺）,純米,['トヨニシキ'],3.0,1.8,1.2,15.5,60.0,-0.78,,14.678468,1.7621123,-0.26950785670926436,0.34100210407592885,False,2
堀の井,純米 堀米 秋上がり,高橋酒造,岩手県,紫波郡紫波町,県央（盛岡周辺）,純米,['トヨニシキ'],3.0,1.8,1.2,15.5,60.0,-0.78,,14.669548,1.7964112,-0.26950785670926436,0.34100210407592885,False,2
旭菊,大吟醸 雫斗り,旭菊酒造,福岡県,久留米市,筑後,大吟醸,['山田錦'],5.0,1.3,1.2,15.5,38.0,-0.38,,1.6706854,4.006566,0.9381099505079664,-1.2160987167591066,False,2
旭菊,純米大吟醸,旭菊酒造,福岡県,久留米市,筑後,純米大吟醸,['山田錦'],3.0,1.5,1.2,15.5,40.0,-0.43,,1.6591758,4.9640107,0.5435616779700598,-1.0392049449400955,False,2
旭菊,純米吟醸 山田錦,旭菊酒造,福岡県,久留米市,筑後,純米吟醸,['山田錦'],4.0,1.4,1.2,15.5,50.0,-0.4,,2.7544851,9.942168,0.4819863423484249,-0.4358574000326136,False,2
旭菊,純米吟醸 麗,旭菊酒造,福岡県,久留米市,筑後,純米吟醸,"['山田錦', '夢一献']",5.0,1.4,1.2,15.5,50.0,-0.5,,2.732813,9.934371,0.541583998031543,-0.4206142188121956,False,2
旭菊,綾花 特別純米 瓶囲い,旭菊酒造,福岡県,久留米市,筑後,特別純米,['山田錦'],5.0,1.5,1.2,15.5,60.0,-0.61,,16.128782,3.696431,0.1921215858988626,0.24908947353162703,False,2
旭菊,特別純米,旭菊酒造,福岡県,久留米市,筑後,特別純米,['夢一献'],4.0,1.7,1.2,15.5,60.0,-0.75,,15.404064,1.5720063,-0.09576549061218256,0.3154456209679675,False,2
旭菊,純米６号,旭菊酒造,福岡県,久留米市,筑後,純米,['夢一献'],5.0,1.5,1.2,15.5,65.0,-0.61,,12.1455345,1.509821,0.0744627350395043,0.5635414875393486,False,2
旭菊,綾花 特別純米 生原酒,旭菊酒造,福岡県,久留米市,筑後,特別純米,['山田錦'],5.0,1.7,1.2,15.5,60.0,-0.85,,15.387412,1.5526748,-0.03616783492906452,0.33068880218838553,False,2
旭菊,旭菊 特別純米 夏あやか,旭菊酒造,福岡県,久留米市,筑後,特別純米,['山田錦'],4.0,1.4,1.2,15.5,60.0,-0.4,,15.635368,4.111942,0.24666864062970825,0.19304662798282968,False,2
旭菊,綾花 特別純米 ひやおろし,旭菊酒造,福岡県,久留米市,筑後,特別純米,['山田錦'],5.0,1.5,1.2,15.5,60.0,-0.61,,16.14577,3.6615849,0.1921215858988626,0.24908947353162703,False,2
美田,純米吟醸 山田錦,みいの寿,福岡県,三井郡大刀洗町,筑後,純米吟醸,['山田錦'],3.0,1.3,1.2,15.5,55.0,-0.2,,14.035562,7.8988924,0.4188745462199119,-0.17744823157368922,False,2
美田,山廃純米 豊醸,みいの寿,福岡県,三井郡大刀洗町,筑後,純米,['山田錦'],1.0,2.0,1.2,15.5,70.0,-0.82,,12.9277525,0.6592374,-0.8523102906221443,1.0210190983072946,False,2
美田,山廃純米 大辛口 辛醸,みいの寿,福岡県,三井郡大刀洗町,筑後,純米,['山田錦'],14.0,1.9,1.2,15.5,70.0,-1.9,,12.624163,0.8890715,0.036603943672354346,1.1783807898443497,False,2
美田,山廃純米 育て酛,みいの寿,福岡県,三井郡大刀洗町,筑後,純米,['山田錦'],-1.0,1.6,1.2,15.5,65.0,-0.17,,12.892097,1.6309903,-0.39726790947316776,0.5128820645452198,False,2
美田,山廃純米 にごり酒,みいの寿,福岡県,三井郡大刀洗町,筑後,純米,['山田錦'],1.0,2.0,1.2,15.5,70.0,-0.82,,12.959667,0.6357725,-0.8523102906221443,1.0210190983072946,False,2
美田,上燗純米,みいの寿,福岡県,三井郡大刀洗町,筑後,純米,['夢一献'],5.0,1.3,1.2,15.5,70.0,-0.38,,11.627606,1.4748435,0.1850933050080731,0.7963941728903117,False,2
美田,山廃純米 にごり酒 生,みいの寿,福岡県,三井郡大刀洗町,筑後,純米,['山田錦'],0.0,2.3,1.2,15.5,70.0,-1.08,,13.696127,0.5875287,-1.254342077547153,1.1281749100720144,False,2
美田,純米吟醸 無濾過生 うすにごり,みいの寿,福岡県,三井郡大刀洗町,筑後,純米吟醸,['吟のさと'],3.0,1.5,1.2,15.5,60.0,-0.43,,16.151466,3.5714228,0.07292627453262647,0.21860311109079097,False,2
美田,山廃純米 大辛口 辛醸,みいの寿,福岡県,三井郡大刀洗町,筑後,純米,['山田錦'],14.0,2.1,1.2,15.5,70.0,-2.14,,12.731506,0.8517115,-0.191685477155573,1.2599801185011084,False,2
美田,純米吟醸 中取り 実り,みいの寿,福岡県,三井郡大刀洗町,筑後,純米吟醸,['吟のさと'],3.0,1.5,1.2,15.5,60.0,-0.43,,16.181408,3.5301108,0.07292627453262647,0.21860311109079097,False,2
美田,山廃純米吟醸 愛醸,みいの寿,福岡県,三井郡大刀洗町,筑後,純米吟醸,['愛山'],1.0,1.8,1.2,15.5,60.0,-0.59,,14.607898,1.9841396,-0.3887031680755005,0.31051574163509277,False,2
美田,ＰＡＳＳＩＯＮ－１５ ＲＵＲＩ,みいの寿,福岡県,三井郡大刀洗町,筑後,大吟醸,['山田錦'],3.0,1.4,1.2,15.5,40.0,-0.31,,1.7702085,4.8576045,0.6577063883840235,-1.0800046092684747,False,2
美田,ＰＡＳＳＩＯＮ－１５,みいの寿,福岡県,三井郡大刀洗町,筑後,純米,['穀良都'],3.0,1.8,1.2,15.5,70.0,-0.78,,12.76373,0.6875241,-0.5048255584279809,0.9699061320913721,False,2
美田,三井の寿 山廃純米 穀良都,みいの寿,福岡県,三井郡大刀洗町,筑後,純米,['穀良都'],1.0,1.7,1.2,15.5,65.0,-0.47,,12.937985,1.5538492,-0.3922173085208951,0.584168091314435,False,2
美田,三井の寿 純米吟醸 木槽搾り生原酒,みいの寿,福岡県,三井郡大刀洗町,筑後,純米吟醸,['夢一献'],6.0,1.3,1.2,15.5,60.0,-0.47,,14.515882,4.9119735,0.4800086624099078,0.1827333260952865,False,2
扶桑鶴,純米大吟醸,桑原酒場,島根県,益田市,石見,純米大吟醸,['山田錦'],2.0,2.1,1.2,15.5,40.0,-1.03,,1.4747674,5.767817,-0.20090424019683992,-0.8096501401902378,False,2
扶桑鶴,純米吟醸 山田錦,桑原酒場,島根県,益田市,石見,純米吟醸,['山田錦'],2.0,1.7,1.2,15.5,50.0,-0.57,,1.1166788,8.523696,0.020356899740297904,-0.34394476948831176,False,2
扶桑鶴,純米吟醸 雄町,桑原酒場,島根県,益田市,石見,純米吟醸,['雄町'],1.5,1.7,1.2,15.5,55.0,-0.52,,12.899928,8.932143,-0.12710077896061944,-0.03711434609079913,False,2
扶桑鶴,純米吟醸 青ラベル,桑原酒場,島根県,益田市,石見,純米吟醸,"['山田錦', '佐香錦']",5.5,1.8,1.2,15.5,50.0,-1.01,,1.2048376,8.444651,0.11480398421724745,-0.24979397088846927,False,2
扶桑鶴,特別純米,桑原酒場,島根県,益田市,石見,特別純米,"['佐香錦', '神の舞']",5.5,1.8,1.2,15.5,60.0,-1.01,,14.838997,1.5879942,-0.12051371750146918,0.37911005712697393,False,2
扶桑鶴,純米,桑原酒場,島根県,益田市,石見,純米,['神の舞'],5.5,1.8,1.2,15.5,65.0,-1.01,,12.921653,1.197154,-0.23817256836082748,0.6935620711346955,False,2
扶桑鶴,純米 にごり,桑原酒場,島根県,益田市,石見,純米,"['五百万石', 'きぬむすめ']",5.0,2.3,1.2,15.5,70.0,-1.54,,13.65944,0.5966019,-0.9563537991315626,1.2043908161741046,False,2
扶桑鶴,純米 高津川,桑原酒場,島根県,益田市,石見,純米,"['五百万石', 'きぬむすめ']",6.0,2.3,1.2,15.5,70.0,-1.63,,13.63166,0.6270697,-0.8967561434484445,1.2196339973945227,False,2
扶桑鶴,純米 生原酒,桑原酒場,島根県,益田市,石見,純米,"['五百万石', 'きぬむすめ']",5.0,2.6,1.2,15.5,70.0,-1.89,,13.766709,0.514526,-1.2987879303734535,1.3267898091592425,False,2
扶桑鶴,純米原酒 秋あがり,桑原酒場,島根県,益田市,石見,純米,"['五百万石', 'きぬむすめ']",5.0,2.5,1.2,15.5,70.0,-1.77,,13.751315,0.5331716,-1.18464321995949,1.2859901448308633,False,2
扶桑鶴,ＰＡＳＳＩＯＮ－１５ ＲＵＲＩ,桑原酒場,島根県,益田市,石見,純米吟醸,['山田錦'],6.0,2.0,1.2,15.5,50.0,-1.29,,1.3737837,8.210223,-0.08368660876912072,-0.1605730516215017,False,2
扶桑鶴,ＰＡＳＳＩＯＮ－１５,桑原酒場,島根県,益田市,石見,純米吟醸,['佐香錦'],5.5,2.1,1.2,15.5,50.0,-1.36,,1.3992982,8.140156,-0.22763014702464338,-0.1273949779033314,False,2
扶桑鶴,純米吟醸 中汲み 凌雲,桑原酒場,島根県,益田市,石見,純米吟醸,['佐香錦'],6.5,1.8,1.2,15.5,55.0,-1.1,,12.921989,10.140155,0.056742789041007186,0.07990122433967033,False,2
扶桑鶴,特別純米 中汲み 凌雲,桑原酒場,島根県,益田市,石見,特別純米,['佐香錦'],7.0,2.1,1.2,15.5,60.0,-1.49,,14.284507,1.2467172,-0.3735513652186829,0.5243738219427388,False,2
越の誉,雪の中にて寝かせたお酒,原酒造,新潟県,柏崎市,中越,純米,['五百万石'],2.0,1.5,1.1,15.0,65.0,-0.34,,12.006428,2.4542189,-0.32552407040215237,0.10028212332318395,False,0
越の誉,純米吟醸 清吟 ひやおろし,原酒造,新潟県,柏崎市,中越,純米吟醸,['越神楽'],4.0,1.6,1.3,16.0,60.0,-0.64,,9.572383,1.263382,0.23957305819408334,0.6921757771944996,False,0
越の誉,純米大吟醸,原酒造,新潟県,柏崎市,中越,純米大吟醸,['たかね錦'],0.0,1.4,0.9,16.0,50.0,-0.03,,7.235574,4.6289754,0.4271587624463226,-1.3643990070041194,False,0
越の誉,袋取り雫酒,原酒造,新潟県,柏崎市,中越,大吟醸,['越神楽'],2.0,1.2,1.1,16.0,40.0,0.01,,2.518487,4.2639084,1.0287765941401688,-1.4018666499131125,False,0
越の誉,純米吟醸封印酒,原酒造,新潟県,柏崎市,中越,純米吟醸,['越神楽'],2.0,1.45,1.45,15.0,50.0,-0.28,,8.896293,-1.9184625,0.11745178349959533,0.26098761394998093,False,0
越の誉,純米吟醸 清吟,原酒造,新潟県,柏崎市,中越,純米吟醸,['たかね錦'],3.0,1.5,0.9,15.0,50.0,-0.43,,8.023805,5.457482,0.06823474007807441,-1.4703800888019354,False,0
越の誉,純米 生酛,原酒造,新潟県,柏崎市,中越,純米,['越神楽'],1.0,1.7,1.0,15.0,70.0,-0.47,,11.100908,3.5354383,-0.740477696663039,0.15981560910605946,False,0
越の誉,吟醸 清吟,原酒造,新潟県,柏崎市,中越,吟醸,['たかね錦'],4.0,1.2,1.4,15.0,50.0,-0.17,,4.2112303,10.03907,0.517305021455499,0.02883747773927554,False,0
越の誉,波 純米,原酒造,新潟県,柏崎市,中越,純米,['五百万石'],4.0,1.3,1.4,15.0,65.0,-0.29,,10.901369,0.31030616,0.05018375846346031,1.0129931840908197,False,0
越の誉,越後純米酒,原酒造,新潟県,柏崎市,中越,純米,['五百万石'],5.0,1.4,1.5,15.0,65.0,-0.5,,10.808966,-0.5080039,0.005044402623097979,1.3903107053008035,False,0
越の誉,純米 しぼりたて生原酒,原酒造,新潟県,柏崎市,中越,純米,['五百万石'],3.0,1.6,1.1,17.0,65.0,-0.54,,8.163551,2.203541,0.4670734328742794,0.5413455484468803,False,0
越の誉,純米吟醸 夏の生酒,原酒造,新潟県,柏崎市,中越,純米吟醸,['越神楽'],3.0,1.6,1.3,15.0,60.0,-0.54,,14.372016,3.2379138,-0.24359687649267348,0.484422306186632,False,0
越の誉,大吟醸 生酒,原酒造,新潟県,柏崎市,中越,大吟醸,['たかね錦'],3.0,1.3,1.1,15.0,50.0,-0.2,,7.829877,5.88722,0.3153395586869678,-0.9094300661363215,False,0
越の誉,吟醸 金箔入 箱入,原酒造,新潟県,柏崎市,中越,吟醸,['たかね錦'],4.0,1.2,1.4,15.0,60.0,-0.17,,10.618801,0.124414474,0.2819873197367823,0.6577415057547188,False,0
越の誉,純米大吟醸 穂耀,原酒造,新潟県,柏崎市,中越,純米大吟醸,['たかね錦'],1.0,1.4,1.5,16.0,50.0,-0.13,,8.790542,-1.9151329,0.5432026114723394,0.578492228183416,False,0
越の誉,純米燗酒,原酒造,新潟県,柏崎市,中越,純米,['たかね錦'],3.0,1.7,1.5,15.0,60.0,-0.66,,10.300811,-0.51363176,-0.33892618912567063,1.1677713218373837,False,0
越の誉,無垢之酒,原酒造,新潟県,柏崎市,中越,純米吟醸,['越神楽'],2.0,1.7,1.1,17.0,50.0,-0.57,,6.2932506,3.1007836,0.6463076193552729,-0.3764540104683233,False,0
越の誉,純米生酛 生酒,原酒造,新潟県,柏崎市,中越,純米,['楽風舞'],3.0,1.7,1.2,17.0,65.0,-0.66,,8.170233,1.8561578,0.36233642135079913,0.9034198884364454,False,0
越の誉,純米吟醸 封印酒 生酒,原酒造,新潟県,柏崎市,中越,純米吟醸,['越神楽'],1.0,1.3,1.0,16.0,50.0,-0.01,,7.0711794,4.5728574,0.6103088274338873,-1.0686808144508946,False,0
越の誉,大吟醸 原酒,原酒造,新潟県,柏崎市,中越,大吟醸,['たかね錦'],5.0,1.3,1.1,17.0,50.0,-0.38,,6.5310535,3.3409925,1.2816794280604813,-0.4939231241205863,False,0
越の誉,純米吟醸 春酒,原酒造,新潟県,柏崎市,中越,純米吟醸,['越神楽'],3.0,1.6,1.1,15.0,60.0,-0.54,,11.675954,5.038762,-0.26241227427363967,-0.1581270451357403,False,0
越の誉,大吟醸原酒 越神楽,原酒造,新潟県,柏崎市,中越,大吟醸,['越神楽'],2.0,1.2,0.9,17.0,40.0,0.01,,3.88253,4.3115344,1.4335334753628413,-1.8519057114480357,False,0
越の誉,秘蔵古酒もろはく,原酒造,新潟県,柏崎市,中越,純米大吟醸,['越神楽'],-3.0,1.3,1.0,15.0,40.0,0.36,,2.9123418,5.1547074,0.18366362741649295,-1.9510678571354594,False,0
天覧山,純米吟醸,五十嵐酒造,埼玉県,飯能市,西部,純米吟醸,['吟ぎんが'],3.0,1.5,0.9,15.0,55.0,-0.43,,8.56283,5.344957,-0.0494241107812839,-1.1559280747942138,False,0
天覧山,純米酒,五十嵐酒造,埼玉県,飯能市,西部,純米,"['五百万石', '彩のみのり']",3.0,1.5,1.2,15.0,65.0,-0.43,,12.193433,2.012783,-0.2565187158285512,0.4367999802047878,False,0
天覧山,生酛造り 純米吟醸,五十嵐酒造,埼玉県,飯能市,西部,純米吟醸,['山田錦'],0.0,1.6,1.0,15.5,55.0,-0.27,,7.9969363,4.8628063,-0.12116794985229935,-0.7433281335721779,False,0
幻の瀧,真精大吟醸 幻の瀧 飛雪,皇国晴酒造,富山県,黒部市,呉東,大吟醸,['山田錦'],4.0,1.2,1.2,16.5,35.0,-0.17,,2.9038014,3.9469821,1.4868245947580656,-1.2683024809250873,False,1
幻の瀧,大吟醸,皇国晴酒造,富山県,黒部市,呉東,大吟醸,['山田錦'],4.0,1.2,1.2,16.0,50.0,-0.17,,3.7450383,9.752534,0.9220619026781715,-0.42120158379564737,False,1
幻の瀧,大吟醸 幻の瀧 奥秘峡,皇国晴酒造,富山県,黒部市,呉東,大吟醸,[],4.0,1.2,1.2,16.5,40.0,-0.17,,2.7507432,4.019502,1.3691657438987073,-0.953850466917366,False,1
幻の瀧,純米吟醸,皇国晴酒造,富山県,黒部市,呉東,純米吟醸,['五百万石'],3.0,1.6,1.2,15.5,56.0,-0.54,,14.563985,10.055381,0.05290864480614944,0.007841164212992989,False,1
幻の瀧,本流,皇国晴酒造,富山県,黒部市,呉東,本醸造,"['雄山錦', 'てんたかく']",4.0,1.3,1.2,15.0,60.0,-0.29,,13.456074,4.4318633,0.14902721154185236,0.055991818760725676,False,1
幻の瀧,名水乃蔵 特別純米酒,皇国晴酒造,富山県,黒部市,呉東,特別純米,['五百万石'],3.0,1.5,1.2,15.5,58.0,-0.43,,16.139936,3.541303,0.1199898148763698,0.09282230548770233,False,1
幻の瀧,吟醸生貯蔵酒 つらら,皇国晴酒造,富山県,黒部市,呉東,吟醸,['五百万石'],4.0,1.2,1.2,15.5,55.0,-0.17,,13.973804,7.714031,0.5926169123169938,-0.20300471468165052,False,1
国士無双,大吟醸酒,高砂酒造,北海道,旭川市,道北,大吟醸,['彗星'],4.0,1.2,1.2,15.5,40.0,-0.17,,1.9106534,3.9488142,0.9455934648950688,-1.1463607567048153,False,1
国士無双,純米吟醸酒,高砂酒造,北海道,旭川市,道北,純米吟醸,['きたしずく'],2.0,1.5,1.2,15.5,55.0,-0.34,,13.930892,8.639287,0.13098746970886674,-0.11109208413734867,False,1
国士無双,特別純米 烈,高砂酒造,北海道,旭川市,道北,特別純米,['美山錦'],5.0,1.4,1.2,15.5,58.0,-0.5,,15.002333,4.725069,0.35332983665656964,0.08250900360015904,False,1
国士無双,純米,高砂酒造,北海道,旭川市,道北,純米,['国内産米'],3.0,1.4,1.2,15.5,60.0,-0.31,,15.679792,4.050804,0.18707098494659016,0.17780344676241164,False,1
国士無双,本醸造,高砂酒造,北海道,旭川市,道北,本醸造,['国内産米'],4.0,1.6,1.2,15.5,60.0,-0.64,,18.007475,3.7227259,0.01837921980178089,0.2746459566395883,False,1
国士無双,純米大吟醸酒 和,高砂酒造,北海道,旭川市,道北,純米大吟醸,['彗星'],3.0,1.3,1.2,17.5,45.0,-0.2,,4.254274,3.767415,1.501336805945906,-0.4213316800142335,False,1
国士無双,純米大吟醸 あさひかわ,高砂酒造,北海道,旭川市,道北,純米大吟醸,['吟風'],3.0,1.3,1.2,15.5,45.0,-0.2,,3.192309,7.3465595,0.6541922479386286,-0.8063522595891326,False,1
国士無双,純米大吟醸 北海道限定,高砂酒造,北海道,旭川市,道北,純米大吟醸,['彗星'],5.5,1.3,1.2,15.5,45.0,-0.43,,3.1584105,7.3167605,0.8031863871464239,-0.7682443065380875,False,1
国士無双,純米 虚空,高砂酒造,北海道,旭川市,道北,純米,['吟風'],-9.0,1.9,1.2,12.5,60.0,0.23,,12.785613,3.157448,-2.3695412723315603,-0.3786472756030568,False,1
国士無双,純米生貯蔵酒,高砂酒造,北海道,旭川市,道北,純米,['彗星'],3.0,1.4,1.2,13.5,60.0,-0.31,,12.985244,3.536028,-0.6600735730606873,-0.20721713281248746,False,1
国士無双,純米酒 春うらら,高砂酒造,北海道,旭川市,道北,純米,['吟風'],-20.0,1.7,1.2,14.3,60.0,1.5,,13.274202,2.4740903,-2.034395961811382,-0.2814030760670043,False,1
国士無双,本醸造雪中貯蔵酒,高砂酒造,北海道,旭川市,道北,大吟醸,['彗星'],3.0,1.5,1.2,15.5,60.0,,,16.289167,3.5760229,0.07292627453262647,0.21860311109079097,False,2
国士無双,純米 ひやおろし,高砂酒造,北海道,旭川市,道北,純米,['吟風'],3.0,1.5,1.2,15.2,60.0,,,15.394005,3.3568077,-0.05414540916846545,0.16085002415455596,False,2
国士無双,本醸造 生原酒 新酒しぼりたて,高砂酒造,北海道,旭川市,道北,本醸造,['国内産米'],4.0,1.5,1.2,18.5,60.0,,,7.680838,1.0008388,1.4032407672266607,0.8113771616735576,False,2
国士無双,純米酒 新酒にごり,高砂酒造,北海道,旭川市,道北,純米,['吟風'],-25.0,1.5,1.2,14.5,60.0,,,13.2531185,2.5468924,-2.019380363598318,-0.4007162528683633,False,2
国士無双,純米酒 夏の生,高砂酒造,北海道,旭川市,道北,純米,['きたしずく'],1.0,1.8,1.2,15.2,60.0,-0.59,,14.275383,2.4442072,-0.5157748517765923,0.2527626546988578,False,1
国士無双,純米雪中貯蔵酒 雪のゆりかご,高砂酒造,北海道,旭川市,道北,純米,['吟風'],4.0,1.5,1.2,15.5,60.0,-0.52,,16.293957,3.6361008,0.13252393021574455,0.23384629231120901,False,1
法螺吹,純米,高砂酒造,北海道,旭川市,道北,純米,['ゆきひかり'],3.0,1.3,1.2,14.5,60.0,-0.2,,13.364926,4.198527,-0.12235658364308513,-0.05550650735341714,False,1
風のささやき,純米,高砂酒造,北海道,旭川市,道北,純米,['吟風'],3.0,1.3,1.2,14.5,60.0,-0.2,,13.364036,4.1715817,-0.12235658364308513,-0.05550650735341714,False,1
大法螺,純米酒,高砂酒造,北海道,旭川市,道北,純米,['彗星'],4.0,1.6,1.2,15.5,60.0,-0.64,,17.929653,3.635597,0.01837921980178089,0.2746459566395883,False,1
旭神威,氷温貯蔵 純米大吟醸酒,高砂酒造,北海道,旭川市,道北,純米大吟醸,['山田錦'],0.0,1.3,1.2,16.5,35.0,0.08,,3.0434334,3.9735181,1.1342892616116298,-1.2884755414783802,False,1
旭神威,氷温貯蔵 大吟醸酒,高砂酒造,北海道,旭川市,道北,大吟醸,['山田錦'],2.0,1.2,1.2,15.5,35.0,0.01,,0.69757,3.7156181,0.944057004388191,-1.491299133153373,False,1
大雪,純米吟醸,高砂酒造,北海道,旭川市,道北,純米吟醸,['国内産米'],3.0,1.3,1.2,15.5,45.0,-0.2,,3.1945012,7.3430347,0.6541922479386286,-0.8063522595891326,False,1
春鹿,純米吟醸 ひやおろし,今西清兵衛商店,奈良県,奈良市,北西部（奈良盆地）,純米吟醸,"['五百万石', '山田錦']",-1.0,1.6,1.0,16.0,60.0,-0.17,83.0,8.815304,3.4690773,-0.08663831689295633,-0.3478641558911495,False,0
春鹿,華厳,今西清兵衛商店,奈良県,奈良市,北西部（奈良盆地）,純米大吟醸,['山田錦'],-3.0,1.4,1.0,17.0,35.0,0.25,83.0,3.5931578,4.2548466,1.0343223258691654,-1.8396996272399027,False,0
春鹿,純米大吟醸,今西清兵衛商店,奈良県,奈良市,北西部（奈良盆地）,純米大吟醸,['山田錦'],-1.0,1.2,1.0,15.0,50.0,0.29,83.0,7.9729247,5.6069727,0.1816859474779761,-1.3324771310075594,False,0
春鹿,純米吟醸封印酒,今西清兵衛商店,奈良県,奈良市,北西部（奈良盆地）,純米吟醸,['山田錦'],-3.0,1.5,1.0,15.0,55.0,0.13,83.0,8.252983,5.383773,-0.39760234598950916,-0.926112486455536,False,0
春鹿,吟醸 超辛口,今西清兵衛商店,奈良県,奈良市,北西部（奈良盆地）,吟醸,['五百万石'],8.0,1.2,1.0,15.0,60.0,-0.54,83.0,10.079783,4.749272,0.4827471469073221,-0.5663844720083541,False,0
春鹿,純米 超辛口,今西清兵衛商店,奈良県,奈良市,北西部（奈良盆地）,純米,['五百万石'],12.0,1.4,1.3,15.0,60.0,-1.14,83.0,14.4980755,4.188328,0.5210714454833165,0.5400116085136356,False,0
春鹿,さくら純米,今西清兵衛商店,奈良県,奈良市,北西部（奈良盆地）,純米,['ヒノヒカリ'],-9.0,1.6,1.6,15.0,70.0,0.58,83.0,10.932552,-0.72382015,-1.1658633497373574,1.894232186540618,False,0
春鹿,鬼斬,今西清兵衛商店,奈良県,奈良市,北西部（奈良盆地）,純米,['五百万石'],13.0,1.9,1.9,18.0,60.0,-1.81,83.0,8.462221,-0.61436445,1.3371085794504314,3.264432034705416,False,0
春鹿,極味,今西清兵衛商店,奈良県,奈良市,北西部（奈良盆地）,本醸造,['ヒノヒカリ'],-2.0,1.2,1.0,15.0,65.0,0.38,83.0,10.953205,3.2215497,-0.2308882607832169,-0.4043642702048127,False,0
春鹿,ときめき,今西清兵衛商店,奈良県,奈良市,北西部（奈良盆地）,清酒,['ヒノヒカリ'],-100.0,5.5,1.25,6.0,70.0,5.2,83.0,14.668932,-1.6475176,-14.885971180195124,-0.7587643686118278,False,0
春鹿,純米超辛口 しぼりたて生原酒,今西清兵衛商店,奈良県,奈良市,北西部（奈良盆地）,純米,['五百万石'],15.0,1.4,1.1,18.0,60.0,-1.41,83.0,7.7697906,1.221432,1.9517658517626206,0.5207226702148658,False,0
春鹿,純米吟醸 しぼりばな,今西清兵衛商店,奈良県,奈良市,北西部（奈良盆地）,純米吟醸,['五百万石'],1.0,1.4,1.4,16.0,60.0,-0.13,83.0,9.867865,0.13531667,0.2984772108631396,0.8861215805376726,False,0
春鹿,純米吟醸 生酒,今西清兵衛商店,奈良県,奈良市,北西部（奈良盆地）,純米吟醸,['山田錦'],1.5,1.4,1.1,15.0,60.0,-0.17,83.0,11.892916,4.771222,-0.12351933697038937,-0.262591145623126,False,0
春鹿,純米大吟醸原酒 華厳（期間限定）,今西清兵衛商店,奈良県,奈良市,北西部（奈良盆地）,純米大吟醸,['山田錦'],-1.0,1.2,1.1,17.0,35.0,0.29,83.0,3.5223444,4.129738,1.3912147569538118,-1.5695379177946387,False,0
春鹿,ＭＯＴＯＺＡＫＥ純米,今西清兵衛商店,奈良県,奈良市,北西部（奈良盆地）,純米,['ヒノヒカリ'],-9.0,1.5,1.6,15.0,70.0,0.69,83.0,10.879748,-0.6632211,-1.0517186393233937,1.8534325222122385,False,0
春鹿,純米吟醸 封印酒 生酒,今西清兵衛商店,奈良県,奈良市,北西部（奈良盆地）,純米吟醸,['山田錦'],-1.5,1.4,0.8,15.0,55.0,0.11,83.0,8.972273,5.046632,-0.2128765498318346,-1.5865967302756607,False,0
春鹿,純米吟醸 春鹿の夏しか,今西清兵衛商店,奈良県,奈良市,北西部（奈良盆地）,純米吟醸,['山田錦'],0.0,1.4,1.1,14.0,60.0,-0.03,83.0,12.853193,3.612712,-0.6364880994987052,-0.47796620724120253,False,0
春鹿,奈良の八重桜,今西清兵衛商店,奈良県,奈良市,北西部（奈良盆地）,純米,['ヒノヒカリ'],-20.0,3.3,1.4,14.0,60.0,-0.35,83.0,13.845999,-0.67446744,-3.9689676143549253,0.9561878175732017,False,0
浦霞,特別純米酒 ひやおろし,佐浦,宮城県,塩竈市,仙台周辺,特別純米,['ササニシキ'],1.0,1.6,1.6,16.45,60.0,-0.36,71.0,9.238443,-0.79791164,0.2796107133678156,1.6968998909211566,False,0
浦霞,特別純米酒 生一本,佐浦,宮城県,塩竈市,仙台周辺,特別純米,['ササニシキ'],1.5,1.45,1.75,15.45,60.0,-0.23,71.0,9.908009,-1.2884934,0.07116587616240615,1.9327237087431262,False,0
浦霞,山田錦 純米大吟醸,佐浦,宮城県,塩竈市,仙台周辺,純米大吟醸,['山田錦'],2.0,1.5,1.2,16.45,45.0,-0.34,71.0,5.447744,3.5220897,0.76869883648104,-0.557111336854715,False,0
浦霞,純米吟醸 浦霞禅,佐浦,宮城県,塩竈市,仙台周辺,純米吟醸,"['山田錦', 'トヨニシキ']",1.5,1.35,1.35,15.45,50.0,-0.12,71.0,4.237687,10.157422,0.38299749273315375,-0.022078686245440893,False,0
浦霞,木桶仕込 山廃純米酒貮百八拾號,佐浦,宮城県,塩竈市,仙台周辺,純米,['トヨニシキ'],2.0,2.0,1.4,15.45,70.0,-0.92,71.0,11.719396,-0.20404674,-0.7950758511082422,1.6691861163607127,False,0
浦霞,純米酒,佐浦,宮城県,塩竈市,仙台周辺,純米,['まなむすめ'],1.5,1.3,1.6,15.45,65.0,-0.06,71.0,10.552939,-0.69817,0.11061254258826843,1.7040642127664998,False,0
浦霞,ＭＯＴＯＺＡＫＥ特別純米,佐浦,宮城県,塩竈市,仙台周辺,特別純米,['ササニシキ'],1.5,1.45,1.55,15.45,60.0,-0.23,71.0,9.900784,-0.7157892,0.05235047838143992,1.2901743574207538,False,0
浦霞,からくち,佐浦,宮城県,塩竈市,仙台周辺,本醸造,['まなむすめ'],5.5,1.25,1.55,15.45,65.0,-0.37,71.0,10.654956,-0.592879,0.40137167108248106,1.583999767653389,False,0
浦霞,本仕込,佐浦,宮城県,塩竈市,仙台周辺,本醸造,['まなむすめ'],1.5,1.2,1.4,15.45,65.0,0.06,71.0,10.874381,0.3511409,0.20594185522126587,1.0207151971157475,False,0
浦霞,ぼとる浦霞,佐浦,宮城県,塩竈市,仙台周辺,本醸造,['まなむすめ'],1.5,1.2,1.4,15.45,65.0,0.06,71.0,10.858298,0.33785272,0.20594185522126587,1.0207151971157475,False,0
浦霞,特別純米生酒 しぼりたて,佐浦,宮城県,塩竈市,仙台周辺,特別純米,['ササニシキ'],1.5,1.6,1.6,17.45,60.0,-0.41,71.0,8.504739,-0.47859776,0.7329818202130133,1.8970317713188152,False,0
浦霞,純米 生酒,佐浦,宮城県,塩竈市,仙台周辺,純米,['まなむすめ'],1.0,1.45,1.75,17.0,65.0,-0.18,71.0,8.766516,-0.76282275,0.5802452299171292,2.537945081311186,False,0
浦霞,特別純米酒 寒おろし,佐浦,宮城県,塩竈市,仙台周辺,特別純米,['ササニシキ'],1.0,1.6,1.6,16.45,60.0,-0.36,71.0,9.25879,-0.7962844,0.2796107133678156,1.6968998909211566,False,0
浦霞,純米大吟醸,佐浦,宮城県,塩竈市,仙台周辺,純米大吟醸,"['トヨニシキ', '山田錦']",3.0,2.0,1.3,15.0,50.0,-1.01,71.0,1.4628474,8.111227,-0.4648580164298111,0.018716935484705943,False,0
浦霞,大吟醸雫酒,佐浦,宮城県,塩竈市,仙台周辺,大吟醸,['山田錦'],0.5,1.2,1.0,16.45,40.0,0.15,71.0,3.812654,4.489572,1.1205799372766456,-1.659376467000574,False,0
日置桜,特醸 純米酒,山根酒造場,鳥取県,鳥取市,東部（因幡）,純米吟醸,['山田錦'],7.5,2.2,1.3,15.45,55.0,-1.66,,14.22899,1.227707,-0.3520093119914285,0.5699922240454195,False,0
日置桜,純米酒,山根酒造場,鳥取県,鳥取市,東部（因幡）,純米,['玉栄'],10.5,1.9,1.9,15.45,70.0,-1.58,,10.560953,-1.5652068,-0.12731257293535933,3.364326870711818,False,0
れいざん,大吟醸,山村酒造,熊本県,阿蘇郡高森町,阿蘇・県東,大吟醸,['山田錦'],2.0,1.5,1.2,17.0,40.0,-0.34,,3.1480331,3.7675679,1.1193224407923998,-0.7656826914793393,False,1
れいざん,純米酒,山村酒造,熊本県,阿蘇郡高森町,阿蘇・県東,純米,['華錦'],1.5,1.7,1.2,15.0,65.0,-0.52,,12.820375,1.8683138,-0.5742046201811554,0.4955345370309193,False,1
一人娘,純米 いなほ,山中酒造店,茨城県,常総市,県西,特別純米,['ゆめひたち'],7.0,1.6,1.5,15.5,60.0,-0.91,,10.119942,-0.34380296,0.2253952835225844,1.2841995272844013,False,0
司牡丹,ひやおろし 土佐の超辛口,司牡丹酒造,高知県,高岡郡佐川町,中部,本醸造,"['きぬむすめ', '山田錦']",9.0,1.4,0.9,16.45,65.0,-0.87,,8.8069,3.6587002,0.8011686365679475,-0.19722470359284025,False,0
司牡丹,船中八策 ひやおろし,司牡丹酒造,高知県,高岡郡佐川町,中部,純米,"['アケボノ', '山田錦']",8.0,1.6,1.2,17.45,60.0,-1.01,,7.774565,1.3204752,1.0827357865913483,0.7110137466067868,False,0
司牡丹,槽掛け雫酒,司牡丹酒造,高知県,高岡郡佐川町,中部,純米大吟醸,['山田錦'],2.0,1.2,1.0,16.45,35.0,0.01,,3.4669065,4.346963,1.3276352716606812,-1.9509637091776684,False,0
司牡丹,槽搾り 純米大吟醸,司牡丹酒造,高知県,高岡郡佐川町,中部,純米大吟醸,['山田錦'],2.0,1.2,1.0,16.45,40.0,0.01,,3.7568576,4.460705,1.2099764208013228,-1.6365116951699468,False,0
司牡丹,純米大吟醸 吾唯足知,司牡丹酒造,高知県,高岡郡佐川町,中部,純米大吟醸,['山田錦'],3.0,1.1,0.9,15.45,50.0,0.04,,7.8516746,5.298429,0.7154211072855658,-1.5469491157111006,False,0
司牡丹,純米大吟醸原酒 秀吟,司牡丹酒造,高知県,高岡郡佐川町,中部,純米大吟醸,['山田錦'],3.0,1.3,1.0,16.45,45.0,-0.2,,4.1488967,4.5302887,1.0377705152111187,-1.2660168356134278,False,0
司牡丹,華麗,司牡丹酒造,高知県,高岡郡佐川町,中部,純米大吟醸,['山田錦'],3.0,1.1,0.9,15.45,50.0,0.04,,7.8475385,5.264551,0.7154211072855658,-1.5469491157111006,False,0
司牡丹,吾唯足知,司牡丹酒造,高知県,高岡郡佐川町,中部,純米吟醸,"['山田錦', '吟の夢']",5.0,1.3,1.0,15.45,60.0,-0.38,,10.000231,4.520909,0.3804169949956413,-0.48468472093687653,False,0
司牡丹,純米吟醸封印酒,司牡丹酒造,高知県,高岡郡佐川町,中部,純米吟醸,['山田錦'],5.0,1.1,1.0,15.45,55.0,-0.15,,9.660877,4.6320257,0.7263652666829268,-0.8807360636013567,False,0
司牡丹,純米 船中八策,司牡丹酒造,高知県,高岡郡佐川町,中部,純米,"['アケボノ', '山田錦']",8.0,1.4,1.1,15.45,60.0,-0.77,,14.388731,4.7402945,0.45447295052151515,-0.07688083728605667,False,0
司牡丹,かまわぬ,司牡丹酒造,高知県,高岡郡佐川町,中部,純米,['山田錦'],6.0,1.5,1.1,15.45,65.0,-0.71,,11.095652,3.4114773,0.10347407788195702,0.24788447860920823,False,0
司牡丹,米から育てた純米酒,司牡丹酒造,高知県,高岡郡佐川町,中部,純米,"['山田錦', '土佐錦']",6.0,1.6,1.2,15.45,65.0,-0.82,,12.342797,1.3191656,-0.001262933641523564,0.6099588185987733,False,0
司牡丹,純米 辛口,司牡丹酒造,高知県,高岡郡佐川町,中部,純米,"['山田錦', '五百万石', '北錦']",6.5,1.4,1.2,15.45,65.0,-0.64,,12.050836,1.516872,0.2568253150279628,0.5359810805522237,False,0
司牡丹,豊麗,司牡丹酒造,高知県,高岡郡佐川町,中部,純米,"['山田錦', '五百万石', '北錦']",6.5,1.4,1.2,15.45,65.0,-0.64,,12.041465,1.5193297,0.2568253150279628,0.5359810805522237,False,0
司牡丹,花 純米,司牡丹酒造,高知県,高岡郡佐川町,中部,純米,"['山田錦', '五百万石', '北錦']",6.0,1.3,1.1,14.45,65.0,-0.47,,11.801256,2.8476133,-0.09180878029375458,-0.026225139834999942,False,0
司牡丹,日本を今一度,司牡丹酒造,高知県,高岡郡佐川町,中部,純米,"['山田錦', '五百万石', '北錦']",6.5,1.4,1.2,15.45,65.0,-0.64,,12.073897,1.4804026,0.2568253150279628,0.5359810805522237,False,0
司牡丹,ＭＯＴＯＺＡＫＥ純米,司牡丹酒造,高知県,高岡郡佐川町,中部,純米,"['山田錦', '五百万石', '北錦']",6.0,1.3,1.1,14.45,65.0,-0.47,,11.807992,2.839042,-0.09180878029375458,-0.026225139834999942,False,0
司牡丹,特撰 純米酒,司牡丹酒造,高知県,高岡郡佐川町,中部,純米,"['山田錦', '五百万石', '北錦']",6.5,1.4,1.2,15.45,65.0,-0.64,,12.0156555,1.4746441,0.2568253150279628,0.5359810805522237,False,0
司牡丹,辛口純米酒,司牡丹酒造,高知県,高岡郡佐川町,中部,純米,"['山田錦', '五百万石', '北錦']",7.0,1.6,1.2,15.45,65.0,-0.91,,12.328577,1.2347517,0.058334722041594525,0.6252019998191913,False,0
司牡丹,本醸造 土佐の超辛口,司牡丹酒造,高知県,高岡郡佐川町,中部,本醸造,"['きぬむすめ', '山田錦']",9.0,1.3,1.0,15.45,65.0,-0.75,,10.2802,4.0925984,0.5011487668687553,-0.10925998204748286,False,0
司牡丹,レトロラベル,司牡丹酒造,高知県,高岡郡佐川町,中部,本醸造,"['北錦', '五百万石', '山田錦']",5.0,1.4,1.2,15.45,65.0,-0.5,,12.040776,1.6286522,0.16742883150328577,0.5131163087215966,False,0
司牡丹,土佐の超辛口 しぼりたて,司牡丹酒造,高知県,高岡郡佐川町,中部,本醸造,"['フクヒカリ', '北錦', '五百万石']",9.0,1.5,1.3,16.45,65.0,-0.98,,9.117903,1.2737311,0.7246547217159163,1.1286736633802843,False,0
司牡丹,船中八策 しぼりたて,司牡丹酒造,高知県,高岡郡佐川町,中部,純米,"['ナツヒカリ', '山田錦']",8.0,1.6,1.3,17.45,60.0,-1.01,,8.049259,0.70087683,1.0921434854818315,1.0322884222679736,False,0
司牡丹,土佐の超辛口 零下生酒,司牡丹酒造,高知県,高岡郡佐川町,中部,本醸造,"['きぬむすめ', '山田錦']",9.0,1.6,1.3,16.45,65.0,-1.1,,9.118599,1.113183,0.6105100113019526,1.1694733277086637,False,0
司牡丹,船中八策 零下生酒,司牡丹酒造,高知県,高岡郡佐川町,中部,純米,"['フクヒカリ', '山田錦']",8.0,1.6,1.3,16.45,60.0,-1.01,,9.155879,1.0620122,0.6685712064781928,0.8397781324805238,False,0
司牡丹,大吟醸原酒 天香国色,司牡丹酒造,高知県,高岡郡佐川町,中部,大吟醸,['山田錦'],2.0,1.1,0.9,17.45,35.0,0.13,,3.8829606,4.1021686,1.8559445621878001,-2.1205277593797844,False,0
司牡丹,生酛純米 かまわぬ生酒,司牡丹酒造,高知県,高岡郡佐川町,中部,純米,['山田錦'],5.0,1.7,0.9,15.45,65.0,-0.85,,10.693785,3.722069,-0.2032283964100544,-0.328308725276824,False,0
司牡丹,純米吟醸 封印酒 生酒,司牡丹酒造,高知県,高岡郡佐川町,中部,純米吟醸,['山田錦'],5.0,1.3,1.1,16.45,55.0,-0.38,,7.17781,3.1259944,0.9310558237491214,-0.2853517694959621,False,0
司牡丹,純米吟醸 夏純吟,司牡丹酒造,高知県,高岡郡佐川町,中部,純米吟醸,"['アケボノ', '山田錦']",4.0,1.6,0.7,16.45,60.0,-0.64,,8.63524,4.1302414,0.3737343904028218,-1.148842646368266,False,0
司牡丹,船中八策 薄にごり生酒,司牡丹酒造,高知県,高岡郡佐川町,中部,純米,"['アケボノ', '山田錦']",8.0,1.4,1.2,16.45,60.0,-0.77,,9.132064,1.6083825,0.8874529284156369,0.4369041281625787,False,0
七笑,純米 ひやおろし,七笑酒造,長野県,木曽郡木曽町,中信,純米,['美山錦'],0.0,1.6,1.5,15.0,55.0,-0.27,,9.182463,-1.7930118,-0.2859155949017031,0.7667900998400287,False,0
七笑,益々繁盛,七笑酒造,長野県,木曽郡木曽町,中信,本醸造,['美山錦'],2.0,1.3,1.1,15.45,65.0,-0.1,,11.973489,2.2089095,0.09337287597741191,0.10531242507077757,False,0
七笑,大吟醸,七笑酒造,長野県,木曽郡木曽町,中信,大吟醸,['山田錦'],4.5,1.1,1.0,15.45,40.0,-0.1,,2.7128704,4.4779177,1.0495429914194427,-1.8317136962347307,False,0
七笑,純米吟醸,七笑酒造,長野県,木曽郡木曽町,中信,純米吟醸,['美山錦'],2.5,1.4,1.3,15.45,55.0,-0.27,,14.07711,8.244723,0.26316009290469033,0.16737900331629493,False,0
七笑,辛口純米酒,七笑酒造,長野県,木曽郡木曽町,中信,純米,['美山錦'],8.0,1.4,1.2,15.0,60.0,-0.77,,14.551313,4.4929986,0.2732731238603611,0.157764207970777,False,0
七笑,純米酒,七笑酒造,長野県,木曽郡木曽町,中信,純米,['美山錦'],2.5,1.4,1.5,15.45,60.0,-0.27,,10.102257,-0.52224684,0.1643166398262982,1.1243803686463891,False,0
七笑,辛口本醸造,七笑酒造,長野県,木曽郡木曽町,中信,本醸造,['美山錦'],3.0,1.4,1.2,15.45,65.0,-0.31,,12.059905,1.7474853,0.04823352013704964,0.4826299462807606,False,0
七笑,純米 しぼりたて,七笑酒造,長野県,木曽郡木曽町,中信,純米,['美山錦'],0.0,1.7,1.5,16.0,55.0,-0.38,,9.111915,-1.6806923,0.02351197368797214,1.0001000539558575,False,0
若戎,純米大吟醸 義左衛門,若戎酒造,三重県,伊賀市,伊賀,純米大吟醸,['山田錦'],0.0,1.7,0.8,16.0,35.0,-0.38,,3.573864,4.9636707,0.4282934848920236,-2.5066307317033325,False,0
若戎,大吟醸 三重山田錦,若戎酒造,三重県,伊賀市,伊賀,大吟醸,['山田錦'],2.5,1.7,0.8,16.0,40.0,-0.61,,3.642237,4.9662743,0.45962877324046053,-2.154070764644566,False,0
若戎,育もと 純米吟醸 真秀,若戎酒造,三重県,伊賀市,伊賀,純米吟醸,['五百万石'],2.4,2.2,1.6,16.0,53.0,-1.18,,9.480946,-1.2826803,-0.3477059655081364,1.4361758805848552,False,0
若戎,純米吟醸 義左衛門,若戎酒造,三重県,伊賀市,伊賀,純米吟醸,['五百万石'],2.0,1.7,1.4,15.0,60.0,-0.57,,10.326618,-0.11611968,-0.4079315436992718,0.8312534649557791,False,0
若戎,純米ＭＯＴＯＺＡＫＥ,若戎酒造,三重県,伊賀市,伊賀,純米,['五百万石'],1.5,1.9,1.3,15.0,60.0,-0.75,,14.306642,2.339153,-0.6754274912592411,0.5839565273411428,False,0
若戎,プレミアムしぼりたて 純米吟醸 義左衛門 神の穂,若戎酒造,三重県,伊賀市,伊賀,純米吟醸,['神の穂'],3.0,1.7,1.2,17.0,60.0,-0.66,,7.8519998,1.7604226,0.4799952722101575,0.5889678744287238,False,0
若戎,ＰＲＥＭＩＵＭ生 純米吟醸 義左衛門「神の穂」,若戎酒造,三重県,伊賀市,伊賀,純米吟醸,['神の穂'],2.5,1.5,0.8,16.0,60.0,-0.38,,8.751537,4.2385955,0.21728279063095432,-0.9778620372704382,False,0
若戎,プレミアム ひやおろし 純米吟醸 義左衛門 神の穂,若戎酒造,三重県,伊賀市,伊賀,純米吟醸,['神の穂'],3.5,1.6,1.0,16.0,60.0,-0.59,,8.851751,3.6811752,0.18155113368107492,-0.2792698403992684,False,0
若戎,純米酒 干支壺,若戎酒造,三重県,伊賀市,伊賀,純米,"['みえのゆめ', '五百万石']",1.3,1.8,1.4,15.0,70.0,-0.62,,11.6284275,-0.20491622,-0.7991123148101348,1.4902869304453092,False,0
若戎,大吟醸 三重山田錦 金賞受賞酒,若戎酒造,三重県,伊賀市,伊賀,大吟醸,['山田錦'],2.5,1.3,0.6,16.0,40.0,-0.15,,3.6604867,4.8529487,0.8973922171153487,-2.959818773280456,False,0
若戎,ＳＯＵＢＩ,若戎酒造,三重県,伊賀市,伊賀,純米大吟醸,['山田錦'],6.0,1.5,0.9,15.0,50.0,-0.71,,8.057535,5.472167,0.24702770712742858,-1.4246505451406815,False,0
若戎,純米吟醸 春だもん 義左衛門,若戎酒造,三重県,伊賀市,伊賀,純米吟醸,['山田錦'],2.0,1.5,0.9,15.0,50.0,-0.34,,8.039251,5.4956126,0.008637084394956349,-1.4856232700223535,False,0
若戎,祝袋 純米酒,若戎酒造,三重県,伊賀市,伊賀,純米,"['五百万石', 'みえのゆめ']",1.3,1.8,1.4,15.0,70.0,-0.62,,11.652517,-0.15357825,-0.7991123148101348,1.4902869304453092,False,0
若戎,本醸造,若戎酒造,三重県,伊賀市,伊賀,本醸造,['みえのえみ'],3.0,1.4,1.0,15.0,60.0,-0.31,,10.219481,4.8103447,-0.043530552336195426,-0.5610010494536856,False,0
若竹屋,博多練酒,若竹屋酒造場,福岡県,久留米市,筑後,清酒,['夢一献'],3.0,1.7,0.8,15.5,70.0,12.01,,10.452211,3.6455276,-0.42831164357594975,-0.35599223488175225,False,2
五橋,トラタン ひやおろし,酒井酒造,山口県,岩国市,周防,普通酒,['山田錦'],5.0,1.8,1.5,15.0,70.0,-0.96,60.0,11.366205,-0.54278445,-0.5691932898921148,1.8679613766220422,False,0
五橋,純米 ひやおろし,酒井酒造,山口県,岩国市,周防,純米,['日本晴'],2.5,1.9,1.6,15.0,60.0,-0.85,60.0,10.360682,-1.0552531,-0.5876067389046736,1.5630237355451198,False,0
五橋,ねね,酒井酒造,山口県,岩国市,周防,純米,['日本晴'],-85.0,4.5,0.7,5.0,70.0,4.77,60.0,14.583555,-1.552722,-13.325873863710012,-2.897634299513324,False,0
五橋,純米 あらばしり,酒井酒造,山口県,岩国市,周防,純米,"['日本晴', '山田錦']",2.0,1.8,1.6,17.0,60.0,-0.68,60.0,8.564484,-0.4941379,0.34388370167500815,1.8996230601814306,False,0
五橋,純米吟醸生原酒 西都の雫 しぼりたて,酒井酒造,山口県,岩国市,周防,純米吟醸,"['西都の雫', '山田錦']",2.0,1.7,1.5,17.0,55.0,-0.57,60.0,8.410933,-0.16833581,0.5662795640578471,1.2230967061841431,False,0
五橋,純米 生酒,酒井酒造,山口県,岩国市,周防,純米,"['日本晴', '山田錦']",2.0,1.6,1.4,15.0,60.0,-0.45,60.0,10.283609,-0.0088539105,-0.2937868332853084,0.7904538006273998,False,0
五橋,西都の雫,酒井酒造,山口県,岩国市,周防,大吟醸,"['山田錦', '西都の雫']",3.0,1.4,1.1,16.45,35.0,-0.31,60.0,3.2586887,4.1984296,1.1683512054063552,-1.5328465236393054,False,0
五橋,純米酒  ＭＯＴＯＺＡＫＥ,酒井酒造,山口県,岩国市,周防,純米,"['日本晴', '山田錦']",2.0,1.5,1.6,15.5,60.0,-0.34,60.0,9.911586,-0.8444034,0.05095941441144087,1.4884586325151186,False,0
五橋,木桶造り 生酛 純米酒,酒井酒造,山口県,岩国市,周防,純米,"['イセヒカリ', '山田錦']",3.5,2.4,1.9,15.0,70.0,-1.52,60.0,10.48139,-1.6535709,-1.3058272403386408,3.374993293406436,False,0
五橋,無垢之酒,酒井酒造,山口県,岩国市,周防,純米吟醸,"['日本晴', '山田錦']",1.0,1.8,1.6,17.0,55.0,-0.59,60.0,8.569962,-0.55483335,0.40194489685124835,1.569927864953291,False,0
五橋,生酛純米酒 寒おろし,酒井酒造,山口県,岩国市,周防,純米,"['イセヒカリ', '山田錦']",2.0,2.0,1.6,15.0,70.0,-0.92,60.0,11.092213,-0.9120284,-0.966867978878913,2.2251058372787336,False,0
五橋,純米吟醸生原酒おりがらみ,酒井酒造,山口県,岩国市,周防,純米吟醸,"['日本晴', '山田錦']",-25.0,3.0,1.7,16.0,55.0,0.48,60.0,13.743754,-0.7442673,-2.9314952559905403,1.79196551103671,False,0
五橋,純米酒 春ラベル,酒井酒造,山口県,岩国市,周防,純米,"['日本晴', '山田錦']",2.0,1.8,1.6,15.0,60.0,-0.68,60.0,10.334104,-1.1045421,-0.5032608563322692,1.5146024806065315,False,0
五橋,純米大吟醸５０％木箱入り,酒井酒造,山口県,岩国市,周防,純米大吟醸,['山田錦'],-0.5,2.0,0.9,15.0,50.0,-0.68,60.0,7.794865,5.3247366,-0.7110806068826567,-1.3197329014315022,False,0
五橋,純米大吟醸 木桶生酛造り,酒井酒造,山口県,岩国市,周防,純米大吟醸,['山田錦'],1.5,1.5,1.3,15.0,40.0,-0.29,60.0,1.6458824,4.9577613,0.2517867538340465,-0.8370501860032609,False,0
五橋,純米酒,酒井酒造,山口県,岩国市,周防,純米,"['山田錦', '日本晴']",3.0,1.7,1.6,15.5,60.0,-0.66,60.0,10.111655,-1.0450139,-0.11773235073336819,1.5853011423922951,False,0
五橋,特撰 本醸造,酒井酒造,山口県,岩国市,周防,本醸造,"['山田錦', '日本晴']",2.5,1.8,1.7,15.7,60.0,-0.73,60.0,10.061053,-1.2679272,-0.16755373429768036,1.9782559497291408,False,0
宗玄,純米原酒 ひやおろし,宗玄酒造,石川県,珠洲市,能登,純米,['八反錦'],3.0,1.6,1.25,17.0,55.0,-0.54,,7.1647005,2.2816513,0.7165026829287208,0.3943535339232162,False,0
宗玄,能登乃国 純米酒,宗玄酒造,石川県,珠洲市,能登,純米,['山田錦'],3.0,1.85,1.65,15.0,65.0,-0.83,,10.713904,-1.1641197,-0.6136905572702498,2.0253348458294536,False,0
宗玄,純米 石川門,宗玄酒造,石川県,珠洲市,能登,純米,['石川門'],3.0,1.7,1.2,15.0,65.0,-0.66,,12.840655,1.8696886,-0.4848081366564784,0.5183993088615463,False,0
宗玄,本醸造 にごり酒,宗玄酒造,石川県,珠洲市,能登,本醸造,"['能登ひかり', 'もち米', '五百万石']",-6.0,1.65,1.1,15.0,65.0,0.24,,13.052568,2.15999,-0.973522381488042,0.039536170052408635,False,0
宗玄,純米 生酒,宗玄酒造,石川県,珠洲市,能登,純米,['山田錦'],3.0,1.65,1.2,15.0,55.0,-0.6,,13.414747,9.06298,-0.19241807973077985,-0.1309045513180865,False,0
宗玄,純米大吟醸 玄心,宗玄酒造,石川県,珠洲市,能登,純米大吟醸,['山田錦'],3.0,1.5,1.4,16.0,50.0,-0.43,,8.666056,-2.0229597,0.5388455135341287,0.3285035792914449,False,0
宗玄,初しぼり 純米生原酒 石川門,宗玄酒造,石川県,珠洲市,能登,純米,['石川門'],4.0,1.7,1.4,18.0,65.0,-0.75,,7.9544883,0.33748618,0.8643217538185223,1.7537227107666855,False,0
宗玄,純米大吟醸 ＳＡＭＵＲＡＩ ＱＵＥＥＮ,宗玄酒造,石川県,珠洲市,能登,純米大吟醸,['山田錦'],3.0,1.3,1.1,16.0,40.0,-0.2,,2.4392197,4.341246,0.9742295394093232,-1.3458238043643151,False,0
宗玄,純米酒 Ｓａｍｕｒａｉ Ｐｒｉｎｃｅ,宗玄酒造,石川県,珠洲市,能登,純米,['山田錦'],4.0,1.6,1.5,15.5,55.0,-0.64,,9.074523,-1.7405666,0.16426116733258855,0.9240179696154255,False,0
秋鹿,純米吟醸 倉垣村 ひやおろし,秋鹿酒造,大阪府,豊能郡能勢町,北摂,純米吟醸,['山田錦'],7.5,2.25,1.4,16.0,60.0,-1.71,,8.969206,0.7726827,-0.2843680657152836,1.331999405261614,False,0
秋鹿,倉垣村,秋鹿酒造,大阪府,豊能郡能勢町,北摂,純米吟醸,['山田錦'],9.0,1.9,1.4,16.0,60.0,-1.45,,9.082068,0.73624367,0.20453490425826612,1.2120653519429134,False,0
秋鹿,摂州能勢,秋鹿酒造,大阪府,豊能郡能勢町,北摂,純米,['山田錦'],8.0,1.8,1.5,14.0,75.0,-1.24,,11.379797,-0.5151237,-0.9316314527057576,2.0356326445035684,False,0
秋鹿,しぼりたて 純米生酒,秋鹿酒造,大阪府,豊能郡能勢町,北摂,純米,['山田錦'],5.5,2.0,1.35,16.0,70.0,-1.24,,11.848986,-0.12155608,-0.35822315221056894,1.6677805721846803,False,0
秋鹿,純米吟醸生酒 山田錦,秋鹿酒造,大阪府,豊能郡能勢町,北摂,純米吟醸,['山田錦'],7.5,2.0,1.2,15.0,60.0,-1.42,,14.540763,1.4366683,-0.44139396646497964,0.39494060333084374,False,0
楯の川,清流 純米大吟醸,楯の川酒造,山形県,酒田市,庄内,純米大吟醸,['出羽燦々'],-2.0,1.4,1.0,14.0,50.0,0.15,,8.180873,5.5849133,-0.5297734080367077,-1.4586312733586684,False,0
長良川,純米酒,小町酒造,岐阜県,各務原市,岐阜・西濃,純米,['ひだほまれ'],5.0,1.7,1.6,14.45,65.0,-0.85,,10.776248,-1.0191619,-0.5609467831803112,1.7281037145640306,False,0
長良川,超辛口＋２０,小町酒造,岐阜県,各務原市,岐阜・西濃,本醸造,['ひだほまれ'],20.0,1.6,1.5,18.45,65.0,-2.1,,7.9506016,0.24275191,2.132044179604495,2.364718252030533,False,0
萬歳楽,ひやおろし 特別純米,小堀酒造店,石川県,白山市,加賀,特別純米,['五百万石'],5.5,1.5,0.9,16.0,60.0,-0.66,,8.787198,3.954408,0.40548345657079166,-0.6108578179479979,False,0
萬歳楽,ひやおろし 純米大吟醸,小堀酒造店,石川県,白山市,加賀,純米大吟醸,['山田錦'],3.0,1.5,1.4,16.0,50.0,-0.43,,8.731515,-1.9697865,0.5388455135341287,0.3285035792914449,False,0
萬歳楽,純米大吟醸 白山,小堀酒造店,石川県,白山市,加賀,純米大吟醸,['山田錦'],3.0,1.5,1.0,15.0,50.0,-0.43,,7.953726,5.531189,0.07764243896855753,-1.1491054131407494,False,0
萬歳楽,白山 大吟醸古酒,小堀酒造店,石川県,白山市,加賀,大吟醸,['山田錦'],3.0,1.3,1.0,17.0,40.0,-0.2,,3.8577833,4.379025,1.3883941195224787,-1.4745881902380522,False,0
萬歳楽,特別純米 白山,小堀酒造店,石川県,白山市,加賀,特別純米,['山田錦'],5.0,1.3,1.1,16.0,60.0,-0.38,,9.4265995,3.6267488,0.622789447338126,-0.05752938589259257,False,0
萬歳楽,吟醸 菊のしずく,小堀酒造店,石川県,白山市,加賀,吟醸,['山田錦'],7.0,1.3,0.9,16.0,55.0,-0.57,,8.327444,4.2581086,0.8408282117827544,-0.984044388781851,False,0
萬歳楽,純米 石川門,小堀酒造店,石川県,白山市,加賀,純米,['石川門'],6.0,1.9,1.8,16.0,70.0,-1.17,,10.609746,-1.490166,-0.17194496894787217,3.0803385389418483,False,0
萬歳楽,純米 初しぼり 石川門,小堀酒造店,石川県,白山市,加賀,純米,['石川門'],8.0,1.8,1.0,16.0,70.0,-1.24,,10.676829,3.3395944,-0.013866538291537576,0.49982783176481455,False,0
萬歳楽,純米吟醸 生酒,小堀酒造店,石川県,白山市,加賀,純米吟醸,['山田錦'],5.0,1.6,0.8,16.0,60.0,-0.73,,8.73008,4.0791564,0.2521322194247858,-0.8989544198910139,False,0
萬歳楽,純金箔入 純米 金花,小堀酒造店,石川県,白山市,加賀,純米,['石川門'],4.0,1.3,1.0,13.0,70.0,-0.29,,12.177575,3.0763996,-0.9522504459651078,-0.34267408412110256,False,0
萬歳楽,吟醸 金花の舞 純金箔入,小堀酒造店,石川県,白山市,加賀,吟醸,['山田錦'],7.0,1.3,0.9,15.0,55.0,-0.57,,8.829812,5.32622,0.41725593277911555,-1.1765546785693004,False,0
萬歳楽,特別純米 「だるま」ラベル,小堀酒造店,石川県,白山市,加賀,特別純米,['五百万石'],7.0,1.4,0.9,15.0,55.0,-0.68,,8.706821,5.363959,0.3031112223651521,-1.1357550142409212,False,0
萬歳楽,山廃純米 剱,小堀酒造店,石川県,白山市,加賀,純米,['五百万石'],7.0,2.0,1.9,16.0,68.0,-1.38,,10.483356,-1.6545291,-0.1700207844444914,3.3318752545487427,False,0
萬歳楽,甚 純米,小堀酒造店,石川県,白山市,加賀,純米,['北陸12号'],4.0,1.8,1.6,16.0,68.0,-0.87,,11.118273,-0.9448924,-0.14874742733736773,2.240722355247172,False,0
萬歳楽,特別純米 寒おろし,小堀酒造店,石川県,白山市,加賀,特別純米,['山田錦'],2.0,1.6,1.2,16.0,60.0,-0.45,,9.301549,1.8505183,0.11097004793736405,0.340414739092477,False,0
萬歳楽,純米吟醸 彩光,小堀酒造店,石川県,白山市,加賀,純米吟醸,['五百万石'],6.0,1.5,1.0,16.0,60.0,-0.71,,9.087459,3.8726673,0.4446899833028338,-0.28196155167660264,False,0
萬歳楽,純米吟醸 春ラベル,小堀酒造店,石川県,白山市,加賀,純米吟醸,['五百万石'],4.0,1.8,1.1,15.0,55.0,-0.87,,11.243192,5.4409156,-0.3134451885590904,-0.37573654926628536,False,0
萬代,超辛口 純米酒 博多の森,小林酒造本店,福岡県,糟屋郡宇美町,福岡地域,純米,['山田錦'],9.0,1.4,1.3,15.0,60.0,-0.87,,14.501093,4.0752316,0.34227847843396236,0.4942820648523815,False,0
萬代,純米吟醸,小林酒造本店,福岡県,糟屋郡宇美町,福岡地域,純米吟醸,['夢一献'],1.0,1.3,1.3,15.0,58.0,-0.01,,13.495626,4.5148745,0.026705483726724585,0.20575614515756946,False,0
澤乃井,純米 ひやおろし,小澤酒造,東京都,青梅市,多摩,純米,['アケボノ'],1.0,1.8,1.2,15.45,65.0,-0.59,,13.058818,1.4804788,-0.5275406328850409,0.6153422411534418,False,0
澤乃井,純米大吟醸 芳醸参拾伍,小澤酒造,東京都,青梅市,多摩,純米大吟醸,['山田錦'],0.0,1.5,1.0,15.5,35.0,-0.15,,3.1156037,5.109104,0.46361216399909766,-2.041935853931444,False,0
澤乃井,大吟醸 凰,小澤酒造,東京都,青梅市,多摩,大吟醸,['山田錦'],3.0,1.4,1.0,16.45,35.0,-0.31,,3.528216,4.380447,1.1589435065158722,-1.8541211993004918,False,0
澤乃井,大吟醸,小澤酒造,東京都,青梅市,多摩,大吟醸,['山田錦'],4.0,1.4,1.0,15.5,50.0,-0.4,,7.723692,5.375469,0.46317094456745866,-1.078406751354986,False,0
澤乃井,蒼天,小澤酒造,東京都,青梅市,多摩,純米吟醸,['五百万石'],1.0,1.7,1.1,15.5,55.0,-0.47,,13.004842,9.087608,-0.16630730569266156,-0.36601061236219395,False,0
澤乃井,純米 本地酒,小澤酒造,東京都,青梅市,多摩,純米,['アケボノ'],1.0,1.8,1.1,15.5,65.0,-0.59,,13.063683,1.489056,-0.5157697178253419,0.30369307998162853,False,0
澤乃井,純米 大辛口,小澤酒造,東京都,青梅市,多摩,純米,['アケボノ'],10.0,1.8,1.1,15.5,65.0,-1.42,,12.474727,1.0946463,0.020609183322720673,0.4408817109653908,False,0
澤乃井,純米銀印,小澤酒造,東京都,青梅市,多摩,純米,['アケボノ'],1.0,1.7,1.1,14.5,65.0,-0.47,,12.33598,2.7924907,-0.8251972864150168,0.07038312586579973,False,0
澤乃井,さわ音,小澤酒造,東京都,青梅市,多摩,純米,['アケボノ'],1.0,1.6,1.1,13.45,65.0,-0.36,,12.588423,3.2178066,-1.1558034689548744,-0.17255234273940165,False,0
澤乃井,純米吟醸 蒼天生酒,小澤酒造,東京都,青梅市,多摩,純米吟醸,['五百万石'],1.0,1.6,1.0,14.45,55.0,-0.36,,8.2858,5.535915,-0.5063211871230021,-0.930220756628582,False,0
澤乃井,純米生原酒 しぼりたて,小澤酒造,東京都,青梅市,多摩,純米,['ふさおとめ'],1.0,1.9,1.2,17.45,65.0,-0.71,,8.05978,1.721884,0.20545921470827297,1.0411624850567203,False,0
澤乃井,東京蔵人,小澤酒造,東京都,青梅市,多摩,純米吟醸,['五百万石'],1.0,1.9,1.1,15.5,55.0,-0.71,,12.851629,9.001122,-0.3945967265205887,-0.28441128370543545,False,0
澤乃井,夏ノ純米酒,小澤酒造,東京都,青梅市,多摩,純米,['アケボノ'],-4.0,1.5,1.1,13.45,65.0,0.22,,12.58994,3.1965268,-1.339647036956501,-0.28956791316987107,False,0
澤乃井,特別純米,小澤酒造,東京都,青梅市,多摩,特別純米,['五百万石'],1.0,1.7,1.1,15.5,60.0,-0.47,,11.532519,5.146927,-0.2839661565520199,-0.051558598354472324,False,0
澤乃井,本醸造 花見新酒 生貯蔵酒,小澤酒造,東京都,青梅市,多摩,本醸造,['ふさおとめ'],3.0,1.7,1.2,15.45,65.0,-0.66,,12.959264,1.3716214,-0.2942006111048412,0.6050289392658985,False,0
澤乃井,純米生酒,小澤酒造,東京都,青梅市,多摩,純米,['アケボノ'],1.0,1.7,1.1,14.5,65.0,-0.47,,12.341784,2.7977834,-0.8251972864150168,0.07038312586579973,False,0
桃の滴,桃の滴,松本酒造,京都府,京都市伏見区,伏見,特別純米,['山田錦'],5.0,1.6,1.1,15.45,60.0,-0.73,,11.867249,5.166973,0.04739056264423359,-0.0410110522905521,False,0
Ｓｅｎｓａｔｉｏｎ ３ Ｂｌａｃｋ,笑四季 特別純米 黒ラベル 生酒,笑四季酒造,滋賀県,甲賀市,湖南,特別純米,['日本晴'],2.5,1.7,1.0,16.0,50.0,-0.61,,7.0525026,4.6622343,0.24312646930271006,-0.8826173853067504,False,0
Ｓｅｎｓａｔｉｏｎ ３ Ｂｌａｃｋ,笑四季 特別純米 白ラベル 生酒,笑四季酒造,滋賀県,甲賀市,湖南,特別純米,['日本晴'],2.0,1.55,1.0,16.0,50.0,-0.39,,6.9882855,4.5586042,0.3845447070820963,-0.9514384724095283,False,0
御慶事,純米吟醸 ひやおろし,青木酒造,茨城県,古河市,県西,純米吟醸,['ひたち錦'],-2.0,1.5,1.0,16.0,50.0,0.04,,6.997222,4.5963073,0.20322643955660594,-1.03281102945539,False,0
御慶事,純米吟醸 夏の生酒,青木酒造,茨城県,古河市,県西,純米吟醸,['ひたち錦'],0.0,1.5,0.9,16.0,55.0,-0.15,,7.7427936,4.4853663,0.19535520117300062,-1.0091473286680184,False,0
御慶事,純米吟醸生酒 しぼりたて,青木酒造,茨城県,古河市,県西,純米吟醸,['ひたち錦'],-3.0,1.5,0.5,16.0,55.0,0.13,,8.650425,4.3623796,-0.021068561438286063,-2.3399755749740176,False,0
多満自慢,純米吟醸 夏の生酒,石川酒造,東京都,福生市,多摩,純米吟醸,['山田錦'],-12.0,4.9,1.5,14.45,50.0,-2.97,,13.965846,-0.77227014,-4.883168809352561,1.5099281746407105,False,0
多満自慢,純米吟醸原酒 夏吟醸,石川酒造,東京都,福生市,多摩,純米吟醸,['五百万石'],3.0,1.9,0.9,16.45,60.0,-0.89,,8.221454,3.4470422,-0.009481998741220635,-0.3991374832811735,False,0
多満自慢,純米吟醸原酒 ひやおろし,石川酒造,東京都,福生市,多摩,純米吟醸,['五百万石'],3.0,1.9,0.9,16.45,60.0,-0.89,,8.236286,3.4301698,-0.009481998741220635,-0.3991374832811735,False,0
千代の亀,ひやおろし 純米吟醸,千代の亀酒造,愛媛県,喜多郡内子町,南予,純米吟醸,['松山三井'],2.0,1.4,1.2,16.0,58.0,-0.22,,9.623491,2.194545,0.3863230091090348,0.13303460483262974,False,0
千代の亀,純米 しぼりたて,千代の亀酒造,愛媛県,喜多郡内子町,南予,純米,['コシヒカリ'],2.0,1.6,1.3,16.0,68.0,-0.45,,11.402634,0.6239604,-0.06787641454712613,1.1648126371660183,False,0
千代の亀,夏生 純吟,千代の亀酒造,愛媛県,喜多郡内子町,南予,純米吟醸,['松山三井'],-4.0,1.5,1.1,15.0,58.0,0.22,,12.831189,3.8086774,-0.5183876132977591,-0.43140978361013443,False,0
千代の亀,純米大吟醸 蒼流,千代の亀酒造,愛媛県,喜多郡内子町,南予,純米大吟醸,['松山三井'],-5.0,1.5,1.1,15.0,40.0,0.32,,2.5729992,5.144044,-0.1544134058871872,-1.5786802152583503,False,0
千代寿,大辛口 ひやおろし 大虎,千代寿虎屋,山形県,寒河江市,村山,純米,['はえぬき'],10.0,1.5,1.4,15.0,70.0,-1.07,,11.38242,-0.057324372,0.06182142087488316,1.500503614077808,False,0
千代寿,虎睡,千代寿虎屋,山形県,寒河江市,村山,純米大吟醸,['美山錦'],2.0,1.2,1.0,16.0,60.0,0.01,,9.42529,3.9525473,0.5487334918122524,-0.4653332695434126,False,0
千代寿,杜氏の蔵隠し,千代寿虎屋,山形県,寒河江市,村山,純米吟醸,['美山錦'],3.0,1.3,1.1,15.45,60.0,-0.2,,11.951737,4.7030053,0.2706293825198883,-0.19389640771652603,False,0
千代寿,虎屋,千代寿虎屋,山形県,寒河江市,村山,純米吟醸,['出羽燦々'],3.0,1.6,1.2,17.45,60.0,-0.54,,7.695523,1.4138844,0.7847475081757579,0.6347978405046967,False,0
千代寿,出羽の里,千代寿虎屋,山形県,寒河江市,村山,特別純米,['出羽の里'],3.0,1.3,1.0,15.0,60.0,-0.2,,10.25045,4.765589,0.07061415807776798,-0.6018007137820649,False,0
千代寿,大虎,千代寿虎屋,山形県,寒河江市,村山,純米,['はえぬき'],10.0,1.5,1.4,15.45,60.0,-1.07,,10.051419,-0.058211222,0.48774664814523694,0.9582292164667169,False,0
千代寿,特別純米生原酒 しぼりたて虎ラベル,千代寿虎屋,山形県,寒河江市,村山,特別純米,"['はえぬき', '美山錦']",0.0,1.2,1.0,17.0,60.0,0.2,,7.904098,3.113218,0.8531104594496549,-0.30330934219679917,False,0
千代寿,豊国 純米生原酒,千代寿虎屋,山形県,寒河江市,村山,特別純米,['豊国'],2.0,1.3,1.0,17.0,60.0,-0.1,,7.8467984,3.109711,0.8581610604019274,-0.23202331542758378,False,0
千代寿,純米吟醸 月夜の眠り 黒猫ボトル,千代寿虎屋,山形県,寒河江市,村山,純米吟醸,['美山錦'],2.0,1.3,1.0,15.0,50.0,-0.1,,7.886955,5.5927157,0.24633420411336657,-1.245947923017926,False,0
千代寿,純米 月夜の眠り 白猫ボトル,千代寿虎屋,山形県,寒河江市,村山,純米,['はえぬき'],5.0,1.4,1.1,15.0,70.0,-0.5,,11.488608,2.3727958,-0.1502452437981928,0.4196640166637803,False,0
千代寿,生酛純米酒,千代寿虎屋,山形県,寒河江市,村山,純米,['はえぬき'],1.0,1.7,1.2,16.0,60.0,-0.47,,9.151168,2.1514127,-0.06277231815971744,0.36597122220043826,False,0
千代寿,無垢之酒,千代寿虎屋,山形県,寒河江市,村山,純米吟醸,['出羽燦々'],2.0,1.3,1.0,17.0,55.0,-0.1,,7.436416,3.179868,0.9758199112612858,-0.5464753294353054,False,0
千代寿,特別純米酒 寒おろし,千代寿虎屋,山形県,寒河江市,村山,特別純米,['出羽の里'],-1.0,1.3,1.2,16.0,60.0,0.18,,9.694439,2.278013,0.27461121212990075,0.17228620244608508,False,0
千代寿,純米吟醸 春しぼり,千代寿虎屋,山形県,寒河江市,村山,純米吟醸,['出羽燦々'],2.0,1.3,0.9,15.0,55.0,-0.1,,8.626254,5.325612,0.11926765436352517,-1.2527705846713906,False,0
南部関,純米吟醸 ひやおろし,川村酒造店,岩手県,花巻市,県南,純米吟醸,['吟ぎんが'],5.0,1.8,1.0,15.45,50.0,-0.96,,7.3771667,5.0664153,0.04501114464453995,-0.9095904273104234,False,0
南部関,純米酒,川村酒造店,岩手県,花巻市,県南,純米,['ひとめぼれ'],5.0,2.0,1.2,15.45,60.0,-1.19,,14.3493595,1.3171192,-0.3997805801211376,0.4434622806841509,False,0
窓乃梅,香梅,窓乃梅酒造,佐賀県,佐賀市,東部（佐賀平野）,大吟醸,['山田錦'],2.0,1.2,0.5,16.45,60.0,0.01,,8.696734,4.3043804,0.6923025229114739,-1.9850770174449919,False,0
大七,純米生酛 ひやおろし,大七酒造,福島県,二本松市,中通り,純米,"['チヨニシキ', '五百万石']",1.5,1.3,1.0,15.0,69.0,-0.06,,11.223525,2.9398417,-0.2305682569937541,-0.058651860398792936,False,0
大七,純米大吟醸 頌歌,大七酒造,福島県,二本松市,中通り,純米大吟醸,['山田錦'],3.0,1.3,1.1,15.0,60.0,-0.2,,11.94936,4.692316,0.08002185696825113,-0.2805260381208783,False,0
大七,純米大吟醸 箕輪門,大七酒造,福島県,二本松市,中通り,純米大吟醸,['山田錦'],2.0,1.3,0.8,15.0,60.0,-0.1,,9.359923,4.9965663,-0.007798895386316247,-1.2595932463248551,False,0
大七,純米吟醸 皆伝,大七酒造,福島県,二本松市,中通り,純米吟醸,['五百万石'],2.0,1.3,1.2,15.0,60.0,-0.1,,13.431571,4.493726,0.029831900175616193,0.025505456319889628,False,0
大七,純米生酛 山田錦,大七酒造,福島県,二本松市,中通り,特別純米,['山田錦'],3.0,1.5,1.1,15.0,60.0,-0.43,,11.791008,4.937694,-0.148267563859676,-0.19892670946411964,False,0
大七,純米生酛,大七酒造,福島県,二本松市,中通り,純米,"['チヨニシキ', '五百万石']",3.0,1.8,1.0,15.0,60.0,-0.78,,11.203211,4.9815617,-0.5001093939920499,-0.39780239214016844,False,0
大七,極上生酛限定醸造,大七酒造,福島県,二本松市,中通り,吟醸,['五百万石'],5.5,1.4,0.9,15.0,60.0,-0.54,,9.617678,5.171936,0.09605588798111662,-0.8441677720638266,False,0
大七,純米生酛 ＣＬＡＳＳＩＣ,大七酒造,福島県,二本松市,中通り,純米,['五百万石'],2.0,1.6,1.2,15.0,60.0,-0.45,,14.250985,3.0731497,-0.31260223106627466,0.14790444930502752,False,0
大七,からくち生もと,大七酒造,福島県,二本松市,中通り,本醸造,['五百万石'],8.0,1.5,0.8,15.0,60.0,-0.89,,9.534847,5.2146454,0.12149761788446499,-1.0865348303455884,False,0
大七,爽快冷酒,大七酒造,福島県,二本松市,中通り,純米,['五百万石'],3.0,1.5,1.1,14.0,60.0,-0.43,,12.988546,3.5411415,-0.5718398428633147,-0.39143699925156916,False,0
大七,雪しぼり 生原酒,大七酒造,福島県,二本松市,中通り,本醸造,"['チヨニシキ', '五百万石']",2.5,1.6,0.9,18.0,69.0,-0.5,,8.362829,3.1280575,0.7479044055679063,0.33524650750792545,False,0
大七,完熟生酛 生原酒,大七酒造,福島県,二本松市,中通り,本醸造,['五百万石'],2.5,1.6,0.9,18.0,69.0,-0.5,,8.36935,3.0623074,0.7479044055679063,0.33524650750792545,False,0
大七,純米生酛 生原酒,大七酒造,福島県,二本松市,中通り,純米,['五百万石'],1.0,2.3,0.9,17.0,69.0,-1.17,,8.256065,2.8389173,-0.5640773298581544,0.40546909618850374,False,0
大七,純米生酛 寒おろし,大七酒造,福島県,二本松市,中通り,純米,"['チヨニシキ', '五百万石']",1.5,1.3,1.0,15.0,69.0,-0.06,,11.224816,2.861212,-0.2305682569937541,-0.058651860398792936,False,0
大七,不倒翁,大七酒造,福島県,二本松市,中通り,純米,['五百万石'],5.0,2.2,1.2,15.0,40.0,-1.43,,1.4867494,5.9625406,-0.34804212306326887,-0.8193760770943291,False,0
大雪渓,特別純米 ひやおろし,大雪渓酒造,長野県,北安曇郡池田町,中信,特別純米,['ひとごこち'],3.0,1.8,1.1,15.0,59.0,-0.78,,11.345372,5.1787004,-0.46716992492969517,-0.13941811928052605,False,0
大雪渓,純米酒,大雪渓酒造,長野県,北安曇郡池田町,中信,純米,['ひとごこち'],5.0,1.9,1.3,15.0,60.0,-1.08,,14.445833,2.103922,-0.46683569636832783,0.6373076616126059,False,0
大雪渓,槽場詰め 特別純米 無濾過生原酒,大雪渓酒造,長野県,北安曇郡池田町,中信,特別純米,['ひとごこち'],4.0,1.8,1.1,17.0,59.0,-0.87,,7.9411035,2.1618195,0.43957228876070037,0.260845641514791,False,0
大雪渓,特別純米 生酒,大雪渓酒造,長野県,北安曇郡池田町,中信,特別純米,['ひとごこち'],3.5,1.8,1.05,15.0,59.0,-0.82,,11.278614,5.1232085,-0.44207494653337764,-0.29243386650091036,False,0
大雪渓,吟燗,大雪渓酒造,長野県,北安曇郡池田町,中信,純米吟醸,['ひとごごち'],3.0,1.6,0.9,16.0,59.0,-0.54,,8.727647,3.9037051,0.16587637712090442,-0.671056509472208,False,0
大雪渓,無垢之酒,大雪渓酒造,長野県,北安曇郡池田町,中信,純米吟醸,['美山錦'],3.0,1.6,1.0,17.0,55.0,-0.54,,7.504552,3.2454097,0.692983435702513,-0.4088331552297495,False,0
大雪渓,限定純吟 春の純米吟醸,大雪渓酒造,長野県,北安曇郡池田町,中信,純米吟醸,['ひとごこち'],4.0,1.8,1.0,15.0,59.0,-0.87,,11.1458,5.0303073,-0.4169799681370602,-0.44544961372129466,False,0
大雪渓,大吟醸 桐箱入り,大雪渓酒造,長野県,北安曇郡池田町,中信,大吟醸,['美山錦'],3.0,1.4,0.9,15.0,49.0,-0.31,,7.957282,5.4743543,0.2059112206639098,-1.574070155931859,False,0
大雪渓,季節限定 夏の純米吟醸,大雪渓酒造,長野県,北安曇郡池田町,中信,純米吟醸,['美山錦'],3.0,1.7,1.1,15.0,59.0,-0.66,,11.442372,5.158528,-0.3530252145157315,-0.1802177836089054,False,0
大雪渓,大吟醸 山田錦 原酒 金賞受賞酒,大雪渓酒造,長野県,北安曇郡池田町,中信,大吟醸,['山田錦'],3.0,1.2,1.0,17.0,35.0,-0.08,,3.7256782,4.1873703,1.6201976807958007,-1.829839868574153,False,0
若竹,特別純米 鬼乙女 幸,大村屋酒造場,静岡県,島田市,中部,特別純米,['誉富士'],4.0,1.5,1.3,16.0,60.0,-0.52,,9.63419,1.302311,0.35371776860804705,0.6513761128661203,False,0
若竹,おんな泣かせ,大村屋酒造場,静岡県,島田市,中部,純米大吟醸,['山田錦'],3.0,1.3,1.2,16.0,60.0,-0.2,,9.671027,2.1901748,0.5130018348623729,0.23325892732775716,False,0
若竹,鬼ころし 純米吟醸,大村屋酒造場,静岡県,島田市,中部,純米吟醸,"['吟ぎんが', 'ひとめぼれ']",3.0,1.3,1.2,16.0,60.0,-0.2,,9.679369,2.1868954,0.5130018348623729,0.23325892732775716,False,0
若竹,鬼ころし 特別純米原酒,大村屋酒造場,静岡県,島田市,中部,特別純米,"['誉富士', 'あいちのかおり']",8.0,1.5,1.4,17.5,60.0,-0.89,,8.160409,0.40992504,1.2368745087364603,1.3223889480901525,False,0
若竹,特別純米 鬼乙女 涙,大村屋酒造場,静岡県,島田市,中部,特別純米,['誉富士'],1.0,1.3,1.2,16.0,60.0,-0.01,,9.653246,2.2351682,0.3938065234961368,0.20277256488692114,False,0
若竹,特別純米 鬼乙女 恋,大村屋酒造場,静岡県,島田市,中部,特別純米,['誉富士'],2.0,1.4,1.3,16.0,60.0,-0.22,,9.8369665,1.5111461,0.3486671676557746,0.5800900860969049,False,0
若竹,特別純米原酒 寒おろし,大村屋酒造場,静岡県,島田市,中部,特別純米,['誉富士'],4.0,1.6,1.4,17.0,60.0,-0.64,,8.288414,0.28665045,0.6725530360882052,1.2059607426431351,False,0
若竹,特別純米酒 鬼乙女 夢,大村屋酒造場,静岡県,島田市,中部,特別純米,['誉富士'],5.0,1.6,1.2,16.0,60.0,-0.73,,9.302036,1.6672522,0.2897630149867183,0.3861442827537311,False,0
若竹,鬼ころし 特別純米 なまざけ,大村屋酒造場,静岡県,島田市,中部,特別純米,['誉富士'],8.0,1.5,1.2,16.0,60.0,-0.89,,9.248398,1.6165556,0.5827006924500362,0.39107416208660584,False,0
若竹,特別純米 辛口ひやおろし,大村屋酒造場,静岡県,島田市,中部,特別純米,"['五百万石', '誉富士']",7.0,1.3,1.3,15.0,60.0,-0.57,,14.435169,4.1310625,0.33722787748168975,0.42299603808316627,False,0
若竹,鬼ころし 特別純米 しぼりたて,大村屋酒造場,静岡県,島田市,中部,特別純米,['誉富士'],8.0,1.5,1.2,16.0,60.0,-0.89,,9.227888,1.5628039,0.5827006924500362,0.39107416208660584,False,0
若竹,純米酒,大村屋酒造場,静岡県,島田市,中部,純米,['あいちのかおり'],0.0,1.4,1.3,15.0,40.0,-0.03,,1.7958547,4.7717724,0.27653498072333305,-0.9007146221622673,False,0
開華,純米 ひやおろし,第一酒造,栃木県,佐野市,県南,純米,"['あさひの夢', '五百万石']",0.0,1.6,1.0,16.0,65.0,-0.27,,8.795158,3.3389454,-0.14469951206919662,-0.018168960663009857,False,0
開華,純米吟醸 遠心分離 ひやおろし,第一酒造,栃木県,佐野市,県南,純米吟醸,"['美山錦', '五百万石']",-2.0,1.3,1.1,15.0,53.0,0.27,,8.177115,5.759936,-0.053244030244237496,-0.7969747638337786,False,0
開華,斗瓶取り雫酒 青瓶,第一酒造,栃木県,佐野市,県南,大吟醸,['山田錦'],2.5,1.1,0.9,17.5,70.0,0.08,,8.347235,3.0787637,1.0833100479640332,0.09788344377384844,False,0
開華,斗瓶取り雫酒 黒瓶,第一酒造,栃木県,佐野市,県南,大吟醸,['山田錦'],2.5,1.1,0.9,17.5,70.0,0.08,,8.356425,3.0462213,1.0833100479640332,0.09788344377384844,False,0
開華,風の一輪,第一酒造,栃木県,佐野市,県南,純米吟醸,"['五百万石', '美山錦']",2.0,1.4,1.2,14.5,70.0,-0.22,,11.712689,1.950363,-0.5314166514588832,0.5989540037699873,False,0
開華,さのまるカップ,第一酒造,栃木県,佐野市,県南,特別純米,"['五百万石', 'あさひの夢']",0.0,1.4,1.0,14.0,70.0,-0.03,,11.829592,3.0367916,-0.8812135001079049,-0.170336854886946,False,0
開華,純米酒,第一酒造,栃木県,佐野市,県南,純米,"['五百万石', 'あさひの夢']",2.0,1.4,1.1,14.5,70.0,-0.22,,11.656611,2.6196182,-0.5408243503493663,0.27767932810880136,False,0
開華,辛口旨酒,第一酒造,栃木県,佐野市,県南,本醸造,"['五百万石', 'あさひの夢']",7.0,1.4,0.9,15.5,70.0,-0.68,,10.497307,3.6957908,0.1619208092888965,-0.09614382732403165,False,0
開華,純米 あらばしり,第一酒造,栃木県,佐野市,県南,純米,"['あさひの夢', '五百万石']",0.0,1.6,1.3,17.0,65.0,-0.27,,8.326276,1.5522717,0.3070958636058915,1.1381653561079987,False,0
開華,純米吟醸 遠心分離 無濾過生原酒,第一酒造,栃木県,佐野市,県南,純米吟醸,"['美山錦', '五百万石']",-2.0,1.4,1.2,17.0,55.0,0.15,,7.18979,2.6221395,0.6420999758958164,0.0759009613337742,False,0
開華,純米 生酒,第一酒造,栃木県,佐野市,県南,純米,"['あさひの夢', '五百万石']",0.0,1.4,1.0,16.5,65.0,-0.03,,8.534518,3.1899343,0.2953760482605501,-0.003513144426043755,False,0
開華,遠心分離 純米吟醸生酒,第一酒造,栃木県,佐野市,県南,純米吟醸,"['美山錦', '五百万石']",-2.0,1.5,1.0,15.5,53.0,0.04,,7.836549,4.8394923,-0.0791550104608284,-0.9403949659444819,False,0
開華,特別純米原酒 「招き猫」ラベル,第一酒造,栃木県,佐野市,県南,特別純米,"['あさひの夢', '五百万石']",2.0,1.6,1.3,17.0,59.0,-0.45,,7.742771,1.5521389,0.5674817960033576,0.7913093017395687,False,0
開華,生酛特別純米酒,第一酒造,栃木県,佐野市,県南,特別純米,['五百万石'],3.0,1.7,1.2,15.5,59.0,-0.66,,15.507338,1.7051924,-0.13183137612342902,0.2373120369460052,False,0
開華,無垢之酒,第一酒造,栃木県,佐野市,県南,純米吟醸,"['美山錦', '五百万石']",0.0,1.4,1.2,17.0,55.0,-0.03,,7.1560564,2.574696,0.7612952872620524,0.10638732377461026,False,0
開華,開夏の純米吟醸,第一酒造,栃木県,佐野市,県南,純米吟醸,"['美山錦', '五百万石']",0.0,1.4,1.1,15.0,53.0,-0.03,,8.096648,5.8172407,-0.04819342929196483,-0.7256887370645634,False,0
開華,純米吟醸 遠心分離 シルキーホワイト,第一酒造,栃木県,佐野市,県南,純米吟醸,"['美山錦', '五百万石']",-2.0,1.4,1.2,17.0,55.0,0.15,,7.1805325,2.6220415,0.6420999758958164,0.0759009613337742,False,0
開華,純米酒  開花宣言,第一酒造,栃木県,佐野市,県南,純米,"['あさひの夢', '五百万石']",1.0,1.8,1.0,15.0,65.0,-0.59,,11.178208,3.709764,-0.7369635562176443,-0.11383674057328283,False,0
開華,純米大吟醸 山田錦 桐箱入り,第一酒造,栃木県,佐野市,県南,純米大吟醸,['山田錦'],0.0,1.5,1.0,15.0,50.0,-0.15,,8.052886,5.5636263,-0.10115052808079668,-1.1948349568020036,False,0
開華,純米大吟醸 山田錦,第一酒造,栃木県,佐野市,県南,純米大吟醸,['山田錦'],0.0,1.5,1.0,15.0,40.0,-0.15,,2.9735982,5.2409477,0.13416717363792,-1.8237389848174468,False,0
開華,みがき,第一酒造,栃木県,佐野市,県南,特別純米,"['五百万石', 'あさひの夢']",2.0,1.6,1.3,17.45,40.0,-0.45,,3.2201385,3.7423356,1.2051929548205562,-0.31697872108542136,False,0
男山,特別純米 ひやおろし,男山,北海道,旭川市,道北,特別純米,"['出羽燦々', '美山錦', '五百万石']",0.0,1.8,1.1,15.0,60.0,-0.5,,11.4669695,5.109174,-0.669494662150921,-0.12225726014023582,False,0
男山,誕生祝,男山,北海道,旭川市,道北,純米大吟醸,['山田錦'],1.0,1.3,0.8,16.0,70.0,-0.01,,10.326064,3.7027552,0.12085802621548772,-0.4534221097423806,False,0
男山,純米大吟醸,男山,北海道,旭川市,道北,純米大吟醸,['山田錦'],1.0,1.3,0.8,16.0,70.0,-0.01,,10.371881,3.7071621,0.12085802621548772,-0.4534221097423806,False,0
男山,国芳乃名取酒,男山,北海道,旭川市,道北,特別純米,['美山錦'],9.0,1.5,1.3,15.0,70.0,-0.98,,11.792552,0.97154367,-0.00718393369871797,1.1639857571962042,False,0
男山,木綿屋,男山,北海道,旭川市,道北,特別純米,['美山錦'],1.0,1.5,1.3,15.0,70.0,-0.24,,11.636915,0.9460483,-0.4839651791636625,1.04204030743286,False,0
男山,御免酒,男山,北海道,旭川市,道北,特別純米,['美山錦'],4.0,1.8,1.2,13.0,70.0,-0.87,,12.467991,2.990778,-1.5041586002539598,0.5038735888431662,False,0
男山,生酛純米,男山,北海道,旭川市,道北,特別純米,"['出羽燦々', '美山錦', '五百万石']",1.0,1.6,1.4,15.0,70.0,-0.36,,11.5376625,-0.13595049,-0.588702190687143,1.404114647422425,False,0
男山,復古酒,男山,北海道,旭川市,道北,純米,['一般米'],-58.0,3.4,3.2,16.0,70.0,3.26,,10.433648,-1.8234069,-5.566657804410118,7.2146153650173925,False,0
男山,生酛 本醸造,男山,北海道,旭川市,道北,特別本醸造,['美山錦'],-1.0,1.5,1.3,15.0,70.0,-0.06,,11.657122,0.9380288,-0.6031604905298986,1.011553944992024,False,0
男山,純米 しぼりたて,男山,北海道,旭川市,道北,特別純米,['吟風'],2.0,1.7,1.2,17.0,55.0,-0.57,,7.1045785,2.4180906,0.5380564673863977,0.25927267920058417,False,0
男山,雪しばれ,男山,北海道,旭川市,道北,特別純米,['美山錦'],4.0,1.4,1.2,15.0,55.0,-0.4,,13.971532,8.291704,0.15254135198724725,-0.21766053091861673,False,0
男山,純米 生酒,男山,北海道,旭川市,道北,特別純米,['美山錦'],2.0,1.4,1.0,15.0,55.0,-0.22,,8.400813,5.463275,0.014530642840044843,-0.8906962446818253,False,0
男山,生酛純米 生酒,男山,北海道,旭川市,道北,特別純米,"['出羽燦々', '美山錦', '五百万石']",0.0,1.8,1.2,16.0,60.0,-0.5,,9.047475,2.2042441,-0.23651468425679925,0.39152770530839953,False,0
男山,北の稲穂大吟醸,男山,北海道,旭川市,道北,大吟醸,['彗星'],0.0,1.2,0.9,16.0,65.0,0.2,,9.611488,4.029178,0.3024716306961748,-0.5026422936377132,False,0
男山,ミニ菰樽 普通酒,男山,北海道,旭川市,道北,普通酒,['吟ぎんが'],1.0,1.3,1.0,15.0,60.0,-0.01,,10.387823,4.7331743,-0.04858115328846815,-0.6322870762229009,False,0
男山,春の誘ない 純米酒,男山,北海道,旭川市,道北,純米,"['美山錦', '吟風']",-30.0,1.4,0.9,11.0,60.0,2.81,,12.866424,3.0308616,-3.713950004784129,-2.1553418645384643,False,0
羽陽男山,純米大吟醸 美山錦,男山酒造,山形県,山形市,村山,純米大吟醸,['美山錦'],2.5,1.3,1.0,15.45,60.0,-0.15,,10.013095,4.550403,0.23142285578784608,-0.5227926739879216,False,0
千代鶴,特別純米 ひやおろし,中村酒造,東京都,あきる野市,多摩,特別純米,"['五百万石', '山田錦']",1.0,1.8,0.8,15.45,60.0,-0.59,,8.972059,4.4575987,-0.44751257758761515,-0.9842084754990247,False,0
千代鶴,純米吟醸 しぼりたて生原酒,中村酒造,東京都,あきる野市,多摩,純米吟醸,['五百万石'],2.0,1.6,0.7,17.45,50.0,-0.45,,7.650333,3.7540221,0.913429059758941,-1.6157227470370956,False,0
千代鶴,特別純米 生酒,中村酒造,東京都,あきる野市,多摩,特別純米,"['アケボノ', '五百万石', '山田錦']",3.0,1.7,0.8,15.45,60.0,-0.66,,9.007463,4.409913,-0.21417255580741537,-0.9945217773865681,False,0
紀伊国屋文左衛門,純米酒 ひやおろし,中野BC,和歌山県,海南市,紀北,純米,"['出羽燦々', '山田錦']",4.4,1.6,1.1,17.0,65.0,-0.67,,8.208355,2.1353981,0.5505101508306449,0.5626860021554656,False,0
紀伊国屋文左衛門,純米酒 夏生,中野BC,和歌山県,海南市,紀北,純米,"['出羽燦々', '山田錦']",3.0,1.5,1.0,17.0,65.0,-0.43,,8.288417,2.9835794,0.5718104443977601,0.1792712084573144,False,0
紀伊国屋文左衛門,大吟醸 紀伊国屋文左衛門 黒,中野BC,和歌山県,海南市,紀北,大吟醸,['山田錦'],3.0,1.1,1.2,16.0,35.0,0.04,,0.8914789,3.5737672,1.3295855099870917,-1.4206004713676095,False,0
兆久,純米吟醸 しぼりたて,中野BC,和歌山県,海南市,紀北,純米吟醸,['山田錦'],10.0,1.5,1.1,17.0,60.0,-1.07,,7.9617205,1.5176636,1.1160605839294278,0.29279613865370563,False,0
御前酒,９ ＮＩＮＥ ブラックボトル,辻本店,岡山県,真庭市,美作,純米,['雄町'],4.0,1.8,1.4,15.0,65.0,-0.87,,11.377056,-0.20665307,-0.5205397936063576,1.2169915057327163,False,0
御前酒,純米大吟醸 馨,辻本店,岡山県,真庭市,美作,純米大吟醸,['雄町'],5.0,1.6,0.9,16.0,70.0,-0.73,,10.478946,3.614854,0.026222216596552307,0.05122428378561577,False,0
御前酒,９ＮＩＮＥ 菩提もと純米,辻本店,岡山県,真庭市,美作,純米,['雄町'],5.0,1.3,1.2,15.0,70.0,-0.38,,11.585593,1.5967783,-0.026692834493746286,0.7001390279965869,False,0
御前酒,美作,辻本店,岡山県,真庭市,美作,純米,['雄町'],5.0,1.4,1.5,14.0,70.0,-0.5,,11.238969,-0.47959593,-0.536186727239899,1.5122524295210757,False,0
御前酒,９ ＮＩＮＥ ホワイトボトル,辻本店,岡山県,真庭市,美作,純米,['雄町'],3.0,1.8,1.5,17.0,65.0,-0.78,,8.322029,-0.049179923,0.27641480760828474,1.9080435797483837,False,0
御前酒,９ ＮＩＮＥ 生酒,辻本店,岡山県,真庭市,美作,純米,['雄町'],3.0,1.8,1.0,15.0,65.0,-0.78,,11.088139,3.6651597,-0.6177682448514081,-0.0833503781324468,False,0
御前酒,花見の酒 さくらほろり,辻本店,岡山県,真庭市,美作,純米,['雄町'],3.0,1.8,1.3,15.0,65.0,-0.78,,12.767256,1.6636868,-0.5895451481799588,0.8804736488511122,False,0
御前酒,デーモンラベル,辻本店,岡山県,真庭市,美作,純米,['雄町'],3.0,2.0,1.2,16.0,65.0,-1.01,,13.271567,1.1161857,-0.40366998889473055,0.8333085916341338,False,0
天寿,米から育てた純米酒 ひやおろし,天寿酒造,秋田県,由利本荘市,県南,純米,['美山錦'],1.6,1.4,1.1,15.0,60.0,-0.18,,11.878897,4.786655,-0.11755957140207755,-0.26106682750108423,False,0
天寿,純米大吟醸 天寿,天寿酒造,秋田県,由利本荘市,県南,純米大吟醸,['秋田酒こまち'],0.5,1.2,0.9,16.0,60.0,0.15,,9.270508,4.29046,0.4499293093970922,-0.8094727170352259,False,0
天寿,大吟醸 鳥海,天寿酒造,秋田県,由利本荘市,県南,大吟醸,['山田錦'],5.0,1.3,1.0,16.0,60.0,-0.38,,9.287725,3.8366601,0.6133817484476429,-0.3788040615537792,False,0
天寿,大吟譲,天寿酒造,秋田県,由利本荘市,県南,大吟醸,['美山錦'],2.0,1.3,0.7,17.0,60.0,-0.1,,8.593695,4.0523686,0.829937963730478,-1.1958473424111424,False,0
天寿,米から育てた純米酒,天寿酒造,秋田県,由利本荘市,県南,純米吟醸,['酒造好適米'],1.0,1.2,1.2,15.0,60.0,0.11,,13.44741,4.5450296,0.08437895490646179,-0.03053738922890772,False,0
天寿,純米酒,天寿酒造,秋田県,由利本荘市,県南,純米,['美山錦'],3.0,1.4,0.8,15.0,60.0,-0.31,,9.457505,5.103757,-0.06234595011716161,-1.203550400776058,False,0
天寿,なでしこ純米,天寿酒造,秋田県,由利本荘市,県南,純米,['国内産米'],10.0,1.4,1.3,15.0,60.0,-0.96,,14.4906435,4.107908,0.4018761341170804,0.5095252460727996,False,0
天寿,旨口純米酒,天寿酒造,秋田県,由利本荘市,県南,純米,['国内産米'],3.0,1.5,1.2,15.0,60.0,-7.5,,14.450207,3.3509133,-0.1388598649691929,0.12234796619706621,False,2
天寿,本醸造,天寿酒造,秋田県,由利本荘市,県南,本醸造,['酒造好適米'],1.0,1.2,1.2,15.0,60.0,0.11,,13.446999,4.567865,0.08437895490646179,-0.03053738922890772,False,0
天寿,米から育てた純米酒しぼりたて,天寿酒造,秋田県,由利本荘市,県南,純米,['美山錦'],2.0,1.4,1.0,15.0,60.0,-0.22,,10.277841,4.7999334,-0.10312820801931348,-0.5762442306741037,False,0
天寿,米から育てた純米生酒,天寿酒造,秋田県,由利本荘市,県南,純米,['美山錦'],0.0,1.7,1.2,15.0,60.0,-0.38,,14.173622,2.796469,-0.5459422528464741,0.1582177511925707,False,0
天寿,本醸造 献寿盃 純金入,天寿酒造,秋田県,由利本荘市,県南,本醸造,['めんこいな'],4.0,1.1,1.2,15.0,65.0,-0.06,,11.52394,2.1046722,0.2596577815104211,0.28884450411168866,False,0
天寿,古酒大吟醸 天寿,天寿酒造,秋田県,由利本荘市,県南,大吟醸,['美山錦'],3.0,1.3,0.8,16.0,60.0,-0.2,,8.910604,4.3274465,0.47537103930044056,-1.0518397753169877,False,0
天寿,大吟醸 金賞受賞酒,天寿酒造,秋田県,由利本荘市,県南,大吟醸,['山田錦'],1.2,1.2,0.9,17.0,35.0,0.09,,3.8465977,4.140707,1.5035142016757053,-2.1785522704320917,False,0
天寿,純米吟醸 爽やかに風薫る,天寿酒造,秋田県,由利本荘市,県南,純米吟醸,['ぎんさん'],3.0,1.8,0.85,14.0,60.0,-0.78,,11.01924,4.888845,-0.9377932213314133,-1.0722246954193972,False,0
天寿,無垢之酒,天寿酒造,秋田県,由利本荘市,県南,純米吟醸,['美山錦'],2.0,1.6,1.1,15.0,60.0,-0.45,,11.60578,5.077656,-0.32200992995675776,-0.1733702263561583,False,0
天寿,純米吟醸 春の夜＂月と櫻＂,天寿酒造,秋田県,由利本荘市,県南,純米吟醸,['めんこいな'],2.0,1.6,1.1,15.0,60.0,-0.45,,11.638463,5.019374,-0.32200992995675776,-0.1733702263561583,False,0
真鶴,生酛 特別純米酒,田中酒造店,宮城県,加美郡加美町,県北（大崎・栗原）,純米,['国内産米'],8.0,1.9,1.6,15.45,60.0,-1.35,,10.298916,-1.1353099,-0.06921210709588722,1.733490862661771,False,0
真鶴,山廃純米酒,田中酒造店,宮城県,加美郡加美町,県北（大崎・栗原）,純米,['国内産米'],5.0,1.5,1.3,15.45,60.0,-0.61,,14.837882,3.337821,0.18035067083916353,0.560738634703441,False,0
真鶴,特別純米 ひやおろし,田中酒造店,宮城県,加美郡加美町,県北（大崎・栗原）,特別純米,['山田錦'],3.0,1.4,1.3,17.45,60.0,-0.31,,7.6730037,1.3972296,1.0224446278941686,0.8744731875091246,False,0
真鶴,しぼりたて 凛,田中酒造店,宮城県,加美郡加美町,県北（大崎・栗原）,本醸造,['蔵の華'],0.0,1.8,1.4,18.45,60.0,-0.5,,7.899548,0.30977267,0.8200527970830817,1.5057272666100232,False,0
真鶴,純米大吟醸 山田錦２８％,田中酒造店,宮城県,加美郡加美町,県北（大崎・栗原）,純米大吟醸,['山田錦'],-6.3,1.3,1.2,15.45,28.0,0.67,,0.5123334,4.0559545,0.4787955290572667,-2.026876207054646,False,0
真鶴,真鶴 特別純米 美山錦,田中酒造店,宮城県,加美郡加美町,県北（大崎・栗原）,特別純米,['美山錦'],2.0,1.4,1.2,15.5,40.0,-0.22,,1.8264164,4.817944,0.5981087327009055,-1.0952477904888929,False,0
出羽ノ雪,純米大吟醸 ひやおろし 瓶囲い,渡會本店,山形県,鶴岡市,庄内,純米大吟醸,"['出羽燦々', '山田錦']",2.5,1.3,0.9,15.45,50.0,-0.15,,7.783234,5.32863,0.45733285861607964,-1.472971377664551,False,0
出羽ノ雪,瓶囲い純米大吟醸,渡會本店,山形県,鶴岡市,庄内,純米大吟醸,"['山田錦', '美山錦']",1.0,1.3,1.1,15.45,60.0,-0.01,,11.933,4.7108884,0.15143407115365212,-0.22438277015736205,False,0
出羽ノ雪,瓶囲い大吟醸,渡會本店,山形県,鶴岡市,庄内,大吟醸,"['出羽燦々', '出羽きらり']",4.5,1.1,0.9,15.5,60.0,-0.1,,9.55732,4.665707,0.5906785030417087,-0.8855548013756577,False,0
出羽ノ雪,自然酒,渡會本店,山形県,鶴岡市,庄内,特別純米,['ササニシキ'],-1.0,1.9,0.8,15.45,60.0,-0.52,,9.017721,4.4527645,-0.6808525993678147,-0.9738951736114815,False,0
出羽ノ雪,生酛 純米酒,渡會本店,山形県,鶴岡市,庄内,純米,"['美山錦', '出羽きらり']",-2.0,1.8,1.4,14.45,60.0,-0.31,,10.508585,-0.11097491,-0.9934316302977093,0.705199745019389,False,0
出羽ノ雪,雪 純米,渡會本店,山形県,鶴岡市,庄内,純米,"['出羽きらり', '美山錦']",1.0,1.6,1.2,14.45,60.0,-0.36,,13.605437,3.3744454,-0.6051646402013943,0.026780608701512113,False,0
出羽ノ雪,雪 純米 生酒,渡會本店,山形県,鶴岡市,庄内,純米,"['はえぬき', '美山錦']",1.0,1.6,1.0,14.45,65.0,-0.36,,11.881694,3.1543293,-0.7416388888417187,-0.30131672861313874,False,0
出羽ノ雪,雪 純米 ひやおろし,渡會本店,山形県,鶴岡市,庄内,純米,"['はえぬき', '美山錦']",1.5,1.6,1.2,14.45,65.0,-0.41,,12.496339,2.5462353,-0.6930246632191935,0.3488542133194427,False,0
出羽ノ雪,しぼりたて 雪 純米,渡會本店,山形県,鶴岡市,庄内,純米,"['出羽きらり', '美山錦']",1.0,1.4,1.0,14.45,65.0,-0.13,,11.71153,3.1304994,-0.5133494680137913,-0.3829160572698974,False,0
出羽ノ雪,大地のめざめ,渡會本店,山形県,鶴岡市,庄内,特別純米,"['出羽の里', '出羽きらり']",-3.5,1.7,0.9,15.2,60.0,-0.06,,8.946683,4.550577,-0.6980426886081094,-0.8204553521049612,False,0
出羽ノ雪,無垢之酒,渡會本店,山形県,鶴岡市,庄内,純米吟醸,"['はえぬき', '山田錦']",1.5,1.3,0.8,16.0,50.0,-0.06,,7.4347305,4.780831,0.62129225749448,-1.7036085751630579,False,0
出羽ノ雪,純米吟醸 夏酒,渡會本店,山形県,鶴岡市,庄内,純米吟醸,"['はえぬき', '山田錦']",1.0,1.4,0.9,16.0,50.0,-0.13,,7.1914926,4.7045856,0.4867564181294407,-1.3491558257837013,False,0
出羽ノ雪,純米大吟醸 出羽燦々４５,渡會本店,山形県,鶴岡市,庄内,純米大吟醸,['出羽燦々'],2.0,1.4,1.0,15.45,45.0,-0.22,,3.1033742,6.07797,0.4404558701103986,-1.4329706422929163,False,0
出羽ノ雪,純米大吟醸 雪女神仕込み,渡會本店,山形県,鶴岡市,庄内,純米大吟醸,"['雪女神', '山田錦']",1.5,1.4,0.9,15.45,40.0,-0.17,,3.1632817,5.1541786,0.5189081942377148,-2.076318922572033,False,0
都鶴,特別純米 ひやおろし,都鶴酒造,京都府,京都市伏見区,伏見,特別純米,"['京の輝き', '祝']",-3.0,1.9,1.8,16.0,60.0,-0.33,,9.950115,-1.4476279,-0.47300616837721804,2.314245879942643,False,0
都美人,風乃都美人,都美人酒造,兵庫県,南あわじ市,淡路,特別純米,['山田錦'],3.0,1.5,1.3,15.5,60.0,-0.43,,14.867304,3.251454,0.0823339734231096,0.5398777867519775,False,0
都美人,雲乃都美人,都美人酒造,兵庫県,南あわじ市,淡路,純米,['五百万石'],3.0,1.6,1.5,15.5,60.0,-0.54,,10.078368,-0.5878631,-0.012995339209887869,1.2232268024027293,False,0
都美人,山廃純米 雲乃都美人 生原酒,都美人酒造,兵庫県,南あわじ市,淡路,純米,['五百万石'],3.5,1.5,0.8,17.0,65.0,-0.47,,8.4432125,3.3256173,0.582793874458353,-0.4556565522548489,False,0
都美人,山廃純米 雲乃都美人 ひやおろし,都美人酒造,兵庫県,南あわじ市,淡路,純米,['五百万石'],6.5,2.6,1.5,17.45,65.0,-2.03,,8.537823,0.7665404,-0.23754355526087367,2.3744216590512335,False,0
土田,はつしぼり 壱 生酛純米酒,土田酒造,群馬県,利根郡川場村,北毛,純米,['国内産米'],-3.0,3.1,2.2,16.0,90.0,-1.73,,10.461834,-1.7493968,-2.5110650029389987,5.975652638574269,False,0
譽國光,山廃純米酒 氷温生原酒,土田酒造,群馬県,利根郡川場村,北毛,純米,['あさひの夢'],9.0,1.7,1.2,16.0,70.0,-1.21,,12.560377,0.9076289,0.17869122558651043,1.1168206999792258,False,0
木曽路,夏純 特別純米生酒,湯川酒造店,長野県,木曽郡木祖村,中信,特別純米,['山恵錦'],0.0,1.8,1.2,17.0,60.0,-0.5,,7.832413,1.883494,0.1870575947468395,0.5840379950958491,False,0
木曽路,山廃純米 ひやおろし,湯川酒造店,長野県,木曽郡木祖村,中信,純米,"['ひとごこち', '美山錦']",4.0,1.6,1.6,15.0,70.0,-0.64,,11.100584,-0.78903544,-0.3910938258568226,2.0923935424060525,False,0
木曽路,冬純 ふなくちしぼりたて,湯川酒造店,長野県,木曽郡木祖村,中信,純米吟醸,['ひとごこち'],2.0,1.6,1.3,16.0,60.0,-0.45,,9.598253,1.2514899,0.12037774682784717,0.6616894147536636,False,0
旭日,辛口純米原酒 ひやおろし,藤居本家,滋賀県,愛知郡愛荘町,湖東,特別純米,['玉栄'],10.0,1.8,1.7,18.0,70.0,-1.42,,8.062129,-0.13328737,1.0183272233153577,3.1642575034088534,False,0
旭日,レトロラベル 大吟醸,藤居本家,滋賀県,愛知郡愛荘町,湖東,大吟醸,['山田錦'],2.0,1.1,1.1,15.0,70.0,0.13,,11.432133,2.4222949,0.013395920394343543,0.25153548001738835,False,0
旭日,レトロラベル 生酛 純米酒,藤居本家,滋賀県,愛知郡愛荘町,湖東,特別純米,['山田錦'],6.0,1.6,1.0,15.0,70.0,-0.82,,10.961094,3.3873448,-0.32834470783348524,0.1952318508797704,False,0
旭日,レトロラベル 特別純米酒,藤居本家,滋賀県,愛知郡愛荘町,湖東,特別純米,['玉栄'],0.0,1.5,1.3,15.0,70.0,-0.15,,11.602663,0.9590344,-0.5435628348467805,1.026797126212442,False,0
旭日,しぼりたて 純米辛口 生原酒,藤居本家,滋賀県,愛知郡愛荘町,湖東,純米,['玉栄'],12.0,1.5,1.5,18.0,70.0,-1.26,,7.9432096,0.119506076,1.4611412681425184,2.429795521542179,False,0
旭日,辛口 純米生原酒,藤居本家,滋賀県,愛知郡愛荘町,湖東,純米,['玉栄'],11.0,1.8,1.4,18.0,70.0,-1.51,,7.9517827,0.36634746,1.0497017823270265,2.2156766576457128,False,0
旭日,福 純米大吟醸,藤居本家,滋賀県,愛知郡愛荘町,湖東,純米大吟醸,['山田錦'],-2.0,1.1,0.8,15.0,65.0,0.5,,9.618346,4.716765,-0.1355589481502196,-1.0877132858555643,False,0
旭日,黒渡 特別純米原酒,藤居本家,滋賀県,愛知郡愛荘町,湖東,特別純米,['滋賀渡船六号'],2.0,2.1,1.2,18.0,40.0,-1.03,,6.010327,2.902406,0.8580264573122568,-0.32837441572161397,False,0
鳳陽,特別純米原酒 ひやおろし,内ヶ崎酒造店,宮城県,富谷市,仙台周辺,特別純米,['まなむすめ'],1.0,1.5,1.0,17.0,60.0,-0.24,,7.9236636,3.0010955,0.5702739838908822,-0.16566716799124323,False,0
鳳陽,特別純米 美山錦,内ヶ崎酒造店,宮城県,富谷市,仙台周辺,特別純米,['美山錦'],3.0,1.3,1.0,15.0,60.0,-0.2,,10.303441,4.7738404,0.07061415807776798,-0.6018007137820649,False,0
鳳陽,辛口純米酒 鳳陽,内ヶ崎酒造店,宮城県,富谷市,仙台周辺,純米,['国内産米'],7.0,1.5,1.3,15.0,60.0,-0.8,,14.495274,3.8715057,0.10893845665376255,0.5045953667399248,False,0
鳳陽,特別純米原酒 初しぼり,内ヶ崎酒造店,宮城県,富谷市,仙台周辺,特別純米,['まなむすめ'],1.0,1.5,1.15,17.0,60.0,-0.24,,7.744087,1.9564196,0.5843855322266068,0.31624484550053594,False,0
鳳陽,特別純米原酒 なま生,内ヶ崎酒造店,宮城県,富谷市,仙台周辺,特別純米,['まなむすめ'],1.0,1.8,1.0,17.45,60.0,-0.59,,8.076593,2.5426383,0.4184473782006284,0.04336145539824682,False,0
芳薫,特別純米酒,馬場酒造場,佐賀県,鹿島市,西部（唐津・伊万里・鹿島）,特別純米,['佐賀の華'],3.0,1.6,1.2,15.5,60.0,-0.54,,17.952583,3.6558268,-0.04121843588133723,0.2594027754191703,False,0
梅錦,純米原酒 ひやおろし,梅錦山川,愛媛県,四国中央市,東予,純米,['山田錦'],2.5,1.5,1.2,16.45,65.0,-0.38,,8.597447,1.7970692,0.32786226088516557,0.7083183097863804,False,0
梅錦,媛の愛 天味,梅錦山川,愛媛県,四国中央市,東予,純米大吟醸,['松山三井'],3.5,1.4,0.9,15.0,60.0,-0.36,,9.605856,5.135312,-0.0231394233851195,-0.8746541345046627,False,0
梅錦,純米大吟醸,梅錦山川,愛媛県,四国中央市,東予,純米大吟醸,['山田錦'],0.5,1.6,1.6,16.0,60.0,-0.31,,9.579927,-0.9460433,0.05920435997461943,1.6026486699065956,False,0
梅錦,大吟醸 究極の酒,梅錦山川,愛媛県,四国中央市,東予,大吟醸,['山田錦'],4.5,1.2,1.0,16.45,60.0,-0.22,,9.312876,3.8367624,0.8883351565716846,-0.3405956860880154,False,0
梅錦,槽掛け雫酒,梅錦山川,愛媛県,四国中央市,東予,大吟醸,['山田錦'],2.5,1.2,1.0,16.0,60.0,-0.03,,9.365729,3.8486588,0.5785323196538114,-0.45771167893320364,False,0
梅錦,大吟辛口,梅錦山川,愛媛県,四国中央市,東予,大吟醸,['山田錦'],6.0,1.2,0.9,15.0,60.0,-0.36,,9.631179,5.0264754,0.3541441366506028,-0.9181455101103763,False,0
梅錦,純米吟醸封印酒,梅錦山川,愛媛県,四国中央市,東予,純米吟醸,"['八反錦', '山田錦']",3.5,1.3,1.1,15.0,60.0,-0.24,,11.930389,4.7212195,0.1098206848098102,-0.2729044475106692,False,0
梅錦,酒一筋,梅錦山川,愛媛県,四国中央市,東予,純米吟醸,['山田錦'],-0.5,1.7,1.1,16.0,60.0,-0.34,,9.13408,2.7064064,-0.16157650057487766,0.021831774708625355,False,0
梅錦,つうの酒,梅錦山川,愛媛県,四国中央市,東予,吟醸,['山田錦'],5.0,1.3,1.0,15.0,60.0,-0.38,,10.183174,4.7525105,0.18980946944400415,-0.5713143513412288,False,0
梅錦,特別純米 夢人,梅錦山川,愛媛県,四国中央市,東予,特別純米,['雄町'],4.0,1.4,0.7,15.0,60.0,-0.4,,9.347291,5.0549445,-0.012155993324526677,-1.5095818952168263,False,0
梅錦,熟成 純米酒,梅錦山川,愛媛県,四国中央市,東予,純米,['山田錦'],3.0,1.4,1.0,15.0,60.0,-0.31,,10.203246,4.835762,-0.043530552336195426,-0.5610010494536856,False,0
梅錦,米の彩,梅錦山川,愛媛県,四国中央市,東予,純米,['玉栄'],4.5,1.3,1.0,15.0,60.0,-0.33,,10.247176,4.781749,0.16001064160244513,-0.5789359419514378,False,0
梅錦,本醸造 夢人,梅錦山川,愛媛県,四国中央市,東予,本醸造,['玉栄'],7.0,1.3,0.8,15.0,60.0,-0.57,,9.473426,5.14959,0.29018938302927416,-1.183377340222765,False,0
梅錦,しぼりたて 蔵開,梅錦山川,愛媛県,四国中央市,東予,吟醸,"['五百万石', '山田錦']",5.0,1.4,1.1,18.45,60.0,-0.5,,7.654026,1.1431284,1.5463968204830771,0.45492048841503785,False,0
梅錦,純米 生酒,梅錦山川,愛媛県,四国中央市,東予,純米,['山田錦'],1.5,1.45,1.25,15.45,65.0,-0.23,,12.1281,1.6742359,-0.09353146914936773,0.6408023444449165,False,0
梅錦,生酛 純米吟醸,梅錦山川,愛媛県,四国中央市,東予,純米吟醸,['しずく媛'],1.5,2.1,0.9,15.0,60.0,-0.99,,10.997162,4.9552045,-0.9413477076491009,-0.6195428466468437,False,0
梅錦,純米吟醸 封印酒 生酒,梅錦山川,愛媛県,四国中央市,東予,純米吟醸,"['八反錦', '山田錦']",3.5,1.6,1.1,15.45,55.0,-0.59,,14.081581,9.500251,0.07565292997891482,-0.37832783812890075,False,0
梅錦,おやじの酒,梅錦山川,愛媛県,四国中央市,東予,吟醸,['山田錦'],3.5,1.5,1.0,15.45,60.0,-0.47,,9.9306555,4.5283036,0.06273109064303707,-0.42595016411074504,False,0
梅錦,純米大吟醸 白鶴錦,梅錦山川,愛媛県,四国中央市,東予,純米大吟醸,['白鶴錦'],0.0,1.4,1.2,15.8,50.0,-0.03,,2.7103136,9.587985,0.3706674033170445,-0.4390770379780507,False,0
上善如水,上善如水 純米大吟醸,白瀧酒造,新潟県,南魚沼郡湯沢町,中越,純米大吟醸,"['山田錦', '美山錦']",2.0,1.5,1.7,15.45,70.0,-0.34,,10.95662,-0.9847559,-0.19612920236697487,2.429011821702375,False,0
上善如水,熟成の上善如水 純米吟醸,白瀧酒造,新潟県,南魚沼郡湯沢町,中越,純米吟醸,"['五百万石', '美山錦']",3.0,1.7,1.6,15.45,70.0,-0.66,,11.102278,-0.8556833,-0.37422866640226704,2.2045796559183657,False,0
上善如水,上善如水 純米吟醸,白瀧酒造,新潟県,南魚沼郡湯沢町,中越,純米吟醸,"['五百万石', '越いぶき']",5.0,1.3,1.5,14.45,70.0,-0.38,,11.173115,-0.4991621,-0.23143449127429844,1.5580823955970486,False,0
上善如水,なまの上善如水 純米吟醸,白瀧酒造,新潟県,南魚沼郡湯沢町,中越,純米吟醸,"['五百万石', '越いぶき']",5.0,1.6,1.5,15.45,70.0,-0.73,,11.2994375,-0.55987483,-0.1502963435125506,1.8729916783696359,False,0
上善如水,上善如水スパークリング,白瀧酒造,新潟県,南魚沼郡湯沢町,中越,清酒,[],-40.0,4.0,1.8,11.45,60.0,0.78,,13.931071,-0.8616791,-7.002412216812379,1.7311193071502458,False,0
白瀧,淡麗魚沼 純米,白瀧酒造,新潟県,南魚沼郡湯沢町,中越,純米,"['五百万石', '越路早生']",4.0,1.6,1.3,14.45,60.0,-0.64,,13.838464,3.4177163,-0.4169639742615569,0.3937848280239527,False,0
白瀧,濃醇魚沼 純米,白瀧酒造,新潟県,南魚沼郡湯沢町,中越,純米,['山田錦'],2.0,2.1,1.2,16.45,60.0,-1.03,,8.480478,1.9821285,-0.2691459785808168,0.6310426911387257,False,0
白瀧,辛口魚沼  純米,白瀧酒造,新潟県,南魚沼郡湯沢町,中越,純米,"['五百万石', '越路早生']",12.0,1.5,1.5,15.45,60.0,-1.26,,10.021039,-0.21175948,0.6163496584019561,1.3099902545687394,False,0
白瀧,なまの上善如水 純米吟醸,白瀧酒造,新潟県,南魚沼郡湯沢町,中越,純米吟醸,"['越いぶき', '五百万石']",5.0,1.6,1.5,15.45,60.0,-0.73,,10.103244,-0.5396472,0.08502135820616603,1.2440876503541927,False,0
白瀧,上善如水 純米 原酒,白瀧酒造,新潟県,南魚沼郡湯沢町,中越,純米,"['五百万石', 'こしいぶき']",12.0,1.5,1.5,18.45,65.0,-1.26,,7.878105,0.20087047,1.7694076445535138,2.20197313793881,False,0
白馬錦,干支酒  特別純米酒,薄井商店,長野県,大町市,中信,特別純米,['美山錦'],1.0,1.4,1.5,16.0,59.0,-0.13,,9.677487,-0.5523418,0.3314166799254944,1.144505853397315,False,0
如空,純米吟醸 生酛造り,八戸酒類五戸工場,青森県,三戸郡五戸町,南部（県南）,純米吟醸,['華想い'],1.0,1.8,1.7,16.9,40.0,-0.59,,8.85559,-1.2424015,0.721971920419442,0.9285954696125664,False,0
八鶴,蔵物語,八戸酒類八鶴工場,青森県,八戸市,南部（県南）,純米,['華吹雪'],3.0,1.3,2.2,15.45,60.0,-0.2,,10.0765915,-1.6653373,0.3741140703152026,3.3401250245565235,False,0
甲子,純米吟醸原酒 ひやおろし,飯沼本家,千葉県,印旛郡酒々井町,北総,純米吟醸,"['五百万石', '山田錦']",2.0,1.8,1.4,17.0,55.0,-0.68,42.0,8.327567,0.18716665,0.4427271547534002,0.9426216948513358,False,0
甲子,初しぼり 純米吟醸生原酒,飯沼本家,千葉県,印旛郡酒々井町,北総,純米吟醸,"['五百万石', '山田錦']",0.0,1.5,1.1,17.0,55.0,-0.15,42.0,7.233895,2.691234,0.6377428779576056,-0.17408768755819629,False,0
甲子,夏生 純米吟醸生原酒,飯沼本家,千葉県,印旛郡酒々井町,北総,純米吟醸,"['五百万石', '山田錦']",0.0,1.6,1.3,16.0,55.0,-0.27,42.0,12.693433,8.485445,0.11884128632096937,0.3167510383051059,False,0
甲子,無垢之酒,飯沼本家,千葉県,印旛郡酒々井町,北総,純米吟醸,"['五百万石', '山田錦']",0.0,1.5,1.1,17.0,55.0,-0.15,42.0,7.2607594,2.7532337,0.6377428779576056,-0.17408768755819629,False,0
甲子,純米大吟醸 生原酒 春酒香んばし,飯沼本家,千葉県,印旛郡酒々井町,北総,純米大吟醸,"['山田錦', '美山錦']",0.0,1.6,1.1,16.0,50.0,-0.27,42.0,6.772207,4.483683,0.21768473939936145,-0.6402503270249881,False,0
甲子,純米吟醸 夏涼酒,飯沼本家,千葉県,印旛郡酒々井町,北総,純米吟醸,"['五百万石', '山田錦']",0.0,1.5,1.1,15.0,55.0,-0.15,42.0,8.314481,5.6615148,-0.20940168004967186,-0.5591082671330954,False,0
甲子,純米大吟醸 きのえね,飯沼本家,千葉県,印旛郡酒々井町,北総,純米大吟醸,['山田錦'],-3.0,1.3,1.1,16.0,50.0,0.36,42.0,6.951684,4.5725365,0.3813259035918981,-0.80837886367138,False,0
甲子,祝 菰樽 本醸造,飯沼本家,千葉県,印旛郡酒々井町,北総,本醸造,['ふさこがね'],3.0,1.3,1.1,15.0,70.0,-0.2,42.0,11.423708,2.4477246,-0.1552958447504655,0.3483779898945649,False,0
甲子,純米吟醸 氷室瓶囲い一度火,飯沼本家,千葉県,印旛郡酒々井町,北総,純米吟醸,"['山田錦', '五百万石']",0.0,1.5,1.1,15.0,40.0,-0.15,42.0,2.57136,5.184524,0.14357487252840312,-1.5024643091562602,False,0
飛良泉,山廃純米 ひやおろし,飛良泉本舗,秋田県,にかほ市,県南,純米,"['美山錦', '秋田酒こまち']",7.0,1.8,1.2,15.0,60.0,-1.15,92.0,14.81107,1.6228856,-0.24290337347861143,0.3057196840638762,False,1
飛良泉,大吟醸 欅蔵,飛良泉本舗,秋田県,にかほ市,県南,大吟醸,['山田錦'],2.0,1.3,1.0,15.0,60.0,-0.1,92.0,10.394025,4.7589793,0.011016502394649946,-0.6170438950024829,False,0
飛良泉,室町蔵,飛良泉本舗,秋田県,にかほ市,県南,大吟醸,"['山田錦', '酒こまち']",3.0,1.3,1.1,15.0,60.0,-0.2,92.0,11.976735,4.7084165,0.08002185696825113,-0.2805260381208783,False,0
飛良泉,純米吟醸,飛良泉本舗,秋田県,にかほ市,県南,純米吟醸,['山田錦'],2.0,1.4,1.1,16.0,60.0,-0.22,92.0,9.470354,3.365494,0.32985176987480835,-0.062459265225467436,False,0
飛良泉,山廃 純米酒,飛良泉本舗,秋田県,にかほ市,県南,特別純米,['酒こまち'],4.0,1.9,1.5,15.0,60.0,-0.98,92.0,10.366413,-0.8184331,-0.5076179542704796,1.2646138317145603,False,0
飛良泉,山廃純米酒 長享,飛良泉本舗,秋田県,にかほ市,県南,純米,['山田錦'],4.0,2.3,1.2,17.0,60.0,-1.45,92.0,8.299511,1.8672626,-0.14527533459050604,0.8490090416194176,False,1
飛良泉,山廃 本醸造,飛良泉本舗,秋田県,にかほ市,県南,特別本醸造,['酒こまち'],3.0,1.5,1.3,15.0,60.0,-0.43,92.0,14.5037365,3.4126594,-0.12945216607870977,0.44362264185825273,False,0
飛良泉,山廃純米 しぼりたて,飛良泉本舗,秋田県,にかほ市,県南,純米,"['美山錦', '秋田酒こまち']",2.0,2.1,1.2,16.0,60.0,-1.03,92.0,14.06162,1.262497,-0.4597535041324539,0.5444130607343735,False,1
飛良泉,山廃純米生酒 ホワイトラベル,飛良泉本舗,秋田県,にかほ市,県南,純米,['美山錦'],0.0,1.7,1.2,15.0,50.0,-0.38,92.0,1.8243525,8.932787,-0.31062455112775755,-0.47068627682287256,False,1
飛良泉,山廃純米 マル飛Ｎｏ．７７ 限定生酒,飛良泉本舗,秋田県,にかほ市,県南,純米,"['美山錦', '秋田酒こまち']",-23.0,4.2,1.2,15.0,60.0,-1.11,92.0,13.920783,-0.7030872,-4.770306093907281,0.8276161913324386,False,1
飛良泉,純米大吟醸 １８０１ 限定ひやおろし,飛良泉本舗,秋田県,にかほ市,県南,純米大吟醸,['秋田酒こまち'],0.0,2.0,1.2,16.0,50.0,-0.73,92.0,1.4281961,8.180928,-0.2294864033660098,-0.15577699405028506,False,1
飛良泉,純米大吟醸 ＵＴ－２ 限定生酒,飛良泉本舗,秋田県,にかほ市,県南,純米大吟醸,['秋田酒こまち'],-3.0,1.8,1.2,16.0,50.0,-0.22,92.0,1.5539154,8.245069,-0.1799899495874369,-0.28310586636829776,False,1
七冠馬,純米 ひやおろし,簸上清酒,島根県,仁多郡奥出雲町,出雲,純米,['雄町'],4.0,1.7,1.4,16.5,60.0,-0.75,,8.58013,0.28660867,0.34662218617242235,1.1505052620777896,False,0
簸上正宗・七冠馬,七冠馬 一番人気,簸上清酒,島根県,仁多郡奥出雲町,出雲,純米吟醸,['山田錦'],4.0,1.5,1.0,15.5,60.0,-0.52,,9.874261,4.4600296,0.11370853243477834,-0.40870305901116344,False,0
簸上正宗・七冠馬,特別純米 七冠馬,簸上清酒,島根県,仁多郡奥出雲町,出雲,特別純米,"['雄町', '五百万石']",4.0,1.5,1.2,15.5,60.0,-0.52,,16.273502,3.6487443,0.13252393021574455,0.23384629231120901,False,0
簸上正宗・七冠馬,純米 七冠馬,簸上清酒,島根県,仁多郡奥出雲町,出雲,純米,['酒造好適米'],4.0,1.6,1.2,15.3,60.0,-0.64,,17.921354,3.6469538,-0.06633523599894656,0.23614389868209856,False,0
七冠馬,純米 しぼりしな,簸上清酒,島根県,仁多郡奥出雲町,出雲,純米,['雄町'],3.5,1.8,1.6,17.45,60.0,-0.82,,8.430237,-0.42052567,0.6238877107513223,2.00911746241641,False,0
七冠馬,純米 夏生,簸上清酒,島根県,仁多郡奥出雲町,出雲,純米,['雄町'],3.5,1.7,1.3,15.45,60.0,-0.71,,14.832797,2.8760955,-0.1373352335134407,0.6194731915295725,False,0
七冠馬,純米吟醸 夏ＳＥＶＥＮ,簸上清酒,島根県,仁多郡奥出雲町,出雲,純米吟醸,['美山錦'],2.5,1.7,1.1,14.5,50.0,-0.61,,1.989838,8.949791,-0.3828242503122649,-0.8501081443267381,False,0
七冠馬,特別純米 寒おろし,簸上清酒,島根県,仁多郡奥出雲町,出雲,特別純米,['佐香錦'],2.0,1.6,1.1,16.5,50.0,-0.45,,6.3286138,3.4204764,0.5486661902674169,-0.5135088196904273,False,0
簸上正宗・七冠馬,ザ・セブン「漆黒のＳ」,簸上清酒,島根県,仁多郡奥出雲町,出雲,特別純米,['山田錦'],3.0,1.6,1.2,16.5,65.0,-0.54,,8.490896,1.8443419,0.26469499226294313,0.7663650792143414,False,0
七冠馬,純米 春なごみセブン,簸上清酒,島根県,仁多郡奥出雲町,出雲,純米,['雄町'],3.0,1.5,1.2,15.45,60.0,-0.43,,16.158834,3.5119774,0.05174766058244424,0.20897759660141838,False,1
七冠馬,純米吟醸 七冠馬 山廃仕込み,簸上清酒,島根県,仁多郡奥出雲町,出雲,純米吟醸,['佐香錦'],3.0,1.7,1.1,17.0,50.0,-0.66,,6.2950263,3.1081676,0.7059052750383911,-0.36121082924790526,False,0
富久錦,播磨路,富久錦,兵庫県,加西市,播磨,純米吟醸,"['山田錦', '兵庫夢錦']",1.0,1.6,1.2,16.0,60.0,-0.36,,9.281203,2.0574486,0.05137239225424598,0.325171557872059,False,1
富久錦,播州古式,富久錦,兵庫県,加西市,播磨,純米,['兵庫夢錦'],3.0,1.9,1.2,16.0,60.0,-0.89,,8.974587,2.034999,-0.1718664276214084,0.47805691329803285,False,1
富久錦,『Ｆｕ．』,富久錦,兵庫県,加西市,播磨,純米,['キヌヒカリ'],-60.0,5.0,1.2,8.45,60.0,1.61,,14.5938635,-1.5628996,-10.662975464968191,-0.6709265973037886,False,1
富久錦,純米吟醸 錦秋の播磨路,富久錦,兵庫県,加西市,播磨,純米吟醸,"['兵庫夢錦', '山田錦']",2.0,1.6,1.4,16.0,60.0,-0.45,,9.682516,0.29692107,0.12978544571833028,0.9829640904148493,False,0
富久錦,兵庫夢錦 しぼりたて,富久錦,兵庫県,加西市,播磨,純米,['兵庫夢錦'],3.0,1.6,1.2,17.0,60.0,-0.54,,7.774574,1.6672459,0.5941399826241208,0.5481682101003446,False,1
富久錦,瑞福,富久錦,兵庫県,加西市,播磨,純米大吟醸,['山田錦'],1.0,1.4,1.2,15.0,65.0,-0.13,,11.99627,1.9940997,-0.2615693167808236,0.3655139534355724,False,1
はぎの露,純米吟醸 ひやおろし,福井弥平商店,滋賀県,高島市,湖西,純米吟醸,"['吟吹雪', '山田錦']",5.0,1.7,1.5,17.0,60.0,-0.85,,8.386703,0.022538465,0.6274136802478429,1.5832782638531189,False,0
はぎの露,辛口純米吟醸,福井弥平商店,滋賀県,高島市,湖西,純米吟醸,['山田錦'],10.0,1.6,1.5,16.0,60.0,-1.19,,9.944097,-0.13493223,0.615974390073758,1.4261842158393803,False,0
はぎの露,純米吟醸 しぼりたて,福井弥平商店,滋賀県,高島市,湖西,純米吟醸,"['吟吹雪', '山田錦']",5.0,1.6,1.4,17.0,60.0,-0.73,,8.307202,0.31335226,0.7321506917713232,1.2212039238635533,False,0
はぎの露,純米吟醸 なまざけ,福井弥平商店,滋賀県,高島市,湖西,純米吟醸,"['吟吹雪', '山田錦']",5.0,1.6,1.4,17.0,60.0,-0.73,,8.33344,0.33109805,0.7321506917713232,1.2212039238635533,False,0
萩の露,山廃純米 無ろ過原酒,福井弥平商店,滋賀県,高島市,湖西,特別純米,"['吟吹雪', '山田錦']",8.0,1.6,1.7,18.0,60.0,-1.01,,8.367998,-0.44972354,1.3627390344957655,2.4232677842958155,False,0
はぎの露,生酛純米原酒,福井弥平商店,滋賀県,高島市,湖西,純米,"['吟吹雪', '山田錦']",-5.0,2.2,2.4,17.0,60.0,-0.5,,10.298033,-1.8546791,-0.4546171386388078,4.526316854241512,False,0
はぎの露,無垢之酒,福井弥平商店,滋賀県,高島市,湖西,純米吟醸,['山田錦'],5.0,1.6,1.5,17.0,60.0,-0.73,,8.396598,-0.04276565,0.7415583906618064,1.5424785995247396,False,0
はぎの露,生酛純米 無ろ過生原酒,福井弥平商店,滋賀県,高島市,湖西,特別純米,"['吟吹雪', '山田錦']",3.0,1.7,1.7,17.0,60.0,-0.66,,8.636159,-0.6546631,0.527033766662573,2.1953412527346554,False,0
はぎの露,純米吟醸 春の辛口,福井弥平商店,滋賀県,高島市,湖西,純米吟醸,"['吟吹雪', '山田錦']",7.0,1.6,1.4,16.0,60.0,-0.91,,9.561657,0.4031271,0.4277737241339207,1.0591799965169397,False,0
福乃友,６０純米酒,福乃友酒造,秋田県,大仙市,県南,純米,['あきたこまち'],1.0,1.5,1.2,15.0,60.0,-0.24,,14.270468,3.27144,-0.258055176335429,0.09186160375623016,False,0
久寿玉,丸一屋,平瀬酒造店,岐阜県,高山市,飛騨,純米吟醸,['ひだほまれ'],3.0,1.4,1.2,15.5,70.0,-0.31,,11.619837,1.4203783,-0.04824671677212646,0.8067074747778549,False,1
久寿玉,手造り純米酒,平瀬酒造店,岐阜県,高山市,飛騨,特別純米,['ひだほまれ'],5.0,1.8,1.2,15.5,70.0,-0.96,,12.740373,0.8085723,-0.38563024706174487,1.0003924945322082,False,1
久寿玉,特別純米 飛騨乃辛燗,平瀬酒造店,岐阜県,高山市,飛騨,特別純米,['ひだほまれ'],5.0,1.7,1.5,15.5,70.0,-0.85,,11.402551,-0.4988458,-0.2432624399763318,1.9234168571873878,False,0
久寿玉,特別本醸造 飛騨乃辛燗,平瀬酒造店,岐阜県,高山市,飛騨,特別本醸造,['ひだほまれ'],7.0,1.5,1.5,15.5,70.0,-0.8,,11.293852,-0.43725964,0.10422229221783144,1.872303890971465,False,0
久寿玉,原酒 超辛口,平瀬酒造店,岐阜県,高山市,飛騨,特別本醸造,['ひだほまれ'],15.0,1.8,1.2,20.0,70.0,-1.88,,7.7618694,0.624781,2.11642156528581,2.0191206107799116,False,1
久寿玉,特別本醸造 純金箔入 寿,平瀬酒造店,岐阜県,高山市,飛騨,特別本醸造,['ひだほまれ'],2.0,1.4,1.1,15.5,55.0,-0.22,,13.89395,8.176112,0.23572448123234732,-0.47316642412691384,False,0
久寿玉,しぼりたて 純米生原酒,平瀬酒造店,岐阜県,高山市,飛騨,特別純米,['ひだほまれ'],4.0,1.9,1.1,17.0,60.0,-0.98,,8.103867,2.101866,0.30189580817486533,0.3645357086447146,False,0
久寿玉,純米吟醸キュートボトル,平瀬酒造店,岐阜県,高山市,飛騨,純米吟醸,['ひだほまれ'],1.0,1.4,1.7,15.5,50.0,-0.13,,9.174039,-1.7316395,0.35023186975148624,1.1247864346120637,False,0
米鶴,純米原酒 ひやおろし,米鶴酒造,山形県,東置賜郡高畠町,置賜,純米,"['はえぬき', '出羽燦々']",0.0,1.8,1.0,17.0,65.0,-0.5,,8.227108,2.7139213,0.05058334610651495,0.25594065778119823,False,0
米鶴,大吟醸 巨匠,米鶴酒造,山形県,東置賜郡高畠町,置賜,大吟醸,['山田錦'],0.0,1.2,0.8,16.0,60.0,0.2,,9.03578,4.435777,0.41072278266505,-1.138368983306621,False,0
米鶴,天に舞う鶴の輝き,米鶴酒造,山形県,東置賜郡高畠町,置賜,純米大吟醸,['雪女神'],-0.5,1.45,0.7,16.0,60.0,-0.05,,8.76444,4.3299603,0.08615447989809887,-1.3652660887570682,False,0
米鶴,盗み吟醸 丸吟,米鶴酒造,山形県,東置賜郡高畠町,置賜,吟醸,"['出羽の里', '出羽きらり']",3.0,1.1,0.8,14.0,60.0,0.04,,9.454908,4.9625173,-0.14348409787890978,-1.5184596835486452,False,0
米鶴,特別純米 田恵,米鶴酒造,山形県,東置賜郡高畠町,置賜,特別純米,['美山錦'],3.0,1.2,1.0,15.45,60.0,-0.08,,9.90018,4.527465,0.3753663940433688,-0.5559707477060919,False,0
米鶴,純米 生酒,米鶴酒造,山形県,東置賜郡高畠町,置賜,純米,"['はえぬき', '出羽燦々']",1.0,1.3,0.9,15.0,65.0,-0.01,,10.29434,4.1006455,-0.17564770303830954,-0.6391097378763654,False,0
米鶴,盗み吟醸 大吟,米鶴酒造,山形県,東置賜郡高畠町,置賜,大吟醸,['雪女神'],3.0,1.2,0.9,15.45,60.0,-0.08,,9.569654,4.7685657,0.3659586951528857,-0.8772454233672783,False,0
米鶴,生酛 純米酒,米鶴酒造,山形県,東置賜郡高畠町,置賜,純米,"['出羽の里', '出羽きらり']",0.0,1.9,1.2,15.0,60.0,-0.61,,14.186133,2.467312,-0.7742316736744013,0.23981707984932926,False,1
米鶴,超辛純米,米鶴酒造,山形県,東置賜郡高畠町,置賜,純米,"['出羽の里', 'はえぬき']",8.5,1.4,1.2,15.0,65.0,-0.82,,12.000775,1.5304323,0.18541310084256188,0.47983781258870756,False,1
米鶴,純米かすみ酒,米鶴酒造,山形県,東置賜郡高畠町,置賜,純米,"['出羽きらり', '出羽の里']",2.0,1.6,0.9,15.0,65.0,-0.45,,10.636863,3.8649828,-0.4584841785970823,-0.5014675636708096,False,0
米鶴,純米辛口 しぼりたて,米鶴酒造,山形県,東置賜郡高畠町,置賜,純米,"['出羽きらり', '出羽の里']",5.0,1.4,0.9,15.0,65.0,-0.5,,10.238225,4.1852527,-0.05140179071980071,-0.5373373486663141,False,0
豊の秋,純米 ひやおろし,米田酒造,島根県,松江市,出雲,純米,['五百万石'],4.5,1.7,1.4,16.0,70.0,-0.8,,11.569747,-0.28143778,-0.07068282720655464,1.690775735809717,False,0
豊の秋,豊秋庵,米田酒造,島根県,松江市,出雲,純米吟醸,['山田錦'],4.0,1.4,0.9,15.0,60.0,-0.4,,9.703053,5.152012,0.00665940445643957,-0.8670325438944536,False,0
豊の秋,雀と稲穂,米田酒造,島根県,松江市,出雲,特別純米,['山田錦'],4.0,1.4,0.9,15.0,60.0,-0.4,,9.653051,5.145354,0.00665940445643957,-0.8670325438944536,False,0
豊の秋,純米辛口 金五郎,米田酒造,島根県,松江市,出雲,純米,"['五百万石', '山田錦']",8.0,1.5,0.9,15.0,60.0,-0.89,,9.700506,5.1796155,0.13090531677494807,-0.7652601546844023,False,0
豊の秋,ＭＯＴＯＺＡＫＥ純米,米田酒造,島根県,松江市,出雲,純米,['五百万石'],4.0,1.5,1.4,15.45,60.0,-0.52,,10.037519,0.04624474,0.13016071404652854,0.8667701291442088,False,0
豊の秋,純米 木槽搾り 生原酒,米田酒造,島根県,松江市,出雲,純米,['五百万石'],5.5,1.7,1.2,17.0,70.0,-0.89,,8.342176,1.9050581,0.393671709699236,1.2559798554952122,False,0
豊の秋,純米 夏の生酒,米田酒造,島根県,松江市,出雲,純米,['五百万石'],4.5,1.5,1.2,15.0,70.0,-0.57,,11.593453,1.3461751,-0.28478108316323236,0.7741167660431364,False,0
豊の秋,無垢之酒,米田酒造,島根県,松江市,出雲,純米吟醸,['山田錦'],3.5,1.7,1.0,16.0,55.0,-0.71,,7.7287345,3.8751025,0.18506527412646984,-0.5529221900786108,False,0
峰乃白梅,吟醸原酒 ミニ斗瓶入り,峰乃白梅酒造,新潟県,新潟市,下越,吟醸,['五百万石'],0.0,1.7,1.8,17.0,60.0,-0.38,,8.803626,-0.8198812,0.35764849850370195,2.4708863847345883,False,0
峰乃白梅,純米吟醸 ひやおろし,峰乃白梅酒造,新潟県,新潟市,下越,純米吟醸,['山酒4号'],1.0,1.4,1.0,16.0,55.0,-0.13,,7.7235074,4.5368686,0.37850526616056546,-0.7134291361147937,False,0
峰乃白梅,純米吟醸 しぼりたて,峰乃白梅酒造,新潟県,新潟市,下越,純米吟醸,['山酒4号'],1.0,1.4,1.0,16.0,55.0,-0.13,,7.7662153,4.5568633,0.37850526616056546,-0.7134291361147937,False,0
峰乃白梅,純米吟醸,峰乃白梅酒造,新潟県,新潟市,下越,純米吟醸,['五百万石'],3.0,1.6,1.3,15.0,65.0,-0.54,,12.653131,1.6815313,-0.36125572735203176,0.7988743201943537,False,0
峰乃白梅,吟醸,峰乃白梅酒造,新潟県,新潟市,下越,吟醸,['五百万石'],4.0,1.2,1.2,15.0,65.0,-0.17,,11.567692,2.0480208,0.1455130710964577,0.32964416844006794,False,0
峰乃白梅,純米,峰乃白梅酒造,新潟県,新潟市,下越,純米,['五百万石'],2.0,1.8,1.2,15.0,65.0,-0.68,,12.885664,1.831222,-0.65855050275356,0.5439557919695076,False,0
峰乃白梅,本醸造,峰乃白梅酒造,新潟県,新潟市,下越,本醸造,['五百万石'],9.0,1.2,1.1,15.0,65.0,-0.63,,11.734315,2.6621556,0.4340936506215649,0.08458539888097225,False,0
峰乃白梅,純米吟醸 一度火入れ,峰乃白梅酒造,新潟県,新潟市,下越,純米吟醸,['山酒4号'],1.0,1.4,1.0,16.0,55.0,-0.13,,7.763466,4.5176263,0.37850526616056546,-0.7134291361147937,False,0
峰乃白梅,純米吟醸 生酒,峰乃白梅酒造,新潟県,新潟市,下越,純米吟醸,['山酒4号'],1.0,1.4,1.0,16.0,55.0,-0.13,,7.778174,4.5395617,0.37850526616056546,-0.7134291361147937,False,0
鳳鳴,純米吟醸,鳳鳴酒造,兵庫県,丹波篠山市,丹波,純米吟醸,"['山田錦', '五百万石']",2.0,1.5,1.4,15.5,50.0,-0.34,,8.731421,-1.9748273,0.26746171834919125,0.21700525317730215,False,0
鳳鳴,丹波篠山 田舎酒 純米,鳳鳴酒造,兵庫県,丹波篠山市,丹波,純米,['五百万石'],6.0,1.6,1.5,15.5,65.0,-0.82,,10.74023,-0.48177236,0.048138776980108,1.5834083600717048,False,0
鳳鳴,夢の扉 純米吟醸 音楽振動醸造酒,鳳鳴酒造,兵庫県,丹波篠山市,丹波,純米吟醸,"['山田錦', '五百万石']",0.0,1.5,1.4,15.5,60.0,-0.15,,10.021187,0.07497699,-0.0870512947357615,0.8154229187519092,False,0
富翁,吟の司 大吟醸純米,北川本家,京都府,京都市伏見区,伏見,純米大吟醸,['五百万石'],4.0,1.2,1.2,14.0,49.0,-0.17,,4.1928806,9.681448,0.0984491148427656,-0.8691125661720908,False,1
富翁,純米大吟醸 全量山田錦,北川本家,京都府,京都市伏見区,伏見,純米大吟醸,['山田錦'],5.0,1.2,1.2,15.0,39.0,,,1.8014921,4.037092,0.8169367512482391,-1.2902631231796664,False,1
富翁,山田錦４９ ひとつ火,北川本家,京都府,京都市伏見区,伏見,純米大吟醸,['山田錦'],1.0,1.5,1.2,15.0,49.0,-0.24,,2.0832098,9.206133,0.0007942955551592953,-0.5999328270607575,False,1
富翁,山田錦 純米酒,北川本家,京都府,京都市伏見区,伏見,純米,['山田錦'],4.0,1.4,1.2,14.0,68.0,-0.4,,12.171536,2.6741283,-0.5769439392507231,0.4074044157140099,False,1
富翁,大吟醸 山田錦,北川本家,京都府,京都市伏見区,伏見,大吟醸,['山田錦'],2.0,1.1,1.2,15.0,39.0,0.13,,1.7480551,4.062683,0.7522884946128483,-1.3767923311692998,False,1
富翁,大吟醸純米 吟例麗,北川本家,京都府,京都市伏見区,伏見,純米大吟醸,['国内産米'],3.0,1.2,1.2,15.0,49.0,-0.08,,4.012997,9.770619,0.46242373816328614,-0.6918454576050592,False,1
富翁,大吟醸純米 ささにごり,北川本家,京都府,京都市伏見区,伏見,純米大吟醸,['国内産米'],3.5,1.5,1.2,17.0,49.0,-0.47,,6.1577015,3.151082,0.996932992770232,-0.17680429443481324,False,1
富翁,純米酒 美肌,北川本家,京都府,京都市伏見区,伏見,純米,['国内産米'],2.5,1.3,1.2,13.0,68.0,-0.15,,12.526622,3.1178517,-0.9757679913650754,0.1512296897675541,False,1
富翁,大吟醸 生酒,北川本家,京都府,京都市伏見区,伏見,大吟醸,['八反錦'],5.0,1.2,1.2,15.0,49.0,-0.27,,4.063411,9.579506,0.5816190495295224,-0.6613590951642232,False,1
富翁,大吟醸原酒 斗瓶採,北川本家,京都府,京都市伏見区,伏見,大吟醸,['山田錦'],1.5,1.3,1.2,17.0,39.0,-0.06,,3.1639118,3.885635,1.3413448039506395,-0.9177940135478512,False,1
富翁,大吟醸 秘蔵酒,北川本家,京都府,京都市伏見区,伏見,大吟醸,['山田錦'],5.0,1.2,1.2,16.0,39.0,-0.27,,2.1914148,4.0040956,1.2405090302518778,-1.0977528333922169,False,1
富翁,純米吟醸 純金酒,北川本家,京都府,京都市伏見区,伏見,純米吟醸,[],3.0,1.2,1.2,15.0,58.0,-0.08,,13.45096,4.544442,0.2506378066164412,-0.1258318323911603,False,1
富翁,純米吟醸 祇園小町,北川本家,京都府,京都市伏見区,伏見,純米吟醸,[],3.0,1.3,1.2,15.0,58.0,-0.2,,13.493255,4.581785,0.13649309620247754,-0.08503216806278101,False,1
鳴門鯛,純米大吟醸,本家松浦酒造場,徳島県,鳴門市,東部,純米大吟醸,['山田錦'],0.0,1.3,1.1,16.45,60.0,0.08,,9.308604,2.9953465,0.5154086944741728,-0.04711566159033062,False,0
鳴門鯛,しぼりたて生原酒,本家松浦酒造場,徳島県,鳴門市,東部,吟醸,['山田錦'],5.0,1.4,1.2,18.5,60.0,-0.5,,7.689322,1.0305998,1.5769831333237425,0.7858206785655962,False,0
鳴門鯛,水ト米,本家松浦酒造場,徳島県,鳴門市,東部,純米,['山田錦'],0.0,1.1,1.2,14.45,60.0,0.31,,13.31609,4.4347515,-0.09403874381469436,-0.1924608941608024,False,0
鳴門鯛,特別純米 「大鯛」ラベル,本家松浦酒造場,徳島県,鳴門市,東部,特別純米,['山田錦'],3.0,1.5,1.5,15.45,60.0,-0.43,,10.000031,-0.51356673,0.07997075725389359,1.1728016235849774,False,0
鳴門鯛,吟醸 しぼりたて無濾過生原酒 夏生,本家松浦酒造場,徳島県,鳴門市,東部,吟醸,['山田錦'],5.0,1.5,1.4,19.45,58.0,-0.61,,7.7542415,0.45363748,1.9311110260879447,1.5262736639113363,False,0
鳴門鯛,オントゥ・ザ・テーブル 純米吟醸,本家松浦酒造場,徳島県,鳴門市,東部,純米吟醸,[],2.0,1.6,1.5,15.45,55.0,-0.45,,9.150513,-1.7490588,0.02388724201617016,0.8839060926852169,False,0
鳴門鯛,大吟醸 慶,本家松浦酒造場,徳島県,鳴門市,東部,大吟醸,['山田錦'],3.0,1.3,1.3,16.0,65.0,-0.2,,10.04063,1.4569907,0.4047506828934978,0.8689856169966653,False,0
鳴門鯛,純米吟醸 なごみ純吟,本家松浦酒造場,徳島県,鳴門市,東部,純米吟醸,['山田錦'],3.0,1.6,1.1,16.45,55.0,-0.54,,7.1755753,3.0435688,0.46942638114099444,-0.19343913895166023,False,0
鳴門鯛,特別純米 ひやおろし,本家松浦酒造場,徳島県,鳴門市,東部,特別純米,['山田錦'],3.0,1.5,1.5,15.45,60.0,-0.43,,10.040076,-0.5901426,0.07997075725389359,1.1728016235849774,False,0
鳴門鯛,吟醸生酒 新酒しぼりたて,本家松浦酒造場,徳島県,鳴門市,東部,吟醸,['山田錦'],5.0,1.4,1.1,15.45,58.0,-0.5,,12.070801,4.927122,0.3227435238159043,-0.24839118655039935,False,0
鳴門鯛,純米吟醸原酒 大古酒 月読酒,本家松浦酒造場,徳島県,鳴門市,東部,純米吟醸,['国内産米'],13.0,2.6,3.2,18.45,58.0,-2.62,,10.258762,-1.8557073,0.8980667580243473,7.687449293400757,False,0
鳴門鯛,吟醸しぼりたて生原酒 ハートラベル,本家松浦酒造場,徳島県,鳴門市,東部,吟醸,['山田錦'],4.0,1.4,1.5,18.5,58.0,-0.4,,7.884658,0.2025978,1.5926721146558172,1.6086207187256485,False,0
北洋,袋取り雫酒,本江酒造,富山県,魚津市,呉東,大吟醸,['山田錦'],5.0,1.2,1.2,16.45,60.0,-0.27,,9.57946,2.052544,0.9369493821942099,0.309575255844566,False,1
北洋,純米大吟醸 越中懐古,本江酒造,富山県,魚津市,呉東,純米大吟醸,['山田錦'],-4.0,1.5,1.2,16.45,60.0,0.22,,9.42311,2.49395,0.05813634980425648,0.2947856178459417,False,1
北洋,純米 越中懐古,本江酒造,富山県,魚津市,呉東,純米,['雄山錦'],0.0,1.5,1.2,15.45,60.0,-0.15,,15.791009,3.4571986,-0.12704530646690995,0.16324805294016428,False,1
北洋,蜃気楼の見える街 白冬,本江酒造,富山県,魚津市,呉東,吟醸,['雄山錦'],4.0,1.2,1.2,15.45,60.0,-0.17,,14.159581,5.0721993,0.45377944750745314,0.10182178483669853,False,1
北洋,蜃気楼の見える街 白冬,本江酒造,富山県,魚津市,呉東,吟醸,"['雄山錦', '山田錦']",3.0,1.2,1.2,15.45,50.0,-0.08,,3.8878844,9.762001,0.6294994935430517,-0.5423254243991628,False,1
名倉山,純米吟醸 ひやおろし,名倉山酒造,福島県,会津若松市,会津,純米吟醸,['山田錦'],-3.5,1.4,1.2,16.0,55.0,0.29,,9.527471,2.5931432,0.12913121336750044,-0.13947410028430238,False,0
名倉山,純米吟醸,名倉山酒造,福島県,会津若松市,会津,純米吟醸,"['山田錦', '夢の香']",2.0,1.2,1.0,16.0,60.0,0.01,,9.444846,3.9313998,0.5487334918122524,-0.4653332695434126,False,0
名倉山,純米吟醸 しぼりたて,名倉山酒造,福島県,会津若松市,会津,純米吟醸,['夢の香'],0.0,1.2,0.9,16.0,55.0,0.2,,8.0098715,4.4858103,0.5377893324148915,-1.1315463216531563,False,0
名倉山,純米吟醸 生酒,名倉山酒造,福島県,会津若松市,会津,純米吟醸,['山田錦'],-4.4,1.3,1.0,16.0,55.0,0.49,,7.773318,4.523872,0.17082263588569135,-0.8365419790334303,False,0
名倉山,純米酒 月弓,名倉山酒造,福島県,会津若松市,会津,純米,['夢の香'],-1.0,1.1,0.9,15.0,35.0,0.41,,3.1153822,4.861318,0.6393995115795316,-2.6379075130202896,False,0
名倉山,善き哉,名倉山酒造,福島県,会津若松市,会津,純米吟醸,['山田錦'],-3.5,1.3,1.2,16.0,60.0,0.41,,9.65501,2.416204,0.12561707292210553,0.13417824939504003,False,0
名倉山,無垢之酒,名倉山酒造,福島県,会津若松市,会津,純米吟醸,['山田錦'],-3.5,1.5,1.3,16.0,55.0,0.18,,12.652852,8.34998,0.024394201844019855,0.2226002397052635,False,0
名倉山,大吟醸,名倉山酒造,福島県,会津若松市,会津,大吟醸,['山田錦'],3.0,1.1,0.9,16.45,45.0,0.04,,4.0275855,4.530181,1.256652237148563,-1.6688908399313727,False,0
名倉山,純米吟醸 うすにごり 生酒,名倉山酒造,福島県,会津若松市,会津,純米吟醸,['夢の香'],-4.4,1.3,1.1,16.0,55.0,0.49,,7.709987,4.413351,0.18023033477617448,-0.5152673033722437,False,0
名倉山,大吟醸,名倉山酒造,福島県,会津若松市,会津,大吟醸,['山田錦'],3.0,1.1,0.9,16.0,40.0,0.04,,3.651593,4.6419673,1.1837035624562842,-2.0699724843434466,False,0
福小町,特別純米 しぼりたて生原酒,木村酒造,秋田県,湯沢市,県南,特別純米,['ぎんさん'],3.0,1.8,1.2,16.5,60.0,-0.78,,8.657068,1.9806082,0.1540644222943743,0.5335123938633783,False,1
福小町,純米吟醸 なごみ酒,木村酒造,秋田県,湯沢市,県南,純米吟醸,['美山錦'],2.0,1.3,1.2,16.5,55.0,-0.1,,7.212236,2.6462271,0.7828491695404326,-0.0001811230066577151,False,1
秀よし,特別純米酒 ひやおろし,鈴木酒造店,秋田県,大仙市,県南,特別純米,['めんこいな'],1.5,2.0,1.0,15.0,60.0,-0.87,,11.117154,5.0087028,-0.8177952983446541,-0.33906783531403684,False,0
秀よし,大吟醸,鈴木酒造店,秋田県,大仙市,県南,大吟醸,"['山田錦', '酒こまち']",3.5,1.1,0.8,15.45,60.0,-0.01,,9.3072195,4.80034,0.5004945345179251,-1.2316981727466345,False,0
秀よし,寒造り純米酒,鈴木酒造店,秋田県,大仙市,県南,特別純米,['めんこいな'],2.0,1.4,1.1,15.45,60.0,-0.22,,11.92438,4.7807746,0.09688701642280677,-0.1683399246085648,False,0
秀よし,金瓢 純金箔 本醸造,鈴木酒造店,秋田県,大仙市,県南,本醸造,['めんこいな'],1.5,1.2,0.8,15.0,60.0,0.06,,9.410554,4.9929576,0.07654698718608836,-1.3080145012634434,False,0
秀よし,本醸造生貯 瓢箪,鈴木酒造店,秋田県,大仙市,県南,本醸造,['めんこいな'],1.5,1.2,1.0,14.5,60.0,0.06,,10.699237,4.595452,-0.1164237545347648,-0.761720294834796,False,0
秀よし,ラシャンテ,鈴木酒造店,秋田県,大仙市,県南,特別純米,['あきたこまち'],-74.0,4.7,1.2,8.45,60.0,3.39,,14.603043,-1.571787,-11.154908513289953,-1.0067301273747784,False,1
秀よし,純米 しぼりたて,鈴木酒造店,秋田県,大仙市,県南,純米,['めんこいな'],1.0,2.1,1.2,17.0,65.0,-0.94,,8.2236595,1.847783,-0.21343773167129154,1.0361321833091268,False,0
秀よし,特別純米 生酒,鈴木酒造店,秋田県,大仙市,県南,特別純米,['めんこいな'],1.5,1.7,1.2,15.0,60.0,-0.52,,14.213468,2.781121,-0.4565457693217971,0.18108252302319774,False,0
秀よし,爽快純米酒,鈴木酒造店,秋田県,大仙市,県南,特別純米,['めんこいな'],1.0,1.8,1.0,13.0,60.0,-0.59,,12.671047,3.2506788,-1.4664492633655635,-0.8133093341559036,False,0
秀よし,特別純米 寒おろし,鈴木酒造店,秋田県,大仙市,県南,特別純米,['ぎんさん'],3.0,1.7,1.2,15.0,60.0,-0.66,,14.259016,2.759661,-0.36714928579712003,0.20394729485382476,False,0
秀よし,とろとろと,鈴木酒造店,秋田県,大仙市,県南,純米,['めんこいな'],-14.0,2.1,1.0,17.45,65.0,0.47,,8.242271,2.635071,-0.9356104391473913,0.25156474408483603,False,0
秀よし,特別純米酒 雪国酵母,鈴木酒造店,秋田県,大仙市,県南,特別純米,"['めんこいな', 'ぎんさん']",1.0,1.7,1.1,15.0,60.0,-0.47,,11.475834,5.122299,-0.4957522960538392,-0.1478137432481971,False,0
秀よし,純米吟醸酒 花見酒,鈴木酒造店,秋田県,大仙市,県南,純米吟醸,['秋田酒こまち'],2.5,1.4,0.5,15.45,50.0,-0.27,,8.63661,4.5552816,0.3055573526401837,-2.7172704159809173,False,0
榮川,ひやおろし 純米吟醸原酒 夢の香,榮川酒造,福島県,耶麻郡磐梯町,会津,純米吟醸,['夢の香'],3.0,1.55,1.7,16.0,60.0,-0.49,,9.662785,-1.0009042,0.27467855327987956,1.9416314664546366,False,0
榮川,大吟醸 栄四郎,榮川酒造,福島県,耶麻郡磐梯町,会津,大吟醸,['山田錦'],4.0,1.15,1.05,16.0,60.0,-0.11,,9.387366,3.8490884,0.729705007830712,-0.294609401436173,False,0
榮川,純米大吟醸,榮川酒造,福島県,耶麻郡磐梯町,会津,純米大吟醸,['美山錦'],2.5,1.25,1.65,15.0,60.0,-0.09,,9.982903,-0.9382261,0.15903772823133108,1.458463255241247,False,0
榮川,純米吟醸,榮川酒造,福島県,耶麻郡磐梯町,会津,純米吟醸,['トヨニシキ'],2.5,1.25,1.55,15.0,60.0,-0.09,,10.345776,-0.70404917,0.14963002934084793,1.1371885795800614,False,0
榮川,特別純米酒,榮川酒造,福島県,耶麻郡磐梯町,会津,特別純米,['美山錦'],3.5,1.25,1.45,15.0,60.0,-0.18,,10.439858,-0.2768159,0.19981998613348287,0.8311570851392927,False,0
榮川,初しぼり 特別純米生原酒,榮川酒造,福島県,耶麻郡磐梯町,会津,特別純米,['美山錦'],2.5,1.2,1.5,17.0,60.0,-0.03,,8.474314,-0.10933585,1.0491430931098658,1.3411719891601774,False,0
榮川,純米吟醸 Ｇｏ Ｂｅｙｏｎｄ,榮川酒造,福島県,耶麻郡磐梯町,会津,純米吟醸,['一般米'],-2.5,1.45,1.2,15.0,40.0,0.14,,2.0309205,4.8838167,0.06106078741807294,-1.2396974187103091,False,1
春鶯囀,春鶯囀乃かもさるゝ蔵,萬屋醸造店,山梨県,南巨摩郡富士川町,国中,大吟醸,['山田錦'],4.0,1.4,0.9,15.45,70.0,-0.4,,10.462432,3.6882424,-0.03805077171063994,-0.15149888547465823,False,0
春鶯囀,冨嶽,萬屋醸造店,山梨県,南巨摩郡富士川町,国中,純米吟醸,['美山錦'],4.0,1.8,1.1,16.45,70.0,-0.87,,8.457507,2.1486979,-0.05224193658188949,0.8467594129486812,False,0
春鶯囀,鷹座巣,萬屋醸造店,山梨県,南巨摩郡富士川町,国中,純米,['玉栄'],5.0,1.9,1.4,15.45,70.0,-1.08,,11.664205,-0.25179392,-0.5021381736449242,1.6741159956935874,False,0
春鶯囀,純米酒,萬屋醸造店,山梨県,南巨摩郡富士川町,国中,純米,"['玉栄', 'あさひの夢']",3.0,1.9,1.2,15.45,70.0,-0.89,,12.898303,0.64433223,-0.6401488827921266,1.0010802819303788,False,0
醉心,純米大吟醸 生地 名誉醉心,醉心山根本店,広島県,三原市,備後,純米大吟醸,"['山田錦', '一般米']",3.0,1.5,1.2,17.0,60.0,-0.43,,7.6782217,1.6942962,0.7082846930380846,0.5073685457719652,False,1
醉心,袋取り雫酒,醉心山根本店,広島県,三原市,備後,純米大吟醸,['山田錦'],1.5,1.4,1.2,16.45,60.0,-0.17,,9.48081,2.2741303,0.5000681664753696,0.3378234502298615,False,1
酔心,杜氏入魂 新米新酒,醉心山根本店,広島県,三原市,備後,純米,['中生新千本'],3.5,1.6,1.2,18.0,65.0,-0.59,,7.705655,1.1083351,0.9298522386099605,1.0627521045057249,False,1
酔心,窮極の醉心 大吟醸,醉心山根本店,広島県,三原市,備後,大吟醸,['山田錦'],2.5,1.2,1.2,17.0,60.0,-0.03,,7.6725826,1.9318706,1.0209199964384164,0.37734796217661837,False,1
醉心,杜氏入魂 純米生原酒,醉心山根本店,広島県,三原市,備後,純米,['中生新千本'],3.5,1.6,1.2,18.0,65.0,-0.59,,7.695146,1.0453396,0.9298522386099605,1.0627521045057249,False,1
醉心,杜氏入魂 八反３５号,醉心山根本店,広島県,三原市,備後,純米吟醸,['八反35号'],4.0,1.3,1.2,15.0,65.0,-0.29,,11.743133,2.01487,0.03136836068249406,0.3704438327684473,False,1
醉心,ひやおろし 瓶囲い純米酒,醉心山根本店,広島県,三原市,備後,純米,[],0.0,1.9,1.2,15.0,65.0,-0.61,,12.9974575,1.9034632,-0.8918905245337595,0.5542690938570508,False,1
英勲,一吟 純米大吟醸,齊藤酒造,京都府,京都市伏見区,伏見,純米大吟醸,['山田錦'],3.0,1.2,1.2,15.0,35.0,-0.08,,0.72089446,3.689648,0.7918685205694895,-1.5723110968266798,False,1
英勲,純米酒,齊藤酒造,京都府,京都市伏見区,伏見,純米,[],3.0,1.2,1.2,15.0,60.0,-0.08,,13.48579,4.537709,0.20357426627269784,-5.1026788071669285e-05,False,1
英勲,井筒屋伊兵衛 祝米三割五分磨き,齊藤酒造,京都府,京都市伏見区,伏見,純米大吟醸,['祝'],2.0,1.2,1.2,15.0,35.0,0.01,,0.749255,3.7492821,0.7322708648863716,-1.5875542780470977,False,1
英勲,井筒屋伊兵衛 純米大吟醸,齊藤酒造,京都府,京都市伏見区,伏見,純米大吟醸,['祝'],3.0,1.3,1.2,15.0,40.0,-0.2,,1.8012232,4.219455,0.5600649592961676,-1.2170594184905787,False,1
英勲,水天一碧 純米大吟醸,齊藤酒造,京都府,京都市伏見区,伏見,純米大吟醸,[],4.0,1.2,1.1,15.0,45.0,-0.17,,3.4248,7.500996,0.6067407756434079,-1.2494385632520042,False,0
英勲,純米大吟醸,齊藤酒造,京都府,京都市伏見区,伏見,純米大吟醸,[],2.0,1.2,1.2,13.0,50.0,0.01,,12.758368,3.7626064,-0.46785024569898087,-1.029218815598832,False,1
英勲,古都千年 純米大吟醸,齊藤酒造,京都府,京都市伏見区,伏見,純米大吟醸,['祝'],0.0,1.2,1.2,15.0,45.0,0.2,,3.4174914,7.675779,0.37775785180141874,-0.9891366124724906,False,1
英勲,古都千年 純米吟醸,齊藤酒造,京都府,京都市伏見区,伏見,純米吟醸,['祝'],3.0,1.3,1.2,15.0,55.0,-0.2,,13.970505,8.010306,0.20708840671809256,-0.273703376467414,False,1
英勲,古都千年 純米吟醸,齊藤酒造,京都府,京都市伏見区,伏見,純米,['祝'],3.0,1.3,1.4,15.5,70.0,-0.2,,11.170927,0.54417217,0.08471339142280318,1.4084571617718482,False,0
大鷹,特別純米酒,齊藤酒造,京都府,京都市伏見区,伏見,特別純米,"['祝', '京の輝き']",3.0,1.3,1.2,15.0,60.0,-0.2,,13.43445,4.4658203,0.08942955585873423,0.040748637540307636,False,1
醸し人九平次,純米大吟醸 山田錦,萬乗酒造,愛知県,名古屋市,尾張,純米大吟醸,['山田錦'],0.0,1.7,1.2,16.5,50.0,-0.38,15.0,6.2355514,3.089951,0.32473386737770044,-0.1819208421416982,False,1
醸し人九平次,純米大吟醸 雄町,萬乗酒造,愛知県,名古屋市,尾張,純米大吟醸,['雄町'],0.0,1.7,1.2,16.5,50.0,-0.38,15.0,6.223448,3.072784,0.32473386737770044,-0.1819208421416982,False,1
醸し人九平次,別誂 純米大吟醸,萬乗酒造,愛知県,名古屋市,尾張,純米大吟醸,['山田錦'],0.0,1.6,1.2,16.5,35.0,-0.27,15.0,3.023778,3.8757687,0.791855130369739,-1.1660765484932423,False,1
